datetime,open,high,low,close,date,intraday_return,intraday_range,upper_shadow,lower_shadow,close_to_close_return,open_to_open_return,overnight_gap,ma5,deviation_ma5,ma10,deviation_ma10,ma20,deviation_ma20,ma60,deviation_ma60,volatility_5d,realized_vol_5d,volatility_10d,realized_vol_10d,volatility_20d,realized_vol_20d,volatility_60d,realized_vol_60d,quantile_20d_30,quantile_20d_50,quantile_20d_70,quantile_20d_90,pctrank_20d,quantile_60d_30,quantile_60d_50,quantile_60d_70,quantile_60d_90,pctrank_60d,zscore_20d,zscore_60d,rsi_6,rsi_14,activity_proxy,weekday,month
2022/9/19 15:00,22.89,23.64,21.82,22.91,2022-09-19 15:00:00,0.0008737439930100294,0.07951070336391439,0.03189165574486677,0.046745303626037585,,,,,,,,,,,,,,,,,,,,,,,,,,,,,,,,,,1.8215902140672786,0,9
2022/9/20 15:00,22.96,38.84,21.69,22.15,2022-09-20 15:00:00,-0.0352787456445994,0.7469512195121952,0.691637630662021,0.020034843205574793,-0.0331732867743344,0.003058103975535076,0.00218245307725887,,,,,,,,,,,,,,,,,,,,,,,,,,,,,,,16.544969512195124,1,9
2022/9/21 15:00,22.5,23.27,21.76,22.27,2022-09-21 15:00:00,-0.010222222222222242,0.06711111111111102,0.0342222222222222,0.022666666666666578,0.005417607223476395,-0.020034843205574915,0.015801354401805936,,,,,,,,,,,,,,,,,,,,,,,,,,,,,,,1.4945644444444426,2,9
2022/9/22 15:00,22.77,23.6,22.06,22.28,2022-09-22 15:00:00,-0.021519543258673626,0.06763285024154601,0.03645147123408001,0.009661835748792378,0.00044903457566247695,0.01200000000000001,0.0224517287831163,,,,,,,,,,,,,,,,,,,,,,,,,,,,,,,1.5068599033816452,3,9
2022/9/23 15:00,22.65,23.81,22.11,22.56,2022-09-23 15:00:00,-0.003973509933774828,0.07505518763796906,0.0512141280353201,0.019867549668874142,0.012567324955116588,-0.005270092226614009,0.016606822262118376,22.434,0.005616474993313616,,,,,,,,0.20725221437334715,,,,,,,,,,,,,,,,,,,,,1.693245033112582,4,9
2022/9/26 15:00,23.75,24.34,23.07,24.14,2022-09-26 15:00:00,0.01642105263157897,0.0534736842105263,0.008421052631578918,0.02863157894736841,0.07003546099290792,0.04856512141280356,0.05274822695035467,22.68,0.06437389770723108,,,,,,,0.03735435003854792,0.20204481054266954,,,,,,,,,,,,,,,,,,,,,1.2908547368421048,0,9
2022/9/27 15:00,24.26,30.07,23.27,23.5,2022-09-27 15:00:00,-0.031327287716405666,0.2802967848309975,0.23948887056883753,0.009480626545754345,-0.026512013256006606,0.02147368421052631,0.004971002485501284,22.95,0.023965141612200466,,,,,,,0.035452779009181694,0.10871392360642998,,,,,,,,,,,,,,,,,,,58.702064896755154,,6.586974443528441,1,9
2022/9/28 15:00,23.92,25.05,23.77,25.05,2022-09-28 15:00:00,0.04724080267558524,0.05351170568561877,0.0,0.0062709030100335334,0.06595744680851068,-0.014014839241549892,0.01787234042553199,23.506,0.06568535693014552,,,,,,,0.04217600404913192,0.10599404252133153,,,,,,,,,,,,,,,,,,,84.688995215311,,1.3404682274247501,2,9
2022/9/29 15:00,25.0,25.5,24.14,24.14,2022-09-29 15:00:00,-0.03439999999999998,0.054399999999999976,0.02,0.0,-0.0363273453093812,0.04515050167224066,-0.0019960079840319646,23.878,0.010972443253203805,,,,,,,0.0499155222656463,0.10334747247302231,,,,,,,,,,,,,,,,,,,68.8128772635815,,1.3132159999999995,3,9
2022/9/30 15:00,24.46,25.63,23.27,23.27,2022-09-30 15:00:00,-0.0486508585445626,0.09648405560098117,0.047833197056418565,0.0,-0.036039768019884066,-0.021599999999999953,0.013256006628003325,24.02,-0.03122398001665279,23.227,0.0018512937529598856,,,,,0.055455594347629596,0.10763324606562477,,0.15744273021948593,,,,,,,,,,,,,,,,,58.49056603773583,,2.245183973834832,4,9
2022/10/10 15:00,24.49,24.79,23.22,24.39,2022-10-10 15:00:00,-0.0040832993058390315,0.06410779910167416,0.012249897917517384,0.04777460187831775,0.04813064030941128,0.0012264922322158256,0.05242801890846579,24.07,0.013294557540506867,23.375,0.04342245989304815,,,,,0.04985506136049641,0.10976006904385431,0.04174552090918025,0.15590243979326193,,,,,,,,,,,,,,,,,63.71814092953524,,1.563589220089833,0,10
2022/10/11 15:00,24.68,24.77,23.84,23.95,2022-10-11 15:00:00,-0.029578606158833082,0.03768233387358184,0.0036466774716369475,0.004457050243111808,-0.018040180401804107,0.007758268681094416,0.011890118901188977,24.16,-0.008692052980132486,23.555,0.01676926342602418,,,,,0.0487308329912618,0.06123717885237119,0.04037722744636681,0.08497555122940058,,,,,,,,,,,,,,,,,48.28209764918625,,0.902491896272285,1,10
2022/10/12 15:00,24.28,25.03,23.2,23.72,2022-10-12 15:00:00,-0.023064250411861706,0.07537067545304785,0.03088962108731466,0.02141680395387148,-0.009603340292275608,-0.01620745542949753,0.013778705636743292,23.894,-0.007282162886080167,23.7,0.0008438818565400664,,,,,0.03469317273216492,0.06560897280585701,0.040784622186133324,0.08580150766359426,,,,,,,,,,,,,,,,,52.148437499999986,,1.7877924217462948,2,10
2022/10/13 15:00,24.09,24.54,23.77,23.77,2022-10-13 15:00:00,-0.013283520132835213,0.03196347031963469,0.018679950186799472,0.0,0.002107925801011934,-0.00782537067545308,0.015598650927487395,23.82,-0.002099076406381222,23.848999999999997,-0.00331250786196474,,,,,0.031628258358725694,0.061121666869783944,0.04075810201419917,0.08223456967140313,,,,,,,,,,,,,,,,,32.32044198895028,,0.7597716894977166,3,10
2022/10/14 15:00,23.89,24.03,22.66,22.67,2022-10-14 15:00:00,-0.05106739221431556,0.05734616994558397,0.005860192549183783,0.00041858518208461964,-0.046276819520403745,-0.00830220008302196,0.005048380311316828,23.7,-0.04345991561181425,23.860000000000003,-0.04987426655490365,,,,,0.0345255444615152,0.053294089738704496,0.04401887803850737,0.08046366790216462,,,,,,,,,,,,,,,,,30.70866141732286,48.75776397515529,1.3000376726663887,4,10
2022/10/17 15:00,23.67,24.17,22.29,22.4,2022-10-17 15:00:00,-0.053654414871145036,0.07942543303760044,0.021123785382340513,0.004647232784114889,-0.011910013233348171,-0.009208874005860124,0.044111160123511246,23.302,-0.03870912368037083,23.686,-0.05429367558895556,,,,,0.018052832650366883,0.056357616525889755,0.03685477444805904,0.08305884278487205,,,,,,,,,,,,,,,,,36.44859813084113,51.36314067611777,1.7791297000422497,0,10
2022/10/18 15:00,22.75,22.97,21.33,21.49,2022-10-18 15:00:00,-0.055384615384615456,0.07208791208791211,0.00967032967032962,0.007032967032967039,-0.04062500000000002,-0.038867765103506646,0.015625000000000066,22.81,-0.05786935554581325,23.485,-0.08494783904619975,,,,,0.021036898522190667,0.0632387321687558,0.03794538444271949,0.062237955510563506,,,,,,,,,,,,,,,,,1.6666666666666856,46.08433734939759,1.549169230769231,1,10
2022/10/19 15:00,21.57,24.96,20.45,21.25,2022-10-19 15:00:00,-0.014835419564209563,0.20908669448307843,0.15716272600834494,0.037088548910523905,-0.011167985109353129,-0.051868131868131884,0.003722661703117815,22.316,-0.04776841727908223,23.105,-0.08028565245617833,,,,,0.020830754236925042,0.08998193597476192,0.027615727188355445,0.07779545439030947,,,,,,,,,,,,,,,,,1.7857142857143202,44.94602551521099,4.443092257765416,2,10
2022/10/20 15:00,21.58,22.57,21.43,22.1,2022-10-20 15:00:00,0.02409638554216882,0.05282669138090828,0.021779425393883174,0.006950880444856283,0.040000000000000036,0.00046360686138147145,0.015529411764705802,21.982,0.005368028386862074,22.901,-0.03497663857473466,,,,,0.03420187120215287,0.09415458018701664,0.03162291816905479,0.0776381235284003,,,,,,,,,,,,,,,,,26.315789473684262,47.86245353159853,1.1674698795180731,3,10
2022/10/21 15:00,22.15,23.36,22.15,22.79,2022-10-21 15:00:00,0.028893905191873615,0.054627539503386044,0.02573363431151243,0.0,0.031221719457013464,0.02641334569045406,0.0022624434389138985,22.006,0.03562664727801504,22.852999999999998,-0.002756749660875983,23.04,-0.010850694444444444,,,0.03346809101231634,0.09361085409857706,0.03222464970187707,0.07345247191864078,,0.11544760106906335,,,22.364,22.85,23.735,24.165,0.5,,,,,,-0.24564542253266633,,37.93103448275861,43.16109422492401,1.2449616252821678,4,10
2022/10/24 15:00,23.65,27.67,23.0,26.55,2022-10-24 15:00:00,0.1226215644820297,0.19746300211416498,0.04735729386892182,0.02748414376321347,0.16498464238701183,0.06772009029345383,0.03773584905660375,22.836,0.1626379400945876,23.069,0.1508951406649617,23.222,0.1433123761949875,,,0.07868955426562116,0.11721836791388998,0.06079243723800237,0.08678799221988986,0.050778797762322796,0.12134521600657591,,,22.364,23.03,23.823999999999998,24.456000000000003,1.0,,,,,,2.592071773370319,,78.86904761904759,61.73979984603541,5.242642706131081,0,10
2022/10/25 15:00,26.7,28.91,24.72,25.65,2022-10-25 15:00:00,-0.03932584269662924,0.1569288389513109,0.08277153558052437,0.034831460674157294,-0.033898305084745894,0.12896405919661746,0.00564971751412424,23.668,0.08374176102754771,23.239,0.10374800981109332,23.397,0.0962943967175279,,,0.07707405784434879,0.13418655328656973,0.06180555235745123,0.09871264272766277,0.05081040797768363,0.09184409697853167,,,22.512,23.384999999999998,24.006999999999998,25.110000000000003,0.95,,,,,,1.6493258831175908,,72.10884353741496,52.43111831442463,4.025224719101124,1,10
2022/10/26 15:00,26.03,26.1,23.48,24.48,2022-10-26 15:00:00,-0.059546676911256265,0.10065309258547833,0.0026892047637341637,0.038417210910487894,-0.04561403508771922,-0.025093632958801404,0.014814814814814916,24.314,0.006827342271942106,23.315,0.04996783186789616,23.5075,0.04136977560353079,,,0.08383594096284623,0.11249983290704971,0.06398702433375095,0.10124088444090582,0.05223593922911576,0.09352119605225004,,,22.637,23.61,24.14,25.110000000000003,0.85,,,,,,0.7153791979239718,,69.64520367936927,51.34920634920635,2.4639877064925098,2,10
2022/10/27 15:00,23.91,24.92,23.12,23.43,2022-10-27 15:00:00,-0.020075282308657485,0.07528230865746552,0.04224173985780015,0.012965286491007894,-0.04289215686274517,-0.08144448713023433,-0.023284313725490207,24.580000000000002,-0.046786004882017986,23.281,0.006400068725570247,23.564999999999998,-0.005728835136855422,,,0.08968675674885261,0.11699095636236116,0.06576156133810061,0.10557276827468891,0.05336396906199316,0.09390366897304601,,,22.754,23.61,24.14,25.110000000000003,0.45,,,,,,-0.10159993596660581,,62.94536817102137,50.62597809076683,1.763864491844417,3,10
2022/10/28 15:00,23.72,25.85,23.72,25.17,2022-10-28 15:00:00,0.06112984822934245,0.08979763912310298,0.02866779089376053,0.0,0.07426376440460958,-0.007946465913843626,0.012377294067434876,25.056,0.0045498084291188045,23.531,0.0696527984361057,23.6955,0.062227005127555975,,,0.09364028444347709,0.12402497628630456,0.0672884864130385,0.1088179151924408,0.05563220309937585,0.09464079154730272,,,23.126,23.744999999999997,24.215,25.218000000000004,0.9,,,,,,1.089967735911416,,66.48764769065521,52.91044776119403,2.2602065767285024,4,10
2022/10/31 15:00,26.49,27.4,25.34,26.75,2022-10-31 15:00:00,0.009815024537561404,0.07776519441298599,0.024537561343903308,0.04341260853152128,0.06277314263011524,0.11677908937605386,0.05244338498212144,25.096,0.06590691743704176,23.966,0.11616456646916459,23.826,0.12272307563166286,,,0.060171058366265046,0.10008541474606873,0.06842105469347454,0.10865189132997936,0.05522053100302131,0.0958553670574257,,,23.126,23.744999999999997,24.417,25.74,1.0,,,,,,1.931064917007249,,69.41176470588235,59.62861072902339,2.0802189505473754,0,10
2022/11/1 15:00,26.63,27.52,23.81,23.89,2022-11-01 15:00:00,-0.10289147577919634,0.1393165602703718,0.03342095381149082,0.0030041306796846357,-0.10691588785046724,0.005285013212533052,-0.004485981308411252,24.744,-0.03451341739411572,24.206,-0.013054614558373914,23.845499999999998,0.001866180201715329,,,0.07766143324004504,0.0965629590098809,0.07754075572243789,0.11537475614822534,0.060433192928032536,0.08880635582939442,,,23.126,23.83,24.417,25.74,0.55,,,,,,0.029425744070820454,,35.6989247311828,50.49504950495051,3.328272624859182,1,11
2022/11/2 15:00,24.31,24.33,22.77,22.96,2022-11-02 15:00:00,-0.05553270259152603,0.06417112299465236,0.0008227067050596287,0.007815713698066691,-0.03892842193386348,-0.08711978971085244,0.0175805776475512,24.440000000000005,-0.06055646481178411,24.377000000000002,-0.05812856381014897,23.741,-0.0328966766353565,,,0.07698566664619276,0.08926656509171571,0.07899635711458235,0.10088319899938272,0.05917503334855596,0.0893393266948461,,,22.909,23.744999999999997,24.215,25.74,0.35,,,,,,-0.5217798861355399,,35.58413719185425,47.75623268698061,1.4733689839572182,2,11
2022/11/3 15:00,23.32,23.68,22.9,22.94,2022-11-03 15:00:00,-0.01629502572898795,0.033447684391080666,0.015437392795883338,0.0017152658662093782,-0.0008710801393727596,-0.040723981900452455,0.015679442508710777,24.342000000000002,-0.057595924739134045,24.461000000000002,-0.06218061403867384,23.681,-0.03129090832312823,,,0.07480646265985563,0.08089964023843875,0.07835516122290534,0.09894529830039996,0.05864450513326097,0.08829171091440013,,,22.895,23.575,24.082,25.74,0.35,,,,,,-0.49268688095762553,,40.586797066014675,50.795521508544496,0.7672898799313905,3,11
2022/11/4 15:00,23.31,23.66,21.94,22.94,2022-11-04 15:00:00,-0.015873015873015765,0.07378807378807374,0.015015015015015077,0.0429000429000429,0.0,-0.00042881646655235084,0.016129032258064405,23.896,-0.04000669568128555,24.476,-0.06275535218172895,23.6645,-0.030615478881869426,,,0.062206099277412115,0.0776977271714329,0.07787733568329457,0.10086135172886872,0.05806082766282688,0.08715691182375475,,,22.895,23.575,24.082,25.74,0.375,,,,,,-0.4796297777003242,,46.56381486676018,51.61676646706587,1.6926984126984117,4,11
2022/11/7 15:00,23.82,25.0,23.69,23.97,2022-11-07 15:00:00,0.006297229219143517,0.054995801847187185,0.04324097397145261,0.005457598656591058,0.04489973844812534,0.02187902187902191,0.03836094158674799,23.34,0.026992287917737747,24.218,-0.01024031711949794,23.6435,0.013809292194472026,,,0.05676682355336299,0.07314384865827314,0.05649791459981429,0.08661463170217094,0.05792665443617001,0.0867013119610304,,,22.895,23.575,23.956,25.74,0.75,,,,,,0.21725780628726504,,40.654205607476605,57.37217598097503,1.3182493702770768,0,11
2022/11/8 15:00,24.23,24.29,22.4,22.7,2022-11-08 15:00:00,-0.06314486174164263,0.07800247626908793,0.0024762690879075,0.012381345439537792,-0.05298289528577382,0.017212426532325686,0.010846891948268735,23.102,-0.017401090814648128,23.923,-0.05112235087572625,23.581,-0.037360586913192835,,,0.03834320251220621,0.06088103185801637,0.057751409647911756,0.07872199543394866,0.05903715939738099,0.0887173190808057,,,22.762999999999998,23.195,23.914,25.74,0.3,,,,,,-0.5813854832737817,,16.857610474631727,54.061624649859944,1.770656211308296,1,11
2022/11/9 15:00,22.97,23.12,22.29,22.97,2022-11-09 15:00:00,0.0,0.03613408794079242,0.006530256856769793,0.029603831084022626,0.011894273127753374,-0.05200165084605868,0.011894273127753286,23.104000000000003,-0.005799861495845043,23.772,-0.03373716977957259,23.5435,-0.02435916494998631,,,0.035226685399376644,0.055273624847244386,0.056734662611979986,0.07227009496948006,0.059069343716050514,0.08675548970519294,,,22.762999999999998,22.965,23.914,25.74,0.55,,,,,,-0.37705595902558386,,36.93181818181814,52.518818760856966,0.8300000000000018,2,11
2022/11/10 15:00,23.37,23.9,22.84,22.91,2022-11-10 15:00:00,-0.019683354728284162,0.04535729567821988,0.022678647839109865,0.002995293110825857,-0.0026121027427078447,0.017414018284719335,0.017414018284719293,23.098,-0.008139232834011552,23.72,-0.03414839797639118,23.5005,-0.02512712495478814,,,0.03525330833004198,0.057655547104672224,0.05514329052411833,0.06927759367155549,0.059069920798739205,0.0874251809731222,,,22.762999999999998,22.950000000000003,23.914,25.74,0.4,,,,,,-0.38685773592267936,,49.05660377358489,50.36057692307693,1.0391356439880175,3,11
2022/11/11 15:00,22.39,23.36,22.13,22.17,2022-11-11 15:00:00,-0.00982581509602496,0.05493523894595803,0.043322912014292045,0.0017865118356410316,-0.032300305543430774,-0.0419341035515618,-0.022697512003491908,22.944,-0.033734309623430846,23.419999999999998,-0.05337318531169925,23.4755,-0.05561116909118011,,,0.03814879482036055,0.05388498013624908,0.04896589968755432,0.065791353653841,0.05857714811267271,0.0873046344231409,,,22.762999999999998,22.950000000000003,23.914,25.74,0.2,,,,,,-0.8451457693259009,,38.57566765578634,33.92070484581497,1.2179142474318896,4,11
2022/11/14 15:00,22.93,23.69,22.43,22.86,2022-11-14 15:00:00,-0.003052769297863074,0.05494984736153517,0.033144352376799024,0.01875272568687308,0.03112313937753708,0.024117909781152358,0.03428055931438872,22.722,0.006073409030895085,23.031,-0.00742477530285265,23.4985,-0.027171947145562505,,,0.033781054336840935,0.05387578923911869,0.044445620218954394,0.06350981894869592,0.05888814961145407,0.08608085513933764,,,22.839,22.950000000000003,23.914,25.74,0.35,,,,,,-0.4169896525795816,,49.014778325123125,39.59731543624161,1.256153510684694,0,11
2022/11/15 15:00,23.16,23.27,21.17,21.42,2022-11-15 15:00:00,-0.07512953367875641,0.09067357512953358,0.0047495682210707876,0.01079447322970639,-0.06299212598425186,0.01003052769297863,0.013123359580052524,22.466,-0.046559245081456396,22.784,-0.059866573033707744,23.495,-0.08831666311981269,,,0.037167677711195245,0.05641000901120781,0.03560813894373799,0.058645520434612096,0.05995532062227457,0.08701013829141871,,,22.839,22.950000000000003,23.914,25.74,0.1,,,,,,-1.350807861431828,,21.476510067114077,38.815789473684205,1.9422279792746096,1,11
2022/11/16 15:00,21.66,22.3,21.13,21.25,2022-11-16 15:00:00,-0.01892890120036935,0.05401662049861504,0.02954755309325949,0.005540166204986196,-0.00793650793650802,-0.06476683937823835,0.011204481792717012,22.122,-0.039417774161468216,22.613,-0.0602750630168487,23.494999999999997,-0.09555224515854427,,,0.035118462798254646,0.05998651552277233,0.03415646794584493,0.057630070185008375,0.059923732874011294,0.07925663459219554,,,22.839,22.950000000000003,23.914,25.74,0.05,,,,,,-1.4614764573081693,,28.48664688427297,41.484375,1.1478531855955696,2,11
2022/11/17 15:00,21.34,21.89,20.91,20.95,2022-11-17 15:00:00,-0.01827553889409562,0.04592314901593254,0.025773195876288693,0.0018744142455482263,-0.014117647058823568,-0.014773776546629702,0.004235294117647052,21.73,-0.035895075931891444,22.413999999999998,-0.06531632015704465,23.4375,-0.10613333333333336,,,0.034479584641141016,0.060099686190314874,0.03414156587620656,0.05887761664749356,0.05932020772242878,0.07891145747394676,,,22.839,22.950000000000003,23.914,25.74,0.05,,,,,,-1.5442712560024103,,20.294117647058783,31.426056338028133,0.9620899718837868,3,11
2022/11/18 15:00,21.18,21.36,19.81,20.36,2022-11-18 15:00:00,-0.038715769593956575,0.07318224740321061,0.008498583569405086,0.025967894239848948,-0.028162291169451015,-0.007497656982193068,0.010978520286396202,21.368000000000002,-0.04717334331710982,22.156,-0.08106156345910812,23.316,-0.1267798936352719,,,0.03407515534333394,0.06374908788176539,0.03452169252438635,0.058817034009007244,0.0591059400590738,0.07983919286893798,,,22.812,22.950000000000003,23.914,25.74,0.05,,,,,,-1.6910710872736594,,17.557251908396907,19.18997107039533,1.489990557129368,4,11
2022/11/21 15:00,21.23,21.33,20.04,20.4,2022-11-21 15:00:00,-0.039095619406500325,0.060763071125765386,0.004710315591144506,0.016957136128120557,0.0019646365422396617,0.0023607176581681433,0.04273084479371321,20.875999999999998,-0.02280130293159605,21.799,-0.06417725583742377,23.008499999999998,-0.11337114544624811,,,0.025259829035040624,0.06491173263461142,0.028977615051666534,0.05939376093686506,0.043843666757640135,0.073004196319518,,,22.541,22.94,23.567999999999998,25.218000000000004,0.1,,,,,,-1.544314428457641,,22.600619195046363,26.887417218542993,1.2395666509656138,0,11
2022/11/22 15:00,20.58,20.96,19.9,20.52,2022-11-22 15:00:00,-0.0029154518950436697,0.051506316812439376,0.01846452866861043,0.03012633624878528,0.00588235294117645,-0.030617051342440083,0.008823529411764692,20.695999999999998,-0.00850405875531496,21.581,-0.04916361614383022,22.752000000000002,-0.09810126582278493,,,0.013553952021362052,0.05707828097119259,0.026407601433588737,0.056744144991200195,0.04370796669668085,0.06773307021257444,,,21.945,22.925,23.107999999999997,24.549000000000003,0.15,,,,,,-1.3477881146223563,,6.015037593984971,31.899109792284833,1.056909620991256,1,11
2022/11/23 15:00,20.65,21.4,20.13,20.56,2022-11-23 15:00:00,-0.004358353510895877,0.06150121065375301,0.036319612590799036,0.0208232445520581,0.0019493177387914784,0.003401360544217802,0.006335282651072077,20.558,9.728572818362154e-05,21.34,-0.03655107778819124,22.556,-0.08849086717503113,,,0.014349625937957624,0.05857519900222018,0.02568018290678024,0.05928085726249625,0.042965970041916615,0.06577547611598816,,,21.369,22.884999999999998,22.963,24.09,0.2,,,,,,-1.1933106351647558,,15.873015873015788,32.39644970414197,1.2644648910411618,2,11
2022/11/24 15:00,20.67,20.67,20.12,20.24,2022-11-24 15:00:00,-0.020803096274794545,0.026608611514271924,0.0,0.00580551523947738,-0.015564202334630406,0.0009685230024214508,0.005350194552529329,20.415999999999997,-0.008620689655172336,21.073,-0.03952925544535671,22.3965,-0.09628736632956048,,,0.014554803695998113,0.054712291501888055,0.025552114032553315,0.057405988846101465,0.04221922307149479,0.06334179125882848,,,21.16,22.78,22.946,24.09,0.05,,,,,,-1.2423446721440483,,14.184397163120508,30.932203389830462,0.5385582970488637,3,11
2022/11/25 15:00,20.63,20.91,20.36,20.4,2022-11-25 15:00:00,-0.011148812409112963,0.026660203587009247,0.01357246728065929,0.0019389238972369921,0.007905138339920903,-0.0019351717464926033,0.019268774703557343,20.424,-0.0011750881316099154,20.895999999999997,-0.023736600306278652,22.158,-0.07933929054968872,,,0.009301663255546622,0.04540788273864778,0.025165881928628144,0.05457848531020659,0.03793374604269644,0.06018491948202379,,,20.833,22.435000000000002,22.94,23.898,0.175,,,,,,-1.0585437476661288,,28.34645669291335,21.25603864734296,0.5438681531749886,4,11
2022/11/28 15:00,21.63,23.14,21.61,21.68,2022-11-28 15:00:00,0.002311604253351859,0.07073509015256593,0.06749884419787337,0.0009246417013407108,0.06274509803921569,0.04847309743092576,0.060294117647058845,20.68,0.04835589941972921,20.778,0.043411300413899366,21.904500000000002,-0.01024903558629517,,,0.02953115869996259,0.047402286544007896,0.03175220182121278,0.05615700958930967,0.03793092454119213,0.059833414269002794,,,20.833,21.925,22.919,23.062,0.5,,,,,,-0.17788735832921915,,83.67346938775509,41.80064308681671,1.5335367545076295,0,11
2022/11/29 15:00,21.79,21.79,20.87,21.41,2022-11-29 15:00:00,-0.017439192290041258,0.042221202386415704,0.0,0.024782010096374447,-0.012453874538745358,0.0073971336107259145,0.005073800738007354,20.857999999999997,0.026464665835650745,20.776999999999997,0.030466381094479605,21.7805,-0.017010628773444128,,,0.03163494959079934,0.04554526365880316,0.02470709546106171,0.05131177231499788,0.030311088865470157,0.054978646374804985,,,20.833,21.55,22.875,22.961000000000002,0.45,,,,,,-0.31517008082898645,,73.05936073059362,37.459807073954984,0.9039559430931602,1,11
2022/11/30 15:00,21.68,21.81,20.78,20.78,2022-11-30 15:00:00,-0.04151291512915123,0.04750922509225081,0.005996309963099585,0.0,-0.029425502101821488,-0.005048187241854074,0.012610929472209228,20.902,-0.005836762032341397,20.729999999999997,0.002411963338157466,21.6715,-0.041136977135869716,,,0.03615162146934594,0.04274686654650271,0.02637373744884962,0.05066103277436146,0.029822247219059204,0.0541455514796849,,,20.714000000000002,21.415,22.747999999999998,22.943,0.35,,,,,,-0.7675974900816771,,54.814814814814845,34.31516936671575,0.987241697416972,2,11
2022/12/1 15:00,20.09,20.87,19.36,19.52,2022-12-01 15:00:00,-0.02837232453957194,0.0751617720258836,0.038825286212045854,0.00796416127426581,-0.0606352261790184,-0.07333948339483398,-0.0332050048123196,20.758000000000003,-0.0596396569997111,20.587,-0.051828824015155206,21.5005,-0.09211413688053763,,,0.046081343266949334,0.052457498648825054,0.0322175880068697,0.05358489507535656,0.03232325616500532,0.05623125586142506,,,20.548,21.33,22.329,22.943,0.05,,,,,,-1.6295874592419044,,36.73469387755104,31.874145006839925,1.467157789945248,3,12
2022/12/2 15:00,19.72,19.72,18.72,18.85,2022-12-02 15:00:00,-0.0441176470588234,0.05070993914807303,0.0,0.006592292089249623,-0.03432377049180313,-0.018417122946739695,0.010245901639344227,20.448,-0.07814945226917053,20.436,-0.07760814249363861,21.296,-0.11485725018782861,,,0.04667626720123676,0.057267445761037816,0.03273103968833832,0.0513376642498428,0.03280934753323158,0.055077349129425024,,,20.483999999999998,21.1,21.826999999999998,22.916,0.05,,,,,,-1.879476908700959,,33.72365339578458,22.496570644718815,0.9558823529411766,4,12
2022/12/5 15:00,19.54,19.72,18.94,19.01,2022-12-05 15:00:00,-0.02712384851586477,0.039918116683725566,0.00921187308085976,0.0035823950870010383,0.008488063660477385,-0.009127789046653123,0.0366047745358089,19.913999999999998,-0.04539519935723594,20.297,-0.06340838547568602,21.048000000000002,-0.09682630178639301,,,0.025753630165149408,0.05110405106726974,0.03299781227713425,0.049253168805638826,0.03058056387340248,0.054323464871251934,,,20.4,20.865000000000002,21.498,22.865,0.1,,,,,,-1.6488759485147186,,33.72365339578458,29.950083194675543,0.758843398157623,0,12
2022/12/6 15:00,19.26,19.37,18.59,18.65,2022-12-06 15:00:00,-0.031671858774662665,0.0404984423676013,0.005711318795430915,0.0031152647975077213,-0.01893740136770139,-0.014329580348004023,0.013150973172014729,19.362000000000002,-0.03677306063423217,20.11,-0.07260069617105921,20.845499999999998,-0.10532249166486769,,,0.025076142804410857,0.05075949906350685,0.03289261547338832,0.04815238136115502,0.029033576795929047,0.05244826317617761,,,20.387999999999998,20.67,21.413,22.865,0.05,,,,,,-1.7125546908120564,,4.776119402985074,29.032258064516128,0.7552959501557641,1,12
2022/12/7 15:00,18.9,19.37,17.82,18.18,2022-12-07 15:00:00,-0.038095238095238036,0.08201058201058205,0.024867724867724997,0.019047619047619018,-0.025201072386058954,-0.018691588785046842,0.013404825737265416,18.842,-0.035134274493153546,19.872,-0.08514492753623189,20.606,-0.1177326992138213,,,0.025043736203757373,0.05765977044717311,0.03300643011916808,0.050203318496837915,0.028787121800833145,0.05474208787966709,,,20.323999999999998,20.54,21.298,22.239,0.05,,,,,,-1.8500544994982715,,4.507042253521121,28.25745682888541,1.4909523809523817,2,12
2022/12/8 15:00,18.25,18.38,17.36,17.67,2022-12-08 15:00:00,-0.03178082191780813,0.05589041095890409,0.007123287671232822,0.01698630136986314,-0.028052805280527893,-0.034391534391534306,0.003850385038503866,18.472,-0.043417063663923755,19.615000000000002,-0.09915880703543208,20.344,-0.1314392449862367,,,0.01665074741546795,0.053805498233777206,0.03340109706787828,0.05313149844130114,0.02894789830593286,0.0552687436437013,,,20.023999999999997,20.46,21.04,21.729,0.05,,,,,,-1.9812391528085733,,4.664723032069972,28.616852146263923,0.9875835616438353,3,12
2022/12/9 15:00,17.78,17.91,17.47,17.58,2022-12-09 15:00:00,-0.011248593925759439,0.024746906636670486,0.007311586051743476,0.006186726659167571,-0.005093378607810006,-0.025753424657534163,0.006225240520656447,18.217999999999996,-0.035020309583927885,19.333,-0.09067397713753687,20.1145,-0.12600362922270011,,,0.01526494813067203,0.04861289173149669,0.032744084670810386,0.05294016874626726,0.028605808206512897,0.05375932702823692,,,19.367,20.4,20.831,21.446,0.05,,,,,,-1.7954229638958892,,7.079646017699105,27.76025236593061,0.4350506186726671,4,12
2022/12/12 15:00,18.27,18.67,17.81,18.16,2022-12-12 15:00:00,-0.006020799124247369,0.0470717022441162,0.02189381499726339,0.019157088122605442,0.03299203640500581,0.027559055118110187,0.03924914675767926,18.048000000000002,0.006205673758865155,18.981,-0.04325378009588544,19.8795,-0.08649613923891446,,,0.025013640362096606,0.05004360884357482,0.025521877720753545,0.05057382995542229,0.028753809048366268,0.05336541977236599,,,18.962000000000003,20.38,20.625999999999998,21.411,0.15,,,,,,-1.3039461349956332,,34.101382488479274,32.647058823529434,0.8548221127531502,0,12
2022/12/13 15:00,18.28,18.44,17.9,18.21,2022-12-13 15:00:00,-0.003829321663019709,0.029540481400437784,0.008752735229759306,0.016958424507658765,0.002753303964757814,0.0005473453749316182,0.006607929515418557,17.96,0.013919821826280623,18.661,-0.024168051015486868,19.719,-0.0765251787616005,,,0.024707702581971528,0.04785201665014212,0.026282090266326552,0.04930575785682449,0.026142393564519115,0.050308765085911186,,,18.79,20.299999999999997,20.532,21.266000000000002,0.25,,,,,,-1.1460730111929758,,30.58252427184469,32.74596182085172,0.537932166301972,1,12
2022/12/14 15:00,18.38,18.38,17.77,17.87,2022-12-14 15:00:00,-0.02774755168661578,0.033188248095756226,0.0,0.005440696409140447,-0.018671059857221284,0.00547045951859948,0.009335529928610552,17.898000000000003,-0.0015644206056543881,18.37,-0.02721829069134458,19.55,-0.08593350383631712,,,0.02348353039466728,0.038087549867176954,0.025876938810036342,0.04787366015717503,0.026256130262859296,0.04926734646576824,,,18.518,19.88,20.436,20.996,0.15,,,,,,-1.2663022065751774,,30.882352941176563,32.6500732064422,0.5930739934711637,2,12
2022/12/15 15:00,18.18,18.18,17.07,17.11,2022-12-15 15:00:00,-0.05885588558855887,0.061056105610561025,0.0,0.0022002200220021533,-0.04252937884723007,-0.01088139281828071,0.017347509792949006,17.786,-0.038007421567525124,18.128999999999998,-0.05620828506812281,19.358,-0.11612769914247345,,,0.02780607985286659,0.03912068879750834,0.022747495055645457,0.046463093515642775,0.027334059829165036,0.05002399429549966,,,18.201,19.265,20.4,20.843000000000004,0.05,,,,,,-1.6175125125232532,,27.038626609442105,27.86002691790044,1.044669966996699,3,12
2022/12/16 15:00,17.43,17.43,16.83,17.11,2022-12-16 15:00:00,-0.018359150889271387,0.0344234079173839,0.0,0.016064257028112514,0.0,-0.041254125412541254,0.018702513150204575,17.692,-0.03289622428216147,17.955000000000002,-0.04706209969367877,19.1955,-0.10864525539840066,21.8505,-0.21695155717260478,0.02794556889718393,0.04105598905365102,0.021714670857813968,0.04483444039257386,0.027057916274493395,0.048086052321208335,,0.08112428208640324,18.174,18.93,20.4,20.843000000000004,0.075,20.714,22.275,22.963,24.399,0.025,-1.4333935590101712,-2.003872639977648,34.61538461538461,12.84552845528458,0.5889845094664385,4,12
2022/12/19 15:00,17.8,18.95,17.27,18.23,2022-12-19 15:00:00,0.0241573033707865,0.09438202247191009,0.040449438202247126,0.029775280898876468,0.06545879602571603,0.021227768215720033,0.04032729398012866,17.706,0.029594487744267532,17.877,0.01974604240085034,19.087,-0.0448996699324147,21.772499999999997,-0.16270524744517154,0.040124676080885144,0.0505180530992098,0.031982460956596924,0.05028083097139231,0.031660390803682464,0.049766999888515566,0.04298264041668319,0.08137213740486983,18.174,18.75,20.287999999999997,20.843000000000004,0.45,20.548,22.22,22.963,24.399,0.15,-0.5946288229588949,-1.4717873130007266,61.403508771929836,27.28571428571432,1.720584269662921,0,12
2022/12/20 15:00,18.48,19.37,18.38,18.87,2022-12-20 15:00:00,0.021103896103896135,0.05357142857142868,0.027056277056277056,0.005411255411255488,0.03510696653867251,0.038202247191011285,0.013713658804168952,17.838,0.05785401950891356,17.899,0.05424884071735851,19.0045,-0.007077271172616968,21.717833333333335,-0.13112879584366152,0.042909159492721886,0.05532424253340797,0.03364959966974678,0.051588129591775056,0.032847811844850666,0.049870255476465036,0.043071710377465766,0.06981580755585703,18.174,18.75,19.735999999999997,20.843000000000004,0.6,20.483999999999998,22.22,22.963,24.399,0.2,-0.09596390949940414,-1.1693977724903046,62.19931271477663,36.37660485021399,1.0108928571428593,1,12
2022/12/21 15:00,19.01,23.13,18.14,18.39,2022-12-21 15:00:00,-0.032614413466596576,0.2624934245134139,0.21672803787480258,0.013150973172014729,-0.025437201907790197,0.02867965367965364,0.007419183889772155,17.942,0.024969345669379132,17.92,0.026227678571428506,18.895999999999997,-0.026778154106689073,21.653166666666667,-0.15070159099130997,0.04404716520896839,0.1011852778169395,0.03367063228176385,0.06963641384205824,0.033170282978363205,0.059919866169448076,0.04316845551340518,0.07307217944589543,18.174,18.52,19.163,20.843000000000004,0.5,20.4,22.135,22.963,24.399,0.16666666666666666,-0.3725697525181298,-1.3202478217316904,52.694610778443106,40.930979133226344,4.827254076801681,2,12
2022/12/22 15:00,17.8,19.32,17.79,18.74,2022-12-22 15:00:00,0.052808988764044815,0.08595505617977534,0.03258426966292145,0.0005617977528090765,0.01903208265361589,-0.0636507101525513,-0.0320826536160957,18.268,0.025837530107291316,18.026999999999997,0.039551783435957236,18.821,-0.004303703310132462,21.59416666666667,-0.1321730405587931,0.03447237712283866,0.10616506793078237,0.032320148364197,0.07264287836414536,0.033493289247368954,0.06288718840272325,0.043255016200607475,0.07337754954486592,18.174,18.52,18.912000000000003,20.843000000000004,0.6,20.387999999999998,21.89,22.963,24.399,0.2,-0.06132106706516572,-1.1423427334788063,62.98507462686563,49.069373942470364,1.6107977528089896,3,12
2022/12/23 15:00,19.01,20.19,18.88,19.26,2022-12-23 15:00:00,0.013150973172014729,0.0689110994213573,0.04892162019989477,0.006838506049447793,0.0277481323372466,0.06797752808988777,0.014407684098185868,18.698,0.03005669055513965,18.195,0.05853256389117897,18.764,0.026433596248134846,21.539166666666667,-0.105814988199791,0.032879451865672434,0.11306260623157705,0.032693294996239006,0.07705929764261404,0.03413094461961391,0.06499973319444065,0.0433857534483825,0.07327514807458906,18.174,18.52,18.912000000000003,20.843000000000004,0.8,20.323999999999998,21.585,22.963,24.399,0.26666666666666666,0.3896559212187765,-0.9068864064136485,84.56591639871382,51.99362041467304,1.3272277748553416,4,12
2022/12/26 15:00,20.03,20.03,18.27,18.65,2022-12-26 15:00:00,-0.06889665501747391,0.08786819770344491,0.0,0.018971542685970993,-0.03167185877466272,0.05365597054182003,0.03997923156801659,18.782,-0.007028005537216561,18.244,0.022253891690418703,18.6125,0.002014775016789677,21.44766666666667,-0.13044153987224738,0.03119312801918169,0.111759841277884,0.033933870613627216,0.08113894718854692,0.031047926503016823,0.0658563885719846,0.042512507620581855,0.0738483899661377,18.174,18.52,18.856,19.646,0.575,20.023999999999997,21.455,22.946,24.399,0.19166666666666668,0.03497935763283683,-1.1115883769115438,70.69892473118276,50.0,1.6387418871692474,0,12
2022/12/27 15:00,18.45,18.79,17.41,17.61,2022-12-27 15:00:00,-0.04552845528455284,0.07479674796747962,0.01842818428184281,0.010840108401083973,-0.05576407506702408,-0.07888167748377439,-0.010723860589812294,18.53,-0.04964921748515929,18.184,-0.03156621205455354,18.4225,-0.04410367756819107,21.3495,-0.17515632684606197,0.03542003010543285,0.1160049051570942,0.03872300800409821,0.08566457384525109,0.03290033406837307,0.0674851658510378,0.04294729674867835,0.07042338935174573,18.073,18.310000000000002,18.773,19.286,0.2,19.442,21.415,22.94,24.399,0.06666666666666667,-0.936749912140334,-1.4664358339105077,41.483516483516475,45.9802538787024,1.317170731707316,1,12
2022/12/28 15:00,18.1,23.34,17.13,17.3,2022-12-28 15:00:00,-0.04419889502762434,0.3430939226519337,0.28950276243093914,0.00939226519337026,-0.017603634298693827,-0.0189701897018969,0.027825099375355027,18.312,-0.05526430755788556,18.127,-0.04562255199426261,18.2485,-0.05197687481162831,21.220333333333333,-0.18474419189142482,0.03491409178005489,0.13212500478479816,0.03867544958953868,0.11665514130086885,0.03262301663259534,0.08226440072902194,0.04198737689127681,0.07524975963451765,17.810000000000002,18.22,18.677,19.035000000000004,0.15,19.185000000000002,21.33,22.919,24.165,0.05,-1.3491685003899794,-1.5339471307700754,26.283987915407863,47.314949201741655,5.935524861878454,2,12
2022/12/29 15:00,17.55,17.7,16.71,16.93,2022-12-29 15:00:00,-0.03532763532763538,0.05641025641025632,0.008547008547008466,0.01253561253561247,-0.021387283236994237,-0.0303867403314918,0.014450867052023121,17.95,-0.05682451253481892,18.109,-0.06510574852283406,18.119,-0.06562172305314863,21.100166666666667,-0.19763666953657555,0.030424100073090384,0.12621604483089438,0.03677949997574915,0.11619055638083839,0.030436416132123723,0.08132682494824058,0.04184432615975045,0.07528326390802191,17.652,18.195,18.65,18.884,0.05,18.968,21.25,22.875,24.012,0.016666666666666666,-1.7108375057401353,-1.6129427383663388,27.187500000000014,45.46722454672247,0.9550256410256395,3,12
2022/12/30 15:00,17.02,17.14,16.46,16.64,2022-12-30 15:00:00,-0.022326674500587486,0.03995299647473559,0.007050528789659283,0.01057579318448882,-0.017129356172474797,-0.030199430199430277,0.005316007088009442,17.426,-0.04510501549408917,18.062,-0.07872882294319569,18.008499999999998,-0.07599189271732779,20.98966666666667,-0.20722895392971147,0.0162155822341416,0.12042442424157003,0.03715310601508298,0.11674351523657353,0.0298509374663628,0.0807889778145737,0.041677866749611145,0.07434107958925117,17.601,18.17,18.468,18.884,0.05,18.864,21.1,22.811,24.012,0.016666666666666666,-1.8334059302030083,-1.6523668155037115,16.560509554140197,38.95348837209304,0.6648178613396002,4,12
2023/1/3 15:00,17.69,17.69,16.44,16.44,2023-01-03 15:00:00,-0.07066139061616732,0.07066139061616732,0.0,0.0,-0.012019230769230727,0.03936545240893086,0.06310096153846158,16.984,-0.03203014601978335,17.883000000000003,-0.08069115920147633,17.88,-0.08053691275167774,20.857166666666664,-0.2117817217103632,0.01763797918729505,0.11698306282411453,0.028571670088589535,0.11437145205099927,0.02968625445314619,0.0823261415111958,0.04110408583108948,0.07445030611449271,17.496,18.015,18.278,18.753,0.05,18.817,20.865000000000002,22.727,23.951999999999998,0.016666666666666666,-1.834040529808947,-1.6616616033420775,0.0,37.41109530583216,1.1616732617297907,1,1
2023/1/4 15:00,16.62,16.69,16.13,16.31,2023-01-04 15:00:00,-0.018652226233453806,0.03369434416365838,0.0042117930204572974,0.010830324909747275,-0.007907542579075555,-0.060486150367439206,0.010948905109489033,16.724,-0.024754843338914225,17.627000000000002,-0.07471492596584804,17.762999999999998,-0.08179924562292402,20.729833333333335,-0.21321123340756895,0.005269704270336497,0.10876258206335025,0.023896307771754326,0.11238374361022226,0.029551450128343003,0.08198593660099865,0.04107350109258701,0.07438383961932732,17.243000000000002,17.770000000000003,18.216,18.753,0.05,18.712999999999997,20.67,22.679000000000002,23.898,0.016666666666666666,-1.7359481397588337,-1.6428106233346629,0.0,38.563049853372426,0.5495547533092682,2,1
2023/1/5 15:00,16.48,16.79,16.14,16.15,2023-01-05 15:00:00,-0.020024271844660307,0.03944174757281545,0.018810679611650408,0.0006067961165047336,-0.009809932556713696,-0.008423586040914643,0.010423053341508382,16.494,-0.02085606887352984,17.403,-0.07199908061828422,17.6615,-0.08558163236418206,20.603666666666665,-0.21615893611169534,0.005530660279530898,0.0480321470475266,0.02358981894272297,0.09007857591616239,0.029231148737335972,0.07985749487911031,0.041073853426160524,0.07378502415465678,17.11,17.64,18.216,18.753,0.05,18.65,20.54,22.480999999999998,23.898,0.016666666666666666,-1.6717037163523463,-1.634323254692548,0.0,42.28295819935691,0.6369842233009694,3,1
2023/1/6 15:00,16.45,16.5,16.21,16.43,2023-01-06 15:00:00,-0.0012158054711245941,0.01762917933130694,0.0030395136778115935,0.013373860182370752,0.017337461300309664,-0.00182038834951459,0.0185758513931889,16.394,0.002195925338538573,17.172,-0.04320987654320993,17.5995,-0.06645075144180229,20.481333333333335,-0.19780613241325443,0.01344284818353931,0.04027593163173672,0.023341708058395583,0.08324598823131554,0.02914986836868189,0.07794443329773046,0.04116908629697296,0.07354611930485132,17.056,17.595,18.216,18.753,0.15,18.572,20.46,22.239,23.898,0.05,-1.2373831049166468,-1.4757826752020713,19.580419580419615,44.769230769230774,0.289647416413373,4,1
2023/1/9 15:00,17.16,17.66,17.11,17.46,2023-01-09 15:00:00,0.017482517482517525,0.03205128205128209,0.011655011655011614,0.002913752913752955,0.06269020085209998,0.04316109422492409,0.044430919050517374,16.558,0.054475178161613784,16.991999999999997,0.027542372881356143,17.5935,-0.007588029670048482,20.3945,-0.14388683223418078,0.031733415770494135,0.038695588747046025,0.03133597759382159,0.07956000649430803,0.032651927370363175,0.07830965206846104,0.04173140714331691,0.0731245378399463,17.056,17.535,18.216,18.753,0.5,18.342,20.4,22.121000000000002,23.898,0.16666666666666666,-0.14117261173390788,-1.064312284643418,62.67942583732058,43.993759750390026,0.5596153846153853,0,1
2023/1/10 15:00,17.72,17.87,17.51,17.57,2023-01-10 15:00:00,-0.008465011286681636,0.020316027088036086,0.008465011286681836,0.003386004514672614,0.006300114547537206,0.03263403263403264,0.014891179839633333,16.784,0.04683031458531944,16.884,0.04063018242122719,17.564,0.0003416078342063441,20.314,-0.13507925568573398,0.029528078166343195,0.028626516041419775,0.030619859717338098,0.07280478943276715,0.03177298043051685,0.07697186831065703,0.04173546594424936,0.07213938107412021,17.056,17.515,18.216,18.753,0.55,18.224,20.38,21.805999999999997,23.898,0.18333333333333332,0.006408859735040924,-0.9912860353884035,74.34554973821984,38.94557823129252,0.356952595936794,1,1
2023/1/11 15:00,17.8,17.83,17.18,17.35,2023-01-11 15:00:00,-0.025280898876404452,0.036516853932584185,0.0016853932584268306,0.009550561797752904,-0.01252134319863396,0.004514672686230403,0.013090495162208334,16.991999999999997,0.021068738229755423,16.857999999999997,0.029184956697117365,17.521,-0.009759716911135172,20.244999999999997,-0.1429982711780685,0.03043126959298318,0.02919101799520494,0.025334533616791968,0.06897680002927761,0.03185704935058148,0.07732068693726435,0.04146517917590103,0.07154653010486475,17.056,17.405,17.978,18.753,0.5,18.201,20.299999999999997,21.805999999999997,23.898,0.16666666666666666,-0.18493481076689416,-1.0376999360241375,73.57512953367872,40.74733096085411,0.6335674157303357,2,1
2023/1/12 15:00,17.53,17.62,17.24,17.39,2023-01-12 15:00:00,-0.007986309184255594,0.021677124928693812,0.005134055904164281,0.008556759840273938,0.002305475504322807,-0.015168539325842723,0.010374639769452432,17.240000000000002,0.008700696055684371,16.866999999999997,0.031007292346001265,17.497,-0.006115334057266921,20.180666666666664,-0.13828416636384644,0.028608718097946278,0.025638093466380612,0.024676395565246815,0.03683512025695362,0.03162161932944832,0.07674513077891124,0.041455210087769805,0.06842303727895833,17.056,17.37,17.796,18.753,0.55,18.174,19.88,21.805999999999997,23.898,0.18333333333333332,-0.1161354122694441,-0.9928782924918163,79.34782608695657,37.28813559322037,0.3769652025099854,3,1
2023/1/13 15:00,17.58,17.65,16.44,16.44,2023-01-13 15:00:00,-0.0648464163822524,0.06882821387940827,0.003981797497155875,0.0,-0.05462909718228859,0.0028522532800911993,0.010925819436457603,17.242,-0.04651432548428254,16.818,-0.022475918658580098,17.4635,-0.05860795373206966,20.086333333333336,-0.1815330490051279,0.04216857079552227,0.035877900376000874,0.029719031725866662,0.03807691600386881,0.032561957106979886,0.0771337361923536,0.041610332562271944,0.0686897293206,16.843,17.37,17.796,18.753,0.225,18.073,19.39,21.498,23.898,0.075,-1.0797020858001851,-1.2839188477660615,55.51330798479093,25.43554006968641,1.131535836177472,4,1
2023/1/16 15:00,17.26,18.71,17.07,17.45,2023-01-16 15:00:00,0.011008111239860818,0.0950173812282735,0.07300115874855165,0.011008111239861023,0.06143552311435507,-0.018202502844140933,0.04987834549878347,17.240000000000002,0.012180974477958078,16.899,0.03260547961417826,17.4805,-0.0017448013500757972,19.997333333333337,-0.12738365115348735,0.04170965493014524,0.04847112021139916,0.035294788174661564,0.043583354479222604,0.03547767841435934,0.08016343485789806,0.042223176147420806,0.06936289334934814,16.843,17.42,17.796,18.753,0.55,17.810000000000002,19.135,21.413,23.898,0.21666666666666667,-0.032298535454768455,-0.8977352136446729,65.17857142857144,40.22801302931596,1.6580533024333723,0,1
2023/1/17 15:00,17.85,18.15,16.96,17.3,2023-01-17 15:00:00,-0.030812324929972025,0.06666666666666654,0.01680672268907547,0.01904761904761904,-0.00859598853868182,0.03418308227114708,0.022922636103151987,17.186,0.006633306179448433,16.985,0.01854577568442751,17.434,-0.007686130549500994,19.84316666666667,-0.12816334758397102,0.04173076191402591,0.05774124812712524,0.03512413728937454,0.043183882084272526,0.03216978391960517,0.07877766706763589,0.03595973099002446,0.06718295442522315,16.843,17.37,17.582,18.753,0.425,17.652,18.94,21.298,23.476,0.175,-0.14436133581513524,-0.9334460204510429,46.77419354838709,47.04761904761906,1.153333333333331,1,1
2023/1/18 15:00,17.49,18.23,17.22,17.87,2023-01-18 15:00:00,0.02172670097198414,0.0577472841623786,0.02058319039451112,0.01543739279588334,0.03294797687861273,-0.020168067226890907,0.01098265895953744,17.29,0.0335454019664547,17.141,0.04252960737413236,17.384,0.027956741831569296,19.7135,-0.09351459659624109,0.04387331419025073,0.06198733417308413,0.03574126700294843,0.04558917608414455,0.03204163559414793,0.07898645984718339,0.03613083100517565,0.06552992851207429,16.843,17.37,17.582,18.659,0.8,17.652,18.86,21.04,23.016,0.3416666666666667,0.5573166131104718,-0.7017964188726645,55.10204081632655,55.17241379310345,1.0319439679817057,2,1
2023/1/19 15:00,18.17,19.75,17.76,18.9,2023-01-19 15:00:00,0.04017611447440819,0.10952118877270216,0.04678040726472214,0.022564667033571826,0.05763850027979833,0.03887935963407685,0.016787912702853985,17.592000000000002,0.0743519781718961,17.416,0.08520900321543398,17.4095,0.08561417616818387,19.6205,-0.03672179608063002,0.04915114511981807,0.0795561469418858,0.03793747225187976,0.05259712020413322,0.03418826160693323,0.0713378480601478,0.0366365194294885,0.06567773011519468,16.843,17.37,17.582,18.756,0.95,17.652,18.86,20.831,22.961000000000002,0.5333333333333333,1.6385477330750509,-0.2822219336637979,70.66666666666667,65.96434359805511,2.0699504678040705,3,1
2023/1/20 15:00,19.32,20.14,18.07,18.22,2023-01-20 15:00:00,-0.05693581780538309,0.10714285714285715,0.04244306418219463,0.007763975155279429,-0.035978835978836,0.06329113924050622,0.022222222222222313,17.948,0.015154891909962026,17.595000000000002,0.035521454958794905,17.3835,0.048120344004371804,19.533666666666665,-0.06725141209194381,0.04254843691907393,0.08721907559457558,0.041394253624821166,0.061548487985288246,0.03494361956933978,0.0723972381083019,0.03652167223706808,0.06620873925661788,16.843,17.37,17.582,18.674999999999997,0.85,17.652,18.795,20.625999999999998,22.942,0.4166666666666667,0.9544273005754889,-0.5234942408643621,59.453302961275625,62.042682926829265,1.9521428571428572,4,1
2023/1/30 15:00,21.2,21.2,17.87,18.16,2023-01-30 15:00:00,-0.1433962264150943,0.15707547169811314,0.0,0.013679245283018828,-0.003293084522502654,0.09730848861283636,0.163556531284303,18.09,0.0038695411829740346,17.665,0.028021511463345656,17.3285,0.0479845341489455,19.416833333333333,-0.06472905811967276,0.03681712490642864,0.0996306936885435,0.03732650254136666,0.07405090694997134,0.034290713629245836,0.0768054567221397,0.03506525656487327,0.06733003646620137,16.843,17.37,17.582,18.262999999999998,0.85,17.652,18.695,20.532,22.94,0.375,1.0634319989170355,-0.5229166047737396,74.57142857142861,63.39563862928349,2.852490566037735,0,1
2023/1/31 15:00,18.38,18.45,17.39,17.67,2023-01-31 15:00:00,-0.038628944504896484,0.05767138193688785,0.0038084874863982747,0.015233949945593099,-0.02698237885462551,-0.13301886792452833,0.012114537444933859,18.164,-0.027196652719665256,17.675,-0.0002828854314002266,17.2795,0.022599033536850197,19.2655,-0.08281643352106084,0.03975778141538711,0.09783163674258778,0.038615760841430063,0.07778644243485652,0.034095375934787876,0.07529561593381183,0.034032182840765174,0.06699513959159974,16.843,17.37,17.582,18.166,0.8,17.652,18.65,20.436,22.913,0.325,0.5399355175440338,-0.72122800756494,53.691275167785285,60.02949852507378,1.0190533188248085,1,1
2023/2/1 15:00,17.68,18.6,17.6,18.6,2023-02-01 15:00:00,0.052036199095022724,0.05656108597285068,0.0,0.0045248868778279576,0.05263157894736836,-0.0380848748639826,0.0005659309564232037,18.31,0.01583833970507934,17.8,0.04494382022471914,17.329,0.07334525939177106,19.17733333333333,-0.03010498505179701,0.04398343965114091,0.09759439710468218,0.04143103625274375,0.07979086563888317,0.033737459427408724,0.07438383283408039,0.03222346776771241,0.06561588168664105,16.843,17.37,17.6,18.258,0.95,17.652,18.625,20.4,22.865,0.5,1.6320177269216667,-0.27122636149865903,67.28723404255322,66.22516556291396,1.0520361990950227,2,2
2023/2/2 15:00,18.87,19.76,18.74,19.47,2023-02-02 15:00:00,0.031796502384737566,0.05405405405405422,0.015368309485956686,0.0068892421833599655,0.046774193548386966,0.06730769230769229,0.014516129032258041,18.424,0.05677377333912285,18.008000000000003,0.0811861394935582,17.4375,0.11655913978494617,19.119166666666665,0.01834982347556993,0.041144483418333995,0.0865009701609526,0.04313345678034576,0.08302855855141922,0.03469840033037545,0.059931839404186414,0.03253139588044441,0.06544726387096442,16.843,17.42,17.73,18.630000000000003,1.0,17.652,18.625,20.372,22.716,0.65,2.2238222861735792,0.1694541538140892,69.70443349753695,68.6732186732187,1.0524324324324354,3,2
2023/2/3 15:00,19.62,19.78,19.24,19.51,2023-02-03 15:00:00,-0.005606523955147779,0.02752293577981665,0.008154943934760456,0.013761467889908416,0.0020544427324089565,0.03974562798092207,0.007704160246533238,18.682000000000002,0.04432073653784388,18.315,0.06524706524706526,17.5665,0.1106367233085703,19.062,0.02350225579687338,0.03423290965811974,0.0705769858883445,0.036606834046862054,0.07889803074146004,0.034097877654890175,0.05848747337266443,0.032535653965662756,0.0653485180607767,17.102,17.455,17.957,18.957,1.0,17.652,18.625,20.276,22.223000000000003,0.6666666666666666,1.9146814895191642,0.22293596071239247,59.9348534201955,64.33566433566438,0.5369724770642229,4,2
2023/2/6 15:00,20.26,20.29,19.43,19.74,2023-02-06 15:00:00,-0.02566633761105642,0.04244817374136226,0.0014807502467915885,0.01530108588351425,0.011788826242952188,0.032619775739041845,0.03844182470527934,18.997999999999998,0.03905674281503321,18.544,0.06449525452976693,17.7215,0.1139011934655644,19.008666666666667,0.03847367867288597,0.03294224793703119,0.04765152629699432,0.03325392741303595,0.07364110999276893,0.033600768433978086,0.058612232235995765,0.03258458715657299,0.0648261863933315,17.335,17.515,18.178,19.474,1.0,17.652,18.625,19.889999999999997,21.729,0.7,1.8361402545215901,0.3757461619159076,79.00763358778633,64.92434662998626,0.837926949654491,0,2
2023/2/7 15:00,19.92,19.92,18.83,19.09,2023-02-07 15:00:00,-0.041666666666666755,0.0547188755020082,0.0,0.013052208835341443,-0.032928064842958404,-0.016781836130306038,0.009118541033434817,19.282,-0.00995747329115238,18.723000000000003,0.019601559579127133,17.854000000000003,0.06922818416041206,18.927333333333333,0.008594272832940009,0.03498239214492109,0.04706102501001839,0.03579458421545167,0.07244633087630309,0.03460304777501973,0.0578151064802878,0.03223391448086682,0.06482157095424518,17.378,17.62,18.334,19.474,0.85,17.652,18.625,19.586,21.446,0.6333333333333333,1.1272983080132937,0.0886830959710209,64.48598130841124,61.29870129870131,1.0445833333333365,1,2
2023/2/8 15:00,19.23,19.25,18.37,18.55,2023-02-08 15:00:00,-0.03536141445657825,0.04576183047321888,0.0010400416016640443,0.009360374414976584,-0.028287061288632787,-0.03463855421686757,0.007333682556312235,19.272,-0.03746367787463666,18.791,-0.012825288702038192,17.966,0.03250584437270397,18.858166666666666,-0.016341284500967657,0.03246292574430307,0.04490117391009203,0.03674623787184595,0.07124778550738711,0.03538922364507409,0.05841848079576584,0.03174240064028649,0.06428422685764737,17.432,17.770000000000003,18.565,19.474,0.7,17.652,18.575000000000003,19.513,21.411,0.5,0.5596343515794779,-0.17444346275567113,63.496932515337434,57.07317073170733,0.8488819552782102,2,2
2023/2/9 15:00,18.75,18.84,17.97,18.29,2023-02-09 15:00:00,-0.02453333333333338,0.04640000000000005,0.004799999999999993,0.01706666666666668,-0.014016172506738589,-0.0249609984399376,0.01078167115902961,19.036,-0.03918890523219175,18.729999999999997,-0.023491724506139764,18.073,0.012006861063464767,18.780166666666666,-0.02610022985241525,0.01917268567738068,0.043370363099281196,0.03186013413935651,0.0649356666301169,0.03550695738086417,0.058766393417125064,0.03171441708696633,0.0644553253919675,17.457,18.015,18.565,19.474,0.65,17.652,18.47,19.482,21.266000000000002,0.48333333333333334,0.2276185843135992,-0.29119417781013823,44.01544401544397,62.31691078561918,0.848656000000001,3,2
2023/2/10 15:00,18.48,18.64,17.73,18.02,2023-02-10 15:00:00,-0.024891774891774937,0.04924242424242425,0.008658008658008665,0.015692640692640647,-0.014762165117550574,-0.014399999999999968,0.01038819026790603,18.738,-0.038317856761660794,18.71,-0.03687867450561204,18.152499999999996,-0.007299270072992522,18.698666666666668,-0.036294922989161524,0.01742536412694321,0.04771426079180272,0.030062639493645432,0.05914562334007363,0.03573194350897389,0.06034705566268093,0.03174873062552457,0.06452007753470422,17.537,18.09,18.565,19.474,0.5,17.652,18.34,19.323,20.98,0.38333333333333336,-0.15195859240809378,-0.42520972484081726,13.567839195979886,54.20974889217135,0.8873484848484849,4,2
2023/2/13 15:00,18.15,24.04,18.07,18.36,2023-02-13 15:00:00,0.011570247933884345,0.3289256198347107,0.31294765840220384,0.004407713498622496,0.018867924528301883,-0.017857142857142905,0.007214206437291843,18.462,-0.005524861878453056,18.73,-0.019754404698344954,18.197499999999998,0.008929798049182659,18.63516666666667,-0.014765989035068323,0.020267091622062798,0.10500975001047239,0.0306612627992103,0.07633063815373338,0.0332825564910041,0.07519077255185236,0.03164910285904592,0.0690865838828501,17.64,18.189999999999998,18.565,19.474,0.65,17.652,18.325,19.141,20.797,0.5166666666666667,0.189519592459836,-0.17984137572597744,24.890829694323045,57.61494252873563,6.039074380165288,0,2
2023/2/14 15:00,18.55,18.64,17.91,18.13,2023-02-14 15:00:00,-0.022641509433962356,0.039353099730458245,0.004851752021563334,0.011859838274932553,-0.012527233115468439,0.02203856749311317,0.010348583877995712,18.27,-0.007662835249042177,18.776000000000003,-0.03440562420110802,18.2255,-0.005239911113549766,18.55633333333333,-0.022975084876681755,0.017413094228083233,0.10193659485616242,0.02948677966662461,0.07449880993309041,0.03345124988861113,0.07614262618397347,0.03136002054715998,0.06882663808899882,17.810000000000002,18.189999999999998,18.565,19.474,0.45,17.652,18.259999999999998,19.034000000000002,20.582,0.4,-0.1130293328828766,-0.2987468256811426,14.8471615720524,51.96374622356495,0.713471698113208,1,2
2023/2/15 15:00,18.3,18.39,17.71,17.86,2023-02-15 15:00:00,-0.024043715846994603,0.037158469945355176,0.004918032786885238,0.008196721311475332,-0.014892443463871974,-0.013477088948787075,0.009376723662438042,18.131999999999998,-0.015001103022280967,18.701999999999998,-0.04502192278900646,18.250999999999998,-0.021423483644731702,18.497000000000003,-0.034438016975726,0.014751122919310952,0.10021592275058969,0.02408474808652738,0.07255854833034087,0.033509932825706655,0.07617470698461201,0.030410628204732924,0.06793471966926252,17.867,18.189999999999998,18.565,19.474,0.3,17.652,18.225,18.933,20.524,0.35,-0.47419788860771495,-0.4618634011838117,17.801047120418843,41.12627986348122,0.6636502732240435,2,2
2023/2/16 15:00,17.9,18.62,16.74,18.0,2023-02-16 15:00:00,0.00558659217877103,0.10502793296089401,0.03463687150837995,0.06480446927374303,0.007838745800671898,-0.021857923497267895,0.0022396416573347787,18.073999999999998,-0.004094279074914135,18.555,-0.02991107518189166,18.2815,-0.015398080026256115,18.442833333333336,-0.024011133502625386,0.015541768615345078,0.11194150934276847,0.017150810951958622,0.07765593622102483,0.03353561428321877,0.08034224738622202,0.030431667977328932,0.0687849082103005,17.961000000000002,18.189999999999998,18.565,19.474,0.35,17.652,18.215,18.879,20.412,0.4,-0.35099780780678996,-0.3323917307866179,31.788079470198667,47.93233082706767,1.890502793296092,3,2
2023/2/17 15:00,18.23,18.23,17.58,18.0,2023-02-17 15:00:00,-0.012616566099835459,0.03565551289083939,0.0,0.023038946791003934,0.0,0.018435754189944253,0.012777777777777801,18.07,-0.0038738240177089256,18.404,-0.0219517496196479,18.3595,-0.0195811432773224,18.393666666666668,-0.02140229426795463,0.014107261233178313,0.10922412707245151,0.017033065325367313,0.07846919393212712,0.030769311099695697,0.07868361233679358,0.030393388962201975,0.06861378094154895,18.0,18.189999999999998,18.565,19.474,0.325,17.652,18.195,18.856,20.4,0.4083333333333333,-0.5286254793654146,-0.3046967731410315,38.400000000000034,48.47908745247148,0.641799232035109,4,2
2023/2/20 15:00,18.85,18.89,17.86,18.18,2023-02-20 15:00:00,-0.035543766578249425,0.054641909814323666,0.002122015915119318,0.01697612732095492,0.010000000000000009,0.034009873834339066,0.047222222222222304,18.034,0.00809581900853947,18.247999999999998,-0.0037264357737833106,18.396,-0.011741682974559745,18.357333333333333,-0.009660081348053458,0.01142150964916998,0.05436738506837409,0.016811363302658186,0.07968856753942324,0.02781001437229156,0.07666483876609609,0.030237137967523323,0.06830477531506748,18.014,18.2,18.565,19.474,0.5,17.652,18.18,18.773,20.4,0.5083333333333333,-0.3335946858508088,-0.140056566026266,56.896551724137936,55.151515151515135,0.9933899204244042,0,2
2023/2/21 15:00,18.38,18.74,17.95,18.22,2023-02-21 15:00:00,-0.0087051142546246,0.04298150163220888,0.019586507072905303,0.014689880304678977,0.002200220022002153,-0.024933687002652638,0.011001100110010962,18.052,0.009306448038998409,18.160999999999998,0.0032487197841529133,18.442,-0.012037739941438093,18.321,-0.005512799519677017,0.009782311047491022,0.05509306544872421,0.014559446237555394,0.07851483015244333,0.027689576582068238,0.0754805805143732,0.030237602844546973,0.06800841582350821,18.096999999999998,18.22,18.565,19.474,0.525,17.652,18.18,18.677,20.256,0.5583333333333333,-0.37237244933853053,-0.08161617460116023,41.86046511627903,45.32019704433493,0.7831229597388457,1,2
2023/2/22 15:00,18.57,18.85,17.83,18.0,2023-02-22 15:00:00,-0.03069466882067853,0.054927302100161716,0.015078082929456173,0.009154550350027017,-0.01207464324917662,0.010337323177366686,0.019209659714599422,18.080000000000002,-0.004424778761062048,18.106,-0.005854412901800598,18.4485,-0.02431091958695825,18.279,-0.01526341703594288,0.008651558048361995,0.05864683187968552,0.012360055349911383,0.07943137731513761,0.02694281212393774,0.07533958141126237,0.03025280309807967,0.06806543224497026,18.096999999999998,18.22,18.565,19.474,0.2,17.652,18.17,18.65,19.79,0.4166666666666667,-0.7597930713972537,-0.23174492226164364,42.35294117647063,28.445747800586503,0.9886914378029109,2,2
2023/2/23 15:00,18.16,18.22,17.5,17.73,2023-02-23 15:00:00,-0.023678414096916282,0.039647577092510954,0.0033039647577091805,0.012665198237885486,-0.015000000000000013,-0.0220786214324179,0.008888888888888898,18.026,-0.016420725618550947,18.05,-0.017728531855955694,18.39,-0.03588907014681893,18.231833333333334,-0.027525116325840357,0.01038494444462608,0.04557076070600891,0.012461543782892206,0.07875613502438869,0.023545529505252103,0.07184590082725281,0.03029691557818873,0.06770120501894956,18.014,18.2,18.416999999999998,19.474,0.1,17.652,18.16,18.615000000000002,19.541999999999998,0.35,-1.0980432453194238,-0.42967776530877766,42.35294117647063,25.549450549450484,0.7029515418502192,3,2
2023/2/24 15:00,17.91,17.92,17.36,17.37,2023-02-24 15:00:00,-0.030150753768844175,0.031267448352875614,0.000558347292015721,0.000558347292015721,-0.02030456852791873,-0.013766519823788514,0.010152284263959374,17.9,-0.0296089385474859,17.985,-0.03419516263552952,18.3475,-0.0532770132170595,18.184000000000005,-0.04476462824461083,0.012653074613152987,0.044693147798416155,0.01314555642011493,0.07695863743543382,0.022630663252639318,0.06805213038775373,0.03033899132547714,0.06777885229959296,18.0,18.17,18.416999999999998,19.474,0.05,17.601,18.145,18.565,19.511000000000003,0.21666666666666667,-1.5217445925976967,-0.7122915238825916,20.560747663551354,18.56763925729443,0.5431155778894494,4,2
2023/2/27 15:00,18.18,18.44,17.88,18.42,2023-02-27 15:00:00,0.01320132013201331,0.030803080308030927,0.0011001100110010766,0.016501650165016542,0.06044905008635593,0.015075376884422065,0.04663212435233153,17.948,0.026298194784934326,17.991000000000003,0.023845255961313903,18.360500000000002,0.0032406524876773444,18.151,0.014820120103575666,0.03314877901559793,0.03992538189715761,0.02352050381531994,0.047146383482765855,0.026600762985479,0.0617385108182496,0.031373295282568395,0.06784790024494332,18.0,18.2,18.459,19.474,0.7,17.601,18.145,18.459,19.474,0.7,0.09282516358731291,0.24328452192813385,59.90566037735855,41.9664268585132,0.5673927392739297,0,2
2023/2/28 15:00,18.42,18.44,17.76,17.76,2023-02-28 15:00:00,-0.035830618892508145,0.03691639522258413,0.0010857763300759812,0.0,-0.03583061889250816,0.013201320132013361,0.0,17.856,-0.005376344086021509,17.954,-0.010805391556199122,18.365000000000002,-0.032943098284780856,18.085666666666665,-0.01800689311978159,0.0374746007073825,0.03871236061523266,0.02598725966952186,0.046902713031978446,0.027159094877560342,0.06070076148253443,0.030536707696544835,0.06728425532944363,18.0,18.2,18.459,19.474,0.15,17.601,18.075,18.399,19.281000000000002,0.38333333333333336,-0.9509809757232225,-0.32409158218695905,41.92307692307695,40.792540792540805,0.6556351791530942,1,2
2023/3/1 15:00,18.0,18.12,17.55,17.61,2023-03-01 15:00:00,-0.0216666666666667,0.03166666666666668,0.006666666666666722,0.0033333333333332624,-0.008445945945946054,-0.022801302931596212,0.013513513513513424,17.778,-0.009449881876476503,17.929000000000002,-0.017792403368843916,18.3155,-0.038519286942753445,18.022333333333336,-0.022879020474596497,0.037327346176975314,0.03406023352853365,0.025703744729638073,0.04635353270410959,0.024281922138210333,0.05945604051722523,0.03051975322839846,0.06710834640078113,18.0,18.155,18.378,19.474,0.1,17.601,18.009999999999998,18.369,19.107,0.325,-1.0768205389393917,-0.4547388574296792,38.74538745387455,41.866028708133975,0.5576500000000003,2,3
2023/3/2 15:00,17.75,17.77,17.34,17.35,2023-03-02 15:00:00,-0.022535211267605555,0.02422535211267604,0.0011267605633802577,0.0005633802816902289,-0.014764338444065772,-0.01388888888888884,0.007950028392958578,17.701999999999998,-0.019884758784317974,17.864,-0.028772951186744253,18.2095,-0.04720063703012148,17.96516666666667,-0.03424219090647644,0.03730985510386551,0.03097578853256667,0.025822270928510447,0.0382732746192878,0.021449214790635687,0.05796460542015632,0.030361222821000143,0.06672028185112154,17.958,18.075,18.311,19.132,0.05,17.576999999999998,18.0,18.311,19.018,0.20833333333333334,-1.3652641502591691,-0.7365097298140791,38.18181818181821,41.9664268585132,0.42030985915492936,3,3
2023/3/3 15:00,17.45,17.48,17.11,17.23,2023-03-03 15:00:00,-0.01260744985673346,0.02120343839541553,0.001719197707736455,0.006876790830945616,-0.00691642651296831,-0.016901408450704314,0.005763688760806793,17.674,-0.025121647617969846,17.787,-0.03131500534097929,18.095499999999998,-0.047829570887789635,17.927,-0.038879901824064214,0.03629397100695297,0.028962986541074653,0.025814392260067466,0.03682806716974542,0.02137589829139849,0.05764863055093626,0.029396127411199468,0.06582097629061376,17.830000000000002,18.009999999999998,18.241,18.604000000000003,0.05,17.537,18.0,18.248,18.910999999999998,0.16666666666666666,-1.4753836783566718,-0.8551407001210533,40.384615384615394,35.69620253164558,0.3653352435530096,4,3
2023/3/6 15:00,17.84,21.97,17.18,17.25,2023-03-06 15:00:00,-0.03307174887892376,0.2684977578475336,0.23150224215246631,0.003923766816143513,0.0011607661056296514,0.022349570200573154,0.03540336622170629,17.44,-0.010894495412844108,17.694,-0.025093251949813444,17.971,-0.04012019364531746,17.900333333333332,-0.03633079458483077,0.013987658339509573,0.07650192204897518,0.025427568023655204,0.0582136519730664,0.021040384570974624,0.06895110975624483,0.029083071364334932,0.0694507732689381,17.751,18.0,18.192,18.433000000000003,0.1,17.457,17.935000000000002,18.223,18.910999999999998,0.18333333333333332,-1.5264457759591958,-0.8023637401504733,47.345132743362804,38.235294117647065,4.631586322869954,0,3
2023/3/7 15:00,17.43,17.47,16.92,17.43,2023-03-07 15:00:00,0.0,0.03155479059093501,0.0022948938611588726,0.029259896729776136,0.01043478260869568,-0.02298206278026904,0.010434782608695636,17.374000000000002,0.0032232070910554493,17.615000000000002,-0.010502412716434985,17.887999999999998,-0.025603756708407786,17.874000000000002,-0.024840550520308972,0.009730209657971382,0.07542960112264538,0.025815326368995372,0.05707098086893901,0.02039942665115422,0.06779290551069117,0.029094994154241317,0.06931138450072492,17.694,18.0,18.145,18.366,0.25,17.444,17.87,18.22,18.873,0.3,-1.1263115562567494,-0.5553822510072569,14.388489208633032,44.109589041095894,0.5499999999999972,1,3
2023/3/8 15:00,17.48,22.36,17.36,17.44,2023-03-08 15:00:00,-0.002288329519450752,0.2860411899313501,0.27917620137299765,0.004576659038901708,0.0005737234652898326,0.002868617326448719,0.0028686173264486927,17.34,0.005767012687427994,17.559,-0.006777151318412197,17.8325,-0.022010374316556752,17.853833333333334,-0.023178962501050164,0.009464277192244628,0.12630450577558205,0.02569234394763342,0.08018236965205787,0.019622534883705533,0.07980687348359773,0.029000378927064863,0.0734037636267874,17.559,17.93,18.053,18.297,0.3,17.437,17.865000000000002,18.213,18.873,0.31666666666666665,-1.0147533540864173,-0.5206823269581727,28.378378378378414,42.04545454545456,4.9885583524027455,2,3
2023/3/9 15:00,17.64,17.64,17.21,17.3,2023-03-09 15:00:00,-0.019274376417233553,0.024376417233560075,0.0,0.005102040816326522,-0.008027522935779796,0.009153318077803174,0.01146788990825684,17.33,-0.0017311021350258273,17.516000000000002,-0.012331582553094375,17.783,-0.02716077152336504,17.839166666666667,-0.030223758583640858,0.007438069945582818,0.12633471879975885,0.025419571973785974,0.07865525366616277,0.019489225402968356,0.07870569434527573,0.028838845532602794,0.07244319421383703,17.437,17.810000000000002,18.006,18.233999999999998,0.15,17.418,17.810000000000002,18.213,18.873,0.21666666666666667,-1.2432199957792225,-0.6766764267830274,28.767123287671325,40.437158469945366,0.42171201814058934,3,3
2023/3/10 15:00,17.54,18.31,17.54,18.14,2023-03-10 15:00:00,0.034207525655644326,0.04389965792474342,0.009692132269099096,0.0,0.048554913294797775,-0.005668934240362855,0.013872832369942106,17.512,0.0358611238008223,17.593,0.03109191155573243,17.788999999999998,0.019731294620271105,17.846999999999998,0.016417325040623234,0.022232826550311936,0.13087396270562443,0.029030606763831117,0.07991847462334956,0.022343436017176716,0.07843855602939169,0.02928717001036194,0.07224334832993436,17.437,17.810000000000002,18.038999999999998,18.233999999999998,0.8,17.418,17.865000000000002,18.213,18.873,0.6333333333333333,0.892544621526043,0.3674417393218828,80.15267175572511,49.537037037037045,0.7963397947548457,4,3
2023/3/13 15:00,18.78,19.8,17.68,17.97,2023-03-13 15:00:00,-0.04313099041533558,0.11288604898828546,0.05431309904153352,0.015441959531416354,-0.009371554575523744,0.07069555302166486,0.03528114663726574,17.656,0.017784322609877667,17.548,0.024048324595395524,17.7695,0.011283378823264476,17.8535,0.006525331167558097,0.023788097163089227,0.0997516209337748,0.02157718996585766,0.08812677149137502,0.022015793350865197,0.06763657748707044,0.02930709746387245,0.07371233403579461,17.437,17.810000000000002,18.0,18.184,0.6,17.418,17.87,18.213,18.873,0.5333333333333333,0.5381400997921332,0.14621327269560608,77.20588235294106,47.19101123595506,2.0285623003194897,0,3
2023/3/14 15:00,18.11,19.0,18.11,18.67,2023-03-14 15:00:00,0.0309221424627279,0.04914411927112096,0.018221976808393058,0.0,0.038953811908736924,-0.035676251331203446,0.007790762381747389,17.904,0.04278373547810555,17.639000000000003,0.058450025511650246,17.7965,0.04908268479757255,17.862000000000002,0.04523569589071771,0.027515212128517753,0.10326948666981199,0.021610128309247446,0.08934954389622869,0.02353539975764554,0.06812612846410357,0.029428006117957258,0.07374687431957802,17.437,17.810000000000002,18.0,18.24,1.0,17.418,17.87,18.22,18.873,0.8666666666666667,2.094735633029076,1.006472334158102,84.80392156862739,56.795131845841794,0.9175207067918284,1,3
2023/3/15 15:00,18.52,18.52,17.62,17.95,2023-03-15 15:00:00,-0.030777537796976256,0.048596112311015044,0.0,0.017818574514038784,-0.0385645420460633,0.022639425731640017,-0.008034279592929947,18.006,-0.0031100744196379507,17.673000000000002,0.015673626435805887,17.801,0.00837031627436666,17.857666666666667,0.005170514998226672,0.036453571128594785,0.05578047114574499,0.02547832628073477,0.09104248846066353,0.024966888587539978,0.06869801058238656,0.02986369369618846,0.07406446816808764,17.437,17.855,18.0,18.24,0.55,17.418,17.87,18.22,18.873,0.5333333333333333,0.35628636735651603,0.11518708056559371,60.077519379844915,52.044609665427494,0.87230021598272,2,3
2023/3/16 15:00,17.83,18.59,17.71,18.43,2023-03-16 15:00:00,0.03365114974761646,0.0493550196298373,0.00897363993269771,0.006730229949523133,0.02674094707520891,-0.03725701943844495,-0.006685236768802284,18.232,0.010860026327336573,17.781,0.036499634441257575,17.822499999999998,0.034086127086548006,17.867,0.03151060614540767,0.03635109762050805,0.060776191625000434,0.025785929410705663,0.09355545521237965,0.025607147224689437,0.06591436491583372,0.029952802283239686,0.07433391436032233,17.437,17.855,18.042,18.421000000000003,0.95,17.418,17.91,18.223,18.873,0.8,1.3823033606311512,0.6993845069433051,66.22950819672124,59.636363636363605,0.9096130117779014,3,3
2023/3/17 15:00,18.49,18.49,17.16,17.3,2023-03-17 15:00:00,-0.06435911303407235,0.0719307733910221,0.0,0.007571660356949734,-0.06131307650569717,0.037016264722377956,0.0032555615843732353,18.064,-0.042294065544729816,17.788,-0.027434225320440722,17.7875,-0.02740688685874916,17.870166666666666,-0.03190606317792216,0.04238933711266481,0.06638241471825618,0.033484730990098674,0.09862818871194032,0.02921124474148764,0.06772812794084286,0.03050796997752933,0.07451515882333,17.412,17.745,18.042,18.421000000000003,0.175,17.418,17.91,18.223,18.873,0.20833333333333334,-1.0778460144776583,-0.7106346127995713,50.0,39.9641577060932,1.2444023796646824,4,3
2023/3/20 15:00,18.21,18.38,17.68,18.21,2023-03-20 15:00:00,0.0,0.03844041735310265,0.009335529928610552,0.029104887424492097,0.05260115606936422,-0.015143320713899233,0.05260115606936417,18.112000000000002,0.005410777385158954,17.884,0.018228584209349166,17.789,0.023666310641407576,17.8885,0.017972440394666982,0.050443111167795374,0.05149328839121962,0.037264686278198705,0.07562245466249722,0.031558770327924535,0.0669180533177818,0.03123641581434282,0.07458210898059199,17.412,17.745,18.042,18.421000000000003,0.8,17.437,17.96,18.223,18.873,0.6666666666666666,0.9279081614099627,0.4032756271108318,50.851581508515814,53.85934819897083,0.6999999999999993,0,3
2023/3/21 15:00,18.17,18.32,17.4,17.69,2023-03-21 15:00:00,-0.026417171161254836,0.05063291139240515,0.00825536598789205,0.015960374243258264,-0.02855573860516203,-0.002196595277320079,-0.002196595277320107,17.916000000000004,-0.012614422862246183,17.91,-0.012283640424343878,17.762500000000003,-0.004081632653061312,17.8795,-0.01059873038955222,0.04759705108332377,0.05179104681547645,0.038765478291733504,0.07753026674264422,0.03221675005180104,0.06730062380579162,0.03031896478072057,0.07385295712926691,17.412,17.71,17.979,18.421000000000003,0.5,17.437,17.91,18.22,18.873,0.43333333333333335,-0.16382295665708846,-0.23796114413050767,46.86098654708523,50.6451612903226,0.8956962025316472,1,3
2023/3/22 15:00,17.7,17.77,16.55,16.68,2023-03-22 15:00:00,-0.057627118644067776,0.06892655367231633,0.003954802259887022,0.007344632768361526,-0.05709440361786333,-0.025866813428728763,0.0005652911249292261,17.662,-0.05559959234514774,17.834,-0.06470786138835931,17.696500000000004,-0.0574407368688726,17.843,-0.06517962226083059,0.05099492940014491,0.05585713508773671,0.04307716156119435,0.05581880311674085,0.03452261465131766,0.06800058638439935,0.03083885335629603,0.07410887588094836,17.364,17.65,17.956,18.421000000000003,0.05,17.418,17.865000000000002,18.213,18.756,0.11666666666666667,-2.033116640037264,-1.4530986375164752,29.140461215932902,45.17985611510791,1.1496949152542364,2,3
2023/3/23 15:00,16.87,16.93,15.66,15.66,2023-03-23 15:00:00,-0.07172495554238298,0.0752815649081209,0.0035566093657379205,0.0,-0.0611510791366906,-0.04689265536723153,0.011390887290167942,17.107999999999997,-0.08463876548982915,17.669999999999998,-0.11375212224108648,17.593,-0.10987324504064115,17.797500000000003,-0.12010113780025299,0.04874413587171052,0.06104244414339342,0.04679777010118272,0.060909317884196935,0.036816528057321295,0.06978228577517985,0.03164118109163614,0.07098867822086015,17.335,17.525,17.956,18.421000000000003,0.05,17.384,17.810000000000002,18.189,18.756,0.016666666666666666,-2.8596525599817815,-2.5293321426819886,27.416173570019737,40.00000000000001,1.178909306461173,3,3
2023/3/24 15:00,15.78,15.86,15.24,15.25,2023-03-24 15:00:00,-0.03358681875792138,0.03929024081115331,0.005069708491761729,0.000633713561470202,-0.0261813537675607,-0.06461173681090704,0.007662835249042096,16.698,-0.08671697209246619,17.381,-0.12260514354755193,17.487000000000002,-0.1279236003888604,17.739333333333335,-0.14032846029538884,0.04574019923820854,0.05451433762741966,0.042356064470973044,0.06044837617283792,0.03696369674825259,0.07018342539809373,0.031665718200057646,0.07021093129804977,17.3,17.525,17.956,18.421000000000003,0.05,17.364,17.745,18.166,18.693,0.016666666666666666,-2.61570157313924,-2.7733531449090973,18.200000000000003,37.86407766990293,0.5991761723700879,4,3
2023/3/27 15:00,15.77,16.06,15.5,15.59,2023-03-27 15:00:00,-0.011414077362079882,0.035510462904248495,0.018389346861128673,0.005707038681039941,0.022295081967213193,-0.0006337135614702394,0.034098360655737674,16.174,-0.036107332756275486,17.143,-0.09059091174240219,17.345499999999998,-0.10120780605920833,17.678166666666666,-0.11812122297749575,0.03337605974872448,0.05392834673764883,0.04408773087613143,0.05271081756443423,0.03424735224349581,0.07041879452790462,0.03158387273985539,0.06965425402276464,17.285,17.435000000000002,17.817,18.232,0.1,17.35,17.71,18.146,18.651999999999997,0.03333333333333333,-1.8997424058607566,-2.2770652905229007,29.691211401425164,39.047619047619065,0.5536081166772341,0,3
2023/3/28 15:00,15.63,15.68,15.23,15.39,2023-03-28 15:00:00,-0.015355086372360858,0.028790786948176536,0.0031989763275751077,0.010236724248240571,-0.012828736369467575,-0.00887761572606205,0.0025657472738935807,15.713999999999999,-0.020618556701030806,16.814999999999998,-0.08474576271186425,17.227,-0.10663493353456781,17.62383333333333,-0.1267507069025844,0.034290920896850235,0.04955992184880311,0.04014243902227771,0.05067548433213979,0.033635298577713205,0.07001251411418423,0.03138730600507187,0.06866963051017683,17.244,17.39,17.768,18.232,0.1,17.335,17.68,18.133,18.607000000000003,0.03333333333333333,-1.8088662356642813,-2.340795257880502,9.714285714285708,38.0675203725262,0.4430902111324369,1,3
2023/3/29 15:00,15.36,15.58,15.32,15.43,2023-03-29 15:00:00,0.004557291666666685,0.016927083333333322,0.009765625000000024,0.0026041666666666114,0.002599090318388564,-0.017274472168905985,-0.0019493177387914968,15.463999999999999,-0.0021986549405069145,16.563,-0.06840548209865357,17.118000000000002,-0.09860965066012398,17.5875,-0.12267235252309874,0.031465441458874005,0.03916002778100651,0.039955632718129755,0.047508581434371616,0.03369393045442509,0.06927553494751756,0.030610137044754637,0.06770513609960772,17.065,17.325000000000003,17.768,18.232,0.15,17.3,17.68,18.133,18.607000000000003,0.05,-1.5532193222944826,-2.167354014687174,12.582781456953612,38.987043580683164,0.26118489583333315,2,3
2023/3/30 15:00,15.59,15.79,15.31,15.33,2023-03-30 15:00:00,-0.016677357280307874,0.03078896728672217,0.012828736369467563,0.0012828736369467333,-0.006480881399870353,0.01497395833333326,0.01036941023979262,15.398000000000001,-0.004416157942590037,16.253,-0.05678951578170184,17.017000000000003,-0.09913615795968753,17.554666666666666,-0.1267279355916755,0.018104018256915367,0.030261508256726764,0.03746884184710648,0.045651976200060104,0.0336319339918198,0.06960371570621987,0.03054606215047774,0.06250005351018754,16.374,17.3,17.768,18.232,0.1,17.3,17.68,18.133,18.607000000000003,0.03333333333333333,-1.4596519958035907,-2.1458503405104885,18.00947867298575,31.870967741935488,0.47199486850545086,3,3
2023/3/31 15:00,15.46,15.51,15.21,15.29,2023-03-31 15:00:00,-0.010996119016817704,0.019404915912030977,0.0032341526520051054,0.005174644243208169,-0.002609262883235597,-0.008338678640153918,0.008480104370515381,15.406,-0.007529533947812634,16.052,-0.047470720159481714,16.92,-0.09633569739952733,17.527333333333335,-0.12764824464645708,0.013373874080627284,0.026284443276902297,0.03432814385432778,0.04039939045216099,0.03363704302105091,0.06951378958205065,0.030435435803287482,0.061883297835217115,15.639,17.3,17.768,18.232,0.1,17.3,17.68,18.133,18.607000000000003,0.03333333333333333,-1.3396469086531773,-2.0823783182263087,33.62831858407074,32.41469816272968,0.29670116429495363,4,3
2023/4/3 15:00,15.95,16.3,15.84,16.15,2023-04-03 15:00:00,0.012539184952978013,0.028840125391849585,0.009404388714733676,0.006896551724137895,0.05624591236102017,0.03169469598965069,0.04316546762589929,15.518,0.04072689779610761,15.846,0.019184652278177363,16.865000000000002,-0.04239549362585256,17.519166666666663,-0.07815249964324779,0.027888334405127495,0.024950375774422516,0.03509790924656395,0.039439361256035685,0.03634952571494343,0.05753090795926645,0.031249567884214253,0.061698083317169014,15.639,17.3,17.768,18.232,0.4,17.3,17.68,18.133,18.607000000000003,0.14166666666666666,-0.5832621766921865,-1.2641200022207053,78.48101265822784,33.80462724935731,0.4657680250783708,0,4
2023/4/4 15:00,16.37,16.7,16.19,16.25,2023-04-04 15:00:00,-0.007330482590103909,0.031154551007941234,0.020158827122785477,0.003665241295051846,0.006191950464396356,0.02633228840125401,0.013622291021671977,15.689999999999998,0.03569152326322513,15.702000000000002,0.03490001273723081,16.806,-0.0330834225871713,17.516000000000002,-0.0722767755195251,0.025649070014983653,0.02542312858637546,0.03492774749468599,0.03749152521758929,0.03628140382872483,0.05751089598011676,0.03121948018717055,0.061039635990365236,15.639,16.990000000000002,17.768,18.232,0.45,17.3,17.68,18.133,18.607000000000003,0.16666666666666666,-0.45364209492034846,-1.1651241816185696,74.6268656716418,38.12849162011174,0.5062614538790451,1,4
2023/4/6 15:00,16.71,16.98,16.66,16.82,2023-04-06 15:00:00,0.006582884500299187,0.019150209455415935,0.009575104727707968,0.0029922202274087796,0.035076923076923006,0.020769700671960933,0.02830769230769236,15.968,0.053356713426853726,15.716,0.07024688215831007,16.775,0.002682563338301145,17.524499999999996,-0.04020086165083147,0.027006295876316085,0.025867753810791982,0.03258689468625859,0.032513890795899246,0.03726090488086353,0.044166346956320046,0.0315200925747441,0.06079723374522787,15.639,16.75,17.768,18.232,0.55,17.3,17.68,18.133,18.607000000000003,0.23333333333333334,0.03698944329165375,-0.6529475737629559,91.81286549707599,38.89655172413794,0.322106523040096,3,4
2023/4/7 15:00,16.96,17.02,16.45,16.49,2023-04-07 15:00:00,-0.027712264150943536,0.03360849056603775,0.0035377358490565284,0.0023584905660376855,-0.019619500594530437,0.014961101137043631,0.00832342449464926,16.2,0.017901234567901183,15.799000000000001,0.04373694537628946,16.7345,-0.014610535122053372,17.530166666666666,-0.05933581160095461,0.030374617126358177,0.026431658466655093,0.025649004571828227,0.028346583361690936,0.0374631915367081,0.04462795062294393,0.03160244230002694,0.06070001279511491,15.639,16.585,17.768,18.232,0.5,17.3,17.68,18.133,18.607000000000003,0.2,-0.20179284064568317,-0.9698653777935717,76.49999999999991,43.720930232558125,0.5542040094339624,4,4
2023/4/10 15:00,17.18,17.18,16.41,16.45,2023-04-10 15:00:00,-0.042491268917345774,0.044819557625145494,0.0,0.0023282887077997177,-0.0024257125530624535,0.01297169811320753,0.04184354154032755,16.432,0.0010954235637780359,15.919,0.03335636660594251,16.65,-0.01201201201201197,17.5305,-0.06163543538404499,0.03034802729599379,0.031514586809278,0.023392769904554588,0.028899515043090157,0.03554740427245457,0.04467394560796404,0.03153044416944046,0.06115318576667889,15.639,16.47,17.417,18.232,0.5,17.3,17.68,18.133,18.607000000000003,0.18333333333333332,-0.1714455142499635,-1.007796609397475,78.86597938144322,34.229390681003565,0.7372817229336434,0,4
2023/4/11 15:00,16.64,16.66,16.01,16.02,2023-04-11 15:00:00,-0.03725961538461545,0.03906249999999992,0.0012019230769230512,0.0006009615384614189,-0.026139817629179274,-0.03143189755529685,0.01155015197568397,16.406,-0.02352797756918196,15.962,0.0036336298709434803,16.5525,-0.03217036701404615,17.5065,-0.0849113186530717,0.024151931017893917,0.033559061730908064,0.02502557451051612,0.029254718752665297,0.03587022871446487,0.04098276815854976,0.030633877065361047,0.06127003939915751,15.639,16.35,16.964,18.232,0.4,17.3,17.68,18.133,18.607000000000003,0.13333333333333333,-0.4706643225586879,-1.3641131088184755,65.66523605150215,34.79052823315118,0.6257812499999986,1,4
2023/4/12 15:00,16.17,16.29,15.45,15.63,2023-04-12 15:00:00,-0.033395176252319164,0.05194805194805193,0.007421150278292977,0.011131725417439795,-0.02434456928838946,-0.02824519230769229,0.009363295880149947,16.282,-0.04004422061171842,15.986,-0.022269485800075057,16.4005,-0.04698027499161612,17.47416666666667,-0.10553674471839389,0.02557639015928614,0.037717761918930205,0.026077773636521386,0.03157044525265283,0.03454549464651412,0.04112296479239631,0.030765718858517244,0.061797239813491105,15.618,16.2,16.722,17.976,0.35,17.285,17.68,18.133,18.607000000000003,0.11666666666666667,-0.7467923558116729,-1.652092943049792,36.02150537634415,39.21971252566736,0.8119480519480518,2,4
2023/4/13 15:00,15.87,17.55,15.05,15.22,2023-04-13 15:00:00,-0.040957781978575844,0.1575299306868305,0.10586011342155019,0.01071203528670447,-0.026231605886116505,-0.01855287569573294,0.015355086372360743,15.962,-0.046485402831725295,15.965,-0.046664578766050686,16.264,-0.06419085095917355,17.43866666666667,-0.12722685220582625,0.01005110680058665,0.06539370616521312,0.02753848461208987,0.04563072998800256,0.034083397820463504,0.04656965571118708,0.030899701130029173,0.06381412442606188,15.542,16.085,16.546999999999997,17.742,0.05,17.244,17.68,18.133,18.607000000000003,0.016666666666666666,-1.0482713041198397,-1.9233807930479634,26.26728110599079,44.83568075117371,2.39760554505356,3,4
2023/4/14 15:00,15.42,15.42,15.05,15.12,2023-04-14 15:00:00,-0.019455252918287983,0.023994811932555073,0.0,0.004539559014267089,-0.006570302233902869,-0.028355387523629427,0.013140604467805472,15.687999999999999,-0.03620601733809279,15.943999999999999,-0.05168088309081786,16.0985,-0.06078206044041383,17.40083333333333,-0.13107609788803212,0.011659637330117227,0.06347097043851659,0.027540464370831113,0.04495131445258584,0.03311390250725819,0.04530164532632297,0.030901380736414682,0.0638527525427929,15.418,15.84,16.462,17.339000000000002,0.05,17.107,17.68,18.133,18.607000000000003,0.016666666666666666,-1.1044043604911327,-1.9138676789839755,0.0,48.35443037974683,0.3628015564202327,4,4
2023/4/17 15:00,15.62,15.72,15.33,15.68,2023-04-17 15:00:00,0.0038412291933419013,0.024967989756722188,0.0025608194622279722,0.018565941101152315,0.03703703703703698,0.012970168612191912,0.033068783068783074,15.534,0.009398738251577122,15.982999999999999,-0.01895764249515104,16.017500000000002,-0.021070703917590267,17.388166666666667,-0.09823730698080115,0.027162278428437554,0.05950065686483191,0.030030939410276125,0.045507621837054965,0.03227959655264465,0.04295350614460797,0.030511857769325235,0.06312174880741481,15.418,15.67,16.31,16.907,0.55,17.107,17.68,18.133,18.607000000000003,0.18333333333333332,-0.40016558973655986,-1.416298059275598,29.01554404145081,51.07913669064748,0.3914980793854039,0,4
2023/4/18 15:00,15.8,15.8,14.99,15.11,2023-04-18 15:00:00,-0.04367088607594945,0.05126582278481016,0.0,0.00759493670886071,-0.03635204081632659,0.011523687580025754,0.00765306122448986,15.352,-0.015763418447107925,15.879,-0.04842874236412873,15.862499999999997,-0.04743892828999199,17.349166666666665,-0.12906479658004705,0.02906697991303673,0.06194132142179397,0.02572999608149828,0.04775019157635103,0.03006308228462948,0.043594776416193345,0.029758907698246757,0.06239255616669041,15.372,15.645,16.18,16.694,0.05,16.778,17.68,18.133,18.607000000000003,0.016666666666666666,-1.0902618703949987,-1.8037976955436699,22.76422764227644,46.916299559471355,0.7746265822784815,1,4
2023/4/19 15:00,15.34,15.34,14.68,14.92,2023-04-19 15:00:00,-0.02737940026075619,0.04302477183833117,0.0,0.015645371577574983,-0.012574454003970836,-0.029113924050632956,0.015221707478491095,15.209999999999999,-0.019066403681788243,15.745999999999999,-0.05245776705194963,15.723999999999998,-0.05113202747392512,17.3095,-0.13804558190588984,0.028209627164506722,0.06015666539984982,0.02539680438139784,0.048937213659390015,0.029722397118123637,0.04321436943848965,0.029778362658327166,0.06199852458621816,15.318,15.61,16.058999999999997,16.509,0.05,16.622999999999998,17.68,18.133,18.607000000000003,0.016666666666666666,-1.4056414382490663,-1.8662536269405134,25.22522522522523,44.56289978678039,0.6419295958279011,2,4
2023/4/20 15:00,14.93,14.93,14.17,14.51,2023-04-20 15:00:00,-0.028131279303415937,0.0509042196918955,0.0,0.022772940388479563,-0.027479892761394065,-0.02672750977835725,0.0006702412868632565,15.068000000000001,-0.037032121051234504,15.515,-0.06477602320335164,15.615499999999997,-0.07079504338637876,17.2535,-0.15901121511577357,0.028405778090171918,0.03883152320086282,0.020845099491400374,0.052112614683037975,0.027828213870350327,0.04231325273946861,0.0295966433462221,0.06188447351171011,15.277999999999999,15.51,15.782,16.454,0.05,16.477999999999998,17.64,18.133,18.607000000000003,0.016666666666666666,-1.8842140522782278,-2.065835852490986,25.000000000000014,41.800000000000004,0.7386202277294037,3,4
2023/4/21 15:00,14.65,16.61,14.41,16.17,2023-04-21 15:00:00,0.10375426621160419,0.15017064846416378,0.030034129692832607,0.016382252559726976,0.11440385940730535,-0.0187541862022772,0.009648518263266752,15.278,0.05838460531483186,15.482999999999999,0.04437124588258109,15.641,0.033821366920273745,17.208000000000002,-0.06032078103207811,0.06238726217527313,0.06406669050718457,0.045578277907075755,0.06376883047285058,0.03615092492746182,0.04605770691727075,0.03234842948014379,0.0625619645065678,15.277999999999999,15.51,16.058999999999997,16.454,0.8,16.39,17.525,18.053,18.555,0.2833333333333333,0.882119449430494,-0.7879212194427601,63.61031518624642,56.64652567975833,2.4282593856655286,4,4
2023/4/24 15:00,16.76,17.67,16.1,17.13,2023-04-24 15:00:00,0.022076372315035644,0.09367541766109785,0.03221957040572808,0.039379474940334135,0.05936920222634501,0.1440273037542663,0.03648732220160791,15.568000000000001,0.10033401849948596,15.550999999999998,0.10153687865732113,15.735,0.08865586272640608,17.189833333333336,-0.0034807395844445167,0.06509920054862162,0.07780817608805969,0.049402355679220175,0.06865441647644581,0.03764632458875871,0.048776965759767976,0.03299107104208298,0.06233750718187182,15.318,15.61,16.156,16.523,1.0,16.39,17.435000000000002,18.006,18.555,0.38333333333333336,2.05911363717867,-0.04565000548780219,73.10344827586206,57.291666666666664,1.6046599045346062,0,4
2023/4/25 15:00,17.08,21.2,16.94,18.47,2023-04-25 15:00:00,0.08138173302107732,0.2494145199063231,0.15983606557377053,0.008196721311475237,0.07822533566841794,0.01909307875894961,-0.0029188558085231006,16.240000000000002,0.13731527093596038,15.795999999999998,0.16928336287667775,15.879000000000001,0.16317148435039974,17.195,0.07414946205292228,0.06054203838823598,0.1174379155123623,0.05296231771520407,0.08968961846707812,0.04082617002600443,0.059472168609871714,0.034517404601429484,0.0638764913186753,15.318,15.655000000000001,16.194000000000003,16.851,1.0,16.39,17.435000000000002,18.006,18.555,0.8833333333333333,2.844444742634015,0.9694419599004256,77.19298245614036,63.94472361809044,4.606686182669788,1,4
2023/4/26 15:00,18.77,18.93,16.9,17.58,2023-04-26 15:00:00,-0.06339904102290897,0.10815130527437407,0.008524240809802885,0.03622802344166221,-0.04818624796968063,0.0989461358313819,0.016242555495397982,16.772,0.04817553064631528,15.991,0.09936839472203106,15.988499999999998,0.09954029458673422,17.193499999999997,0.022479425364236583,0.0699832023038481,0.13046322219957085,0.055436521101979774,0.09530994379971035,0.042562296633006494,0.06344019452618159,0.034913534534041384,0.06471782337430007,15.318,15.85,16.31,17.175,0.95,16.39,17.435000000000002,18.006,18.555,0.5333333333333333,1.6270204579211922,0.2939856731082152,72.66055045871559,54.58937198067631,1.901299946723496,2,4
2023/4/27 15:00,17.84,17.98,16.06,16.33,2023-04-27 15:00:00,-0.08464125560538126,0.10762331838565033,0.007847533632287027,0.015134529147982039,-0.07110352673492604,-0.049547149706979154,0.01478953356086471,17.136000000000003,-0.04703548085901053,16.101999999999997,0.01415973171034664,16.033499999999997,0.0184925312626689,17.155666666666665,-0.048127926632599544,0.08152830592179716,0.1418070419383218,0.060558999891774545,0.09031928256959233,0.04605678398040574,0.06797500627879743,0.03543277865095453,0.06556886058118008,15.318,16.085,16.366,17.175,0.7,16.305999999999997,17.4,18.0,18.477999999999998,0.31666666666666665,0.3051026943570155,-0.632131327533535,60.82949308755759,49.130434782608695,1.7574887892376696,3,4
2023/4/28 15:00,16.35,16.35,15.25,15.29,2023-04-28 15:00:00,-0.0648318042813457,0.06727828746177378,0.0,0.0024464831804280824,-0.06368646662584199,-0.08352017937219725,0.0012247397428048455,16.959999999999997,-0.09846698113207537,16.119,-0.05142998945344008,16.0315,-0.04625269001653008,17.086,-0.10511529907526627,0.07187766960417676,0.12522856973784383,0.06470813609864051,0.0946476301225142,0.048444703131704646,0.06979947228755001,0.03574719949675619,0.06578926447130874,15.29,16.085,16.366,17.175,0.325,16.226,17.36,18.0,18.434,0.125,-0.7617880422223527,-1.3900613766709833,55.46218487394958,44.31372549019608,1.028685015290521,4,4
2023/5/4 15:00,16.53,16.53,15.78,15.93,2023-05-04 15:00:00,-0.03629764065335762,0.04537205081669702,0.0,0.009074410163339404,0.04185742315238716,0.011009174311926495,0.0810987573577503,16.72,-0.04724880382775115,16.144,-0.013255698711595557,16.063499999999998,-0.008310766644878015,17.026333333333334,-0.06439045400262342,0.06803256761246937,0.11556789636896365,0.06500741534640014,0.09668803622851169,0.04928529832178264,0.0710978290327833,0.036216375168655765,0.06608674972192341,15.528,16.085,16.366,17.175,0.45,16.164,17.325000000000003,17.979,18.421000000000003,0.26666666666666666,-0.13933708167570152,-0.8697827664245491,48.039215686274495,49.56772334293949,0.7227767695099835,3,5
2023/5/5 15:00,16.05,16.57,15.7,15.9,2023-05-05 15:00:00,-0.009345794392523386,0.054205607476635574,0.03239875389408097,0.012461059190031218,-0.0018832391713746732,-0.029038112522686066,0.007532956685499121,16.205999999999996,-0.018881895594224096,16.223,-0.01991000431486153,16.051,-0.009407513550557476,16.962333333333333,-0.0626289622103877,0.04769503333766705,0.07652611388302615,0.06356037586376449,0.09698201469769421,0.04767930752220797,0.0723661031370226,0.036166413444424714,0.06628270695084464,15.528,15.975,16.366,17.175,0.45,16.110999999999997,17.3,17.956,18.366,0.26666666666666666,-0.1575294393419012,-0.8728484934880802,38.15028901734105,51.343283582089555,0.8618691588785057,4,5
2023/5/8 15:00,16.43,16.43,15.77,15.89,2023-05-08 15:00:00,-0.032866707242848396,0.040170419963481446,0.0,0.007303712720633049,-0.0006289308176100628,0.023676012461059104,0.03333333333333329,15.867999999999999,0.0013864381144442918,16.32,-0.026348039215686257,16.032999999999998,-0.00891910434728355,16.909000000000002,-0.060263764858950956,0.04755450524363659,0.06292993682084762,0.06326539504510295,0.09669657951020924,0.04765917121262988,0.07281689658479963,0.03595260210128184,0.06604023269186918,15.528,15.915,16.366,17.175,0.45,15.993,17.275,17.887,18.297,0.26666666666666666,-0.14926972195789634,-0.854773173230299,16.580310880829032,53.47150259067357,0.6383079732197202,0,5
2023/5/9 15:00,16.01,16.71,15.9,16.71,2023-05-09 15:00:00,0.04372267332916922,0.050593379138038755,0.0,0.006870705808869532,0.05160478288231585,-0.025562994522215332,0.0075519194461926365,15.943999999999999,0.04804315102860022,16.54,0.010278113663845328,16.0275,0.042583060364997725,16.878333333333334,-0.009973338599782739,0.045624404710694295,0.05152394897132532,0.06326809781547435,0.09666549545482357,0.04843748915573817,0.07438905506893076,0.03645450088752474,0.06612075850294952,15.528,15.915,16.366,17.175,0.85,15.993,17.240000000000002,17.79,18.227,0.45,0.7157488956567997,-0.14354238042800058,38.52242744063328,57.66634522661525,0.8454153653966276,1,5
2023/5/10 15:00,16.97,17.14,16.18,16.63,2023-05-10 15:00:00,-0.02003535651149086,0.056570418385386026,0.010017678255745534,0.026517383618149634,-0.004787552363854086,0.05996252342286046,0.015559545182525314,16.212,0.02578337034295579,16.586000000000002,0.00265283974436253,16.0345,0.03713866974336572,16.850666666666665,-0.013095426491533453,0.027189913441522922,0.049382375156047764,0.05307557550761463,0.0873054724469458,0.04822205376430419,0.07553715145989817,0.036418507315324825,0.06629026547603928,15.528,15.915,16.366,17.175,0.8,15.993,17.18,17.739,18.211000000000002,0.43333333333333335,0.6218504367117033,-0.19050366597470536,55.72519083969467,54.802831142568245,0.9407660577489696,2,5
2023/5/11 15:00,16.76,16.78,16.2,16.34,2023-05-11 15:00:00,-0.02505966587112182,0.03460620525059677,0.001193317422434342,0.008353221957040606,-0.01743836440168367,-0.012374779021803062,0.007817197835237677,16.294,0.002823125076715317,16.506999999999998,-0.010116920094505244,16.029,0.019402333270946405,16.822666666666667,-0.028691448046286764,0.02669105233293927,0.047229206042827716,0.049630925718684424,0.08139855120589569,0.048402968270243735,0.07502648384117075,0.036437356219000384,0.06604632849284216,15.528,15.915,16.333,17.175,0.75,15.993,16.975,17.702,18.211000000000002,0.4,0.32550885503994936,-0.4197605193918752,78.07486631016043,56.39958376690947,0.5654653937947511,3,5
2023/5/12 15:00,16.55,17.03,16.03,16.65,2023-05-12 15:00:00,0.006042296072507424,0.060422960725075525,0.022960725075528855,0.03141993957703925,0.01897184822521414,-0.01252983293556087,0.012851897184822573,16.444,0.012527365604475768,16.325,0.019908116385911136,16.0605,0.03670495937237305,16.794166666666666,-0.008584329876445215,0.026902247496621037,0.048472676692515704,0.04167566149520826,0.062499395287770945,0.048134084053271964,0.07609450687742453,0.036438318389924014,0.061571284174348234,15.528,15.915,16.427,17.175,0.8,15.993,16.765,17.634,18.183,0.4666666666666667,0.6105975663919153,-0.1273368146440112,73.37662337662336,58.89003083247687,1.0060422960725075,4,5
2023/5/15 15:00,17.14,17.38,15.56,15.88,2023-05-15 15:00:00,-0.07351225204200698,0.10618436406067669,0.014002333722286956,0.018669778296382746,-0.04624624624624607,0.03564954682779464,0.02942942942942955,16.442,-0.03418075659895386,16.154999999999998,-0.01702259362426474,16.073,-0.012007714801219413,16.756666666666668,-0.05231748557787946,0.03703994933422998,0.061675465511954755,0.041479767580055525,0.0623027011664012,0.04902997852738625,0.07880632248305576,0.036876760371891956,0.06268513857985188,15.562999999999999,15.915,16.427,17.175,0.4,15.921,16.695,17.589,18.183,0.26666666666666666,-0.20079287085275557,-0.779669404615083,49.56140350877194,56.78889990089198,1.686207701283546,0,5
2023/5/16 15:00,16.09,16.67,15.99,16.37,2023-05-16 15:00:00,0.01740211311373531,0.04226227470478568,0.0186451211932878,0.006215040397762563,0.03085642317380355,-0.061260210035005924,0.013224181360201452,16.374000000000002,-0.00024428972761703527,16.159,0.013057738721455665,16.1305,0.014847648863953355,16.731833333333334,-0.021625444511958237,0.030447756238262725,0.06000924462530414,0.03688624880546186,0.055766596798314735,0.048966828708492866,0.07304293968395352,0.03706857507950254,0.06277020199250906,15.82,16.05,16.448,17.175,0.7,15.921,16.665,17.482,18.183,0.43333333333333335,0.25433395173294554,-0.3242088698913478,58.695652173913054,51.12107623318386,0.6918334369173416,1,5
2023/5/17 15:00,16.58,16.86,16.14,16.74,2023-05-17 15:00:00,0.009650180940892652,0.04342581423401683,0.007237635705669542,0.02653799758745463,0.022602321319486807,0.03045369794903663,0.01282834453268157,16.396,0.020980727006586826,16.304,0.026741903827281647,16.211499999999997,0.03260031459149376,16.710833333333333,0.001745374756894131,0.032597654093466995,0.057380323795030296,0.029452268830907527,0.05338134947553904,0.04904569631318585,0.07401448979902661,0.03717562018819172,0.06174350001372777,15.887,16.25,16.636,17.175,0.85,15.921,16.665,17.433,18.183,0.55,0.5747093277971494,0.026429427600368562,50.6493506493506,47.65906362545017,0.7269481302774417,2,5
2023/5/18 15:00,16.44,16.44,15.51,15.61,2023-05-18 15:00:00,-0.05048661800486629,0.056569343065693514,0.0,0.0060827250608272284,-0.06750298685782552,-0.008443908323280902,-0.01792114695340485,16.25,-0.03938461538461542,16.272,-0.040683382497541734,16.208,-0.03689536031589333,16.671,-0.0636434527022974,0.04521293322469954,0.061772951358049645,0.035732665468303795,0.05450107870043869,0.05111636380746988,0.07559455746447517,0.03816729863049825,0.062092063849975336,15.887,16.25,16.636,17.175,0.25,15.897,16.64,17.388,18.183,0.21666666666666667,-0.6486919626750302,-0.9650962262076662,34.821428571428555,32.38916256157634,0.8830474452554757,3,5
2023/5/19 15:00,15.91,16.36,15.0,15.12,2023-05-19 15:00:00,-0.04965430546825902,0.08548082966687615,0.028284098051539867,0.007542426147077261,-0.03139013452914796,-0.03223844282238453,0.0192184497117233,15.943999999999997,-0.05168088309081775,16.194,-0.06632085957762134,16.2085,-0.06715612178795086,16.62,-0.09025270758122754,0.04319324461243686,0.06678452514640977,0.03696973582158076,0.05762860091946274,0.05093725480913433,0.07730530780857849,0.03832666021613201,0.06260604584751787,15.887,16.25,16.636,17.175,0.15,15.887,16.56,17.356,18.147000000000002,0.075,-1.181571530268268,-1.3646785739370633,32.86516853932581,34.06735751295335,1.2924701445631672,4,5
2023/5/22 15:00,15.7,15.83,14.66,14.9,2023-05-22 15:00:00,-0.05095541401273879,0.07452229299363057,0.008280254777070114,0.01528662420382167,-0.014550264550264425,-0.013199245757385292,0.038359788359788365,15.748,-0.05384810769621533,16.095,-0.07424666045355692,16.2075,-0.08067252815054754,16.564666666666668,-0.10049502958103597,0.040302159735077565,0.06045211093300055,0.0370740901683812,0.06106378822247767,0.05096738324074604,0.07888018386634345,0.038353938227592914,0.06313172570354157,15.887,16.25,16.636,17.175,0.1,15.82,16.47,17.315,18.014,0.03333333333333333,-1.417017488387639,-1.5122143260572083,24.783861671469722,39.31240657698057,1.1103821656050956,0,5
2023/5/23 15:00,15.07,15.12,14.38,14.87,2023-05-23 15:00:00,-0.013271400132714072,0.0491041804910417,0.0033178500331784294,0.0325149303251492,-0.002013422818792021,-0.04012738853503184,0.011409395973154357,15.447999999999999,-0.037415846711548385,15.911000000000001,-0.06542643454214078,16.2255,-0.08354133924994614,16.5125,-0.09947009841029524,0.033705458059579835,0.061820492090251755,0.03127515219796887,0.06091486835777794,0.050530709611771085,0.07879018190630076,0.03833393828902906,0.06303467367672291,15.887,16.25,16.636,17.175,0.05,15.674,16.41,17.3,17.987,0.03333333333333333,-1.5216393329086688,-1.4853571764090259,31.501831501831447,46.30281690140845,0.73017916390179,1,5
2023/5/24 15:00,15.31,16.33,15.03,15.59,2023-05-24 15:00:00,0.018288700195950316,0.08491182233834088,0.04833442194644013,0.018288700195950434,0.04841963685272366,0.015925680159256883,0.029589778076664512,15.218,0.024444736496254428,15.806999999999999,-0.013728095147719287,16.1965,-0.03744636186830491,16.476833333333335,-0.05382304447658846,0.04243648960507522,0.07011769371111656,0.03655765530443177,0.06374900875307343,0.04464601865562225,0.07552724060000962,0.03885322442621835,0.06378907776415339,15.799000000000001,16.13,16.636,17.175,0.25,15.651,16.355,17.265,17.987,0.25833333333333336,-0.6723298993287916,-0.8059496949804393,36.824324324324294,47.04861111111111,1.3237753102547343,2,5
2023/5/25 15:00,15.76,17.06,15.44,15.44,2023-05-25 15:00:00,-0.0203045685279188,0.10279187817258878,0.08248730964466998,0.0,-0.009621552277100709,0.02939255388634865,0.010904425914047462,15.184000000000001,0.01685985247629073,15.717000000000002,-0.01762422854234286,16.112000000000002,-0.041708043694141154,16.444666666666667,-0.0610937690031216,0.030088929075635575,0.07936220073249561,0.036364905499889404,0.07056757604527264,0.04235262553356531,0.07598306362558416,0.03878957803263549,0.06498115159448196,15.604,15.915,16.448,16.823999999999998,0.25,15.624,16.335,17.236,17.987,0.25,-0.7558194205103601,-0.9116639249101275,26.27737226277374,46.08843537414965,1.5871065989847708,3,5
2023/5/26 15:00,15.7,16.37,14.5,14.8,2023-05-26 15:00:00,-0.05732484076433112,0.11910828025477714,0.0426751592356689,0.019108280254777118,-0.041450777202072464,-0.0038071065989847552,0.016839378238341956,15.12,-0.021164021164021066,15.532,-0.04712850888488278,15.9285,-0.07084785133565615,16.384333333333334,-0.09669806522490998,0.03277618285329318,0.08608769085007581,0.03694567306461788,0.0764361079982428,0.038339745616667746,0.06946775164300686,0.038270664668728034,0.06645290492692772,15.545,15.895,16.349,16.713,0.05,15.604,16.29,17.16,17.951999999999998,0.03333333333333333,-1.517517568857378,-1.4520843181258463,32.00000000000003,41.62826420890936,1.7628025477707017,4,5
2023/5/29 15:00,15.09,15.53,14.83,14.99,2023-05-29 15:00:00,-0.006626905235255112,0.046388336646785905,0.029158383035122564,0.010603048376408226,0.012837837837837762,-0.03885350318471337,0.019594594594594537,15.138,-0.009776720834984785,15.443000000000001,-0.0293336786893739,15.799000000000001,-0.05120577251724799,16.338166666666666,-0.0825163982086933,0.032828002430288016,0.08046089958070687,0.03539035694875207,0.07045650525685374,0.037587555613994676,0.06637960321162745,0.038076713996814296,0.06661077061733109,15.395,15.885000000000002,16.333,16.656,0.2,15.59,16.21,16.913,17.951999999999998,0.1,-1.2221612392182712,-1.2363017851187375,46.66666666666669,35.37414965986392,0.6953611663353207,0,5
2023/5/30 15:00,15.29,15.73,14.56,14.67,2023-05-30 15:00:00,-0.04054937867887503,0.07652060170045781,0.028776978417266272,0.00719424460431651,-0.021347565043362215,0.013253810470510219,0.02001334222815203,15.098000000000003,-0.028348125579547127,15.273000000000001,-0.03948143783146739,15.716,-0.0665563756681089,16.289166666666667,-0.09940144267662557,0.03446306400393258,0.0859441838225901,0.03327061119755852,0.07388233795642093,0.034672991383748825,0.06482446737736783,0.038149430022245974,0.06735833620122761,15.238999999999999,15.745000000000001,16.053,16.656,0.05,15.545,16.16,16.764,17.951999999999998,0.03333333333333333,-1.504822416609008,-1.474126419686278,44.39024390243902,33.98692810457514,1.122557226945716,1,5
2023/5/31 15:00,14.9,16.06,14.9,15.47,2023-05-31 15:00:00,0.038255033557047,0.07785234899328848,0.03959731543624148,0.0,0.0545330606680301,-0.02550686723348583,0.015678254942058652,15.074000000000002,0.026270399363141766,15.146,0.021391786610326147,15.725,-0.016216216216216155,16.257833333333334,-0.04845869170758711,0.0367424347525304,0.08453228915357962,0.037987866544109614,0.0773249914323481,0.03417369539227764,0.06535317045394357,0.03880987243138148,0.06825211948257115,15.344,15.745000000000001,16.053,16.656,0.4,15.461,16.085,16.719,17.951999999999998,0.31666666666666665,-0.36932848926625017,-0.7198614240784953,60.63829787234045,43.438914027149316,1.204375838926173,2,5
2023/6/1 15:00,15.75,16.15,15.08,15.84,2023-06-01 15:00:00,0.005714285714285706,0.06793650793650784,0.0196825396825396,0.04253968253968254,0.023917259211376773,0.057046979865771785,0.018099547511312174,15.154,0.04526857595354362,15.169,0.044234952864394446,15.720499999999998,0.007601539391240875,16.234666666666666,-0.02431011826544016,0.037822782886676676,0.07756121510636343,0.03246424528507356,0.07846170791942954,0.03327226614661823,0.0664813933099341,0.038936497724607465,0.06903100397492269,15.344,15.725,16.032,16.656,0.55,15.461,15.975,16.689,17.951999999999998,0.43333333333333335,0.17335718057503008,-0.36268175624675825,55.06072874493927,43.946188340807176,1.076114285714284,3,6
2023/6/2 15:00,15.85,15.85,14.78,14.95,2023-06-02 15:00:00,-0.056782334384858066,0.06750788643533125,0.0,0.010725552050473182,-0.05618686868686873,0.006349206349206327,0.0006313131313131178,15.184000000000001,-0.015410958904109704,15.152000000000001,-0.013331573389651645,15.672999999999998,-0.046130287756013466,16.19633333333333,-0.0769515734013871,0.04267771618705619,0.06724113634247425,0.036042205600847005,0.07666441359627504,0.035590001086375694,0.06714650725786889,0.039589404764927304,0.06568117278471931,15.081,15.6,16.025,16.656,0.25,15.437,15.915,16.659,17.951999999999998,0.11666666666666667,-1.0200836260682964,-1.1409967167533215,42.36760124610591,43.17180616740087,1.0092429022082021,4,6
2023/6/5 15:00,15.5,15.68,15.08,15.16,2023-06-05 15:00:00,-0.021935483870967734,0.03870967741935481,0.011612903225806433,0.0051612903225806495,0.01404682274247504,-0.02208201892744477,0.03678929765886293,15.218,-0.003811276120383745,15.178,-0.001185926999604736,15.636500000000002,-0.030473571451411854,16.1585,-0.061794102175325674,0.042752512902186526,0.06570540449698804,0.03594197818370531,0.07308315203884747,0.035780760727349224,0.06707347013066255,0.039610782548393064,0.06580042089852631,15.081,15.530000000000001,16.018,16.656,0.4,15.418,15.895,16.636,17.951999999999998,0.2,-0.6657218441216866,-0.9175953203590806,56.474820143884884,40.73506891271056,0.5868387096774189,0,6
2023/6/6 15:00,15.37,16.57,15.11,16.29,2023-06-06 15:00:00,0.05985686402081978,0.09499024072869232,0.018217306441119137,0.016916070266753402,0.07453825857519791,-0.008387096774193581,0.013852242744063263,15.542000000000002,0.04812765409857145,15.319999999999999,0.06331592689295044,15.6155,0.043194262111363596,16.139333333333333,0.009335371142963324,0.04999659987311832,0.06939933230263494,0.042476291906050505,0.07767175806261253,0.037885755654792574,0.06929331321019525,0.040810976047427436,0.06261623841181535,15.081,15.530000000000001,16.003,16.631999999999998,0.75,15.418,15.895,16.531999999999996,17.951999999999998,0.6166666666666667,0.9800314960063699,0.14012021094521074,67.47311827956987,46.91358024691359,1.5473910214703979,1,6
2023/6/7 15:00,16.41,16.68,16.03,16.23,2023-06-07 15:00:00,-0.010968921389396692,0.039609993906154696,0.01645338208409504,0.012187690432662967,-0.0036832412523019054,0.06766428106701383,0.007366482504604113,15.693999999999999,0.03415317955906725,15.384,0.05499219968798753,15.595499999999998,0.04068481292680599,16.1215,0.006730142976770112,0.0472805473962353,0.06175086128520818,0.04037950399344535,0.0731415752193939,0.03788012131378436,0.06844529198623367,0.040800930255896685,0.06287013135635859,15.081,15.530000000000001,15.985,16.398,0.75,15.418,15.895,16.462,17.951999999999998,0.6,0.9576740528932657,0.1019247880003835,72.54335260115607,54.98392282958199,0.6428702010968907,2,6
2023/6/8 15:00,16.38,17.29,16.26,16.29,2023-06-08 15:00:00,-0.005494505494505486,0.06288156288156274,0.055555555555555566,0.001831501831501684,0.003696857670979492,-0.001828153564899515,0.00924214417744908,15.784,0.032057780030410446,15.469,0.05307388971491368,15.593,0.04469954466747894,16.090666666666667,0.01238813390785539,0.04671016250162425,0.06073987227421916,0.04007097448269296,0.0691505436902913,0.0376780230851238,0.06985905986778196,0.04029934335140429,0.06318649643897226,15.081,15.530000000000001,15.985,16.398,0.825,15.418,15.895,16.394000000000002,17.716,0.6416666666666667,1.056582873260257,0.19327805762327926,65.0735294117647,60.10362694300518,1.024340659340657,3,6
2023/6/9 15:00,16.43,16.51,15.12,15.23,2023-06-09 15:00:00,-0.07303712720632984,0.08460133901399892,0.0048691418137554385,0.006695069993913646,-0.06507059545733573,0.0030525030525030417,0.008594229588704762,15.84,-0.038510101010100974,15.512,-0.018179473955647243,15.522,-0.018812008761757492,16.045,-0.050794640074789725,0.04975933660416304,0.0641585627899527,0.043715074948805076,0.06569984956621348,0.040119402772706876,0.07106797878222813,0.041128465395981896,0.06271508460606748,15.081,15.455,15.852,16.298,0.45,15.372,15.885000000000002,16.349,17.590999999999998,0.23333333333333334,-0.4749406806811955,-0.8092696724057241,41.05571847507331,52.48868778280543,1.2884783931832036,4,6
2023/6/12 15:00,15.94,15.99,14.95,15.22,2023-06-12 15:00:00,-0.04516938519447923,0.06524466750313682,0.0031367628607277737,0.01693851944792982,-0.0006565988181220783,-0.029823493609251406,0.04661851608667098,15.852,-0.03986878627302547,15.535,-0.02027679433537171,15.488999999999999,-0.01736716379365991,15.9875,-0.048006254886630184,0.049503089629357976,0.0694655608067091,0.04361077913161819,0.06758548265184858,0.03884867208075792,0.06902099395435116,0.040777536992900494,0.06298342707660107,15.081,15.335,15.678999999999998,16.298,0.45,15.318,15.86,16.333,17.328,0.225,-0.43933127520491766,-0.80651285660831,55.335968379446676,52.64750378214828,0.9930238393977424,0,6
2023/6/13 15:00,15.47,15.49,14.81,14.86,2023-06-13 15:00:00,-0.03943115707821598,0.04395604395604394,0.0012928248222365594,0.003232062055591398,-0.02365308804205002,-0.029485570890840584,0.0164257555847569,15.565999999999999,-0.0453552614673005,15.554000000000002,-0.04461874758904478,15.413499999999999,-0.035910078827002284,15.936,-0.06752008032128518,0.028390292870507136,0.05925872145217942,0.043755999563209934,0.06432902687740719,0.03837569592537535,0.06910568241691405,0.0405996087529589,0.06290609260401822,14.978,15.225000000000001,15.596,16.29,0.15,15.29,15.76,16.302,17.147,0.06666666666666667,-0.9370908939380258,-1.1608431236774859,44.40298507462684,44.15999999999999,0.6531868131868129,1,6
2023/6/14 15:00,14.98,15.06,14.75,14.87,2023-06-14 15:00:00,-0.007343124165554152,0.020694259012016054,0.005340453938584784,0.008010680907877116,0.0006729475100941684,-0.03167420814479638,0.00807537012113062,15.294,-0.027723290179155306,15.494,-0.04027365431780047,15.320000000000002,-0.02937336814621428,15.876666666666665,-0.0634054167541465,0.028995023105281133,0.0554755744733517,0.039720128687937596,0.05861321787927994,0.03788190485889186,0.06796910465581402,0.04042222946371628,0.06242841326038786,14.935,15.190000000000001,15.506,16.236,0.225,15.277999999999999,15.67,16.29,16.851,0.09166666666666666,-0.8781252166425985,-1.1476335059412435,4.4871794871793895,45.3355155482815,0.3077236315086787,2,6
2023/6/15 15:00,15.0,15.11,14.21,14.29,2023-06-15 15:00:00,-0.04733333333333339,0.05999999999999991,0.007333333333333295,0.0053333333333332195,-0.03900470746469398,0.001335113484646211,0.008742434431741814,14.894,-0.040553242916610784,15.339000000000002,-0.0683877697372712,15.254,-0.0631965386128229,15.826500000000001,-0.09708400467570226,0.027630730191221593,0.05489926189703913,0.03992374891105158,0.057819567085629145,0.035900115510219835,0.06814063750252934,0.03997477744157907,0.06222956703720416,14.891,15.14,15.449,16.236,0.05,15.244,15.645,16.262,16.747999999999998,0.016666666666666666,-1.732972864484721,-1.7451260375093982,3.365384615384542,45.78512396694214,0.8573999999999986,3,6
2023/6/16 15:00,14.41,14.59,13.74,13.99,2023-06-16 15:00:00,-0.029146426092990972,0.05898681471200553,0.012491325468424685,0.01734906315058987,-0.02099370188943306,-0.03933333333333333,0.008397480755773339,14.646,-0.04479038645363926,15.243,-0.08220166633864726,15.1975,-0.07945385754235891,15.756166666666667,-0.11209367760770916,0.016759233708303227,0.04977635703664045,0.03678141168705402,0.05696745991329658,0.035553159562457116,0.0668159367547858,0.03938316661790178,0.06257200699318587,14.87,15.075,15.449,16.236,0.05,15.227,15.620000000000001,16.236,16.713,0.016666666666666666,-1.9354845641231033,-2.06566941815343,0.4310344827586192,41.88311688311688,0.8252255378209574,4,6
2023/6/19 15:00,14.54,14.62,14.15,14.29,2023-06-19 15:00:00,-0.017193947730398902,0.03232462173314986,0.005502063273727653,0.009628610729023301,0.021443888491779806,0.009021512838306656,0.03931379556826297,14.459999999999999,-0.011756569847856151,15.156,-0.05713908683029832,15.166999999999998,-0.05782290499109903,15.6995,-0.08977992929711145,0.02358262919380823,0.043192347882643055,0.03730032593309062,0.05632895434467607,0.0358622215353307,0.06470605319176177,0.03937576736597325,0.06226686883219829,14.866999999999999,15.075,15.449,16.236,0.125,15.22,15.6,16.188000000000002,16.683,0.041666666666666664,-1.3422165674755588,-1.6836826431761158,19.871794871794805,46.90553745928338,0.46191884456671145,0,6
2023/6/20 15:00,14.59,14.68,14.04,14.09,2023-06-20 15:00:00,-0.03427004797806717,0.043865661411926014,0.006168608636052081,0.0034270047978067655,-0.013995801259622076,0.003438789546079901,0.02099370188943322,14.306000000000001,-0.015098560044736548,14.936000000000002,-0.056641671130155447,15.128,-0.06861448968799579,15.656333333333333,-0.10004471034086308,0.022803650963182605,0.043174271373819476,0.02459585692802561,0.051216496412999454,0.03597154643442044,0.06444412723780599,0.038756677739368056,0.06184918729452512,14.842,15.075,15.449,16.236,0.1,15.202,15.59,16.156,16.656,0.03333333333333333,-1.4955272156685673,-1.8376117116447555,17.714285714285666,37.54512635379059,0.6180671692940375,1,6
2023/6/21 15:00,14.29,14.99,14.24,14.83,2023-06-21 15:00:00,0.03778866340097977,0.05248425472358293,0.011196641007697702,0.003498950314905454,0.052519517388218695,-0.020562028786840325,0.014194464158977948,14.297999999999998,0.037208001119037756,14.795999999999998,0.0022979183563126846,15.09,-0.01722995361166334,15.6425,-0.051941825155825475,0.036661031923830724,0.04953227051613285,0.03242277145352982,0.05250392249474228,0.03628478525675867,0.0628227488570681,0.03859797893049623,0.061469232124782815,14.821,14.969999999999999,15.293,16.236,0.35,15.148,15.530000000000001,16.156,16.656,0.13333333333333333,-0.3777838347778604,-0.9458418032662175,49.295774647887335,41.455160744500844,0.7783414975507349,2,6
2023/6/26 15:00,15.9,16.63,15.6,16.25,2023-06-26 15:00:00,0.02201257861635218,0.06477987421383644,0.023899371069182326,0.01886792452830193,0.0957518543492919,0.1126662001399581,0.07215104517869186,14.690000000000001,0.10619469026548663,14.791999999999998,0.0985667928610061,15.130500000000001,0.07398962360794412,15.659166666666666,0.037730828588153964,0.04845866723151807,0.050488245358900154,0.0463491083168579,0.052693753627969644,0.04225891434346795,0.06092214865913047,0.04037496431518809,0.06189405934816087,14.821,14.969999999999999,15.302,16.254,0.9,15.148,15.59,16.188000000000002,16.656,0.7416666666666667,1.5286931023288481,0.6862354681912322,69.49152542372885,60.093167701863365,1.052672955974842,0,6
2023/6/27 15:00,16.42,16.57,15.49,15.78,2023-06-27 15:00:00,-0.038976857490864936,0.06577344701583435,0.00913520097442135,0.01766138855054806,-0.02892307692307694,0.03270440251572326,0.010461538461538567,15.047999999999998,0.04864433811802241,14.847,0.06284097797534854,15.179499999999999,0.039559932804110826,15.662333333333333,0.007512716283227271,0.050506237246609784,0.05184557181966591,0.041839840894393944,0.050810964428153194,0.04164761252145579,0.05825540699718333,0.040476682118630695,0.0623984424166873,14.850999999999999,15.075,15.563,16.254,0.75,15.148,15.6,16.188000000000002,16.656,0.5666666666666667,0.8095476879222776,0.13665196303939603,71.72011661807582,54.626865671641795,1.037904993909866,1,6
2023/6/28 15:00,15.94,17.06,15.58,15.71,2023-06-28 15:00:00,-0.014429109159347468,0.09284818067754069,0.07026348808030108,0.008155583437892145,-0.004435994930291454,-0.02923264311814877,0.010139416983523457,15.331999999999999,0.02465431776676245,14.896,0.054645542427497314,15.215499999999997,0.032499753540797476,15.667666666666666,0.002701955194349425,0.05230199389533705,0.06395028360854409,0.041906766623632345,0.053571315745593574,0.04163428094583535,0.06057839919872108,0.040442584466250035,0.06346606564551004,14.850999999999999,15.190000000000001,15.731,16.254,0.7,15.148,15.620000000000001,16.188000000000002,16.656,0.55,0.6597533943065763,0.049205148245865186,76.87500000000003,44.85815602836881,1.4586449184441643,2,6
2023/6/29 15:00,15.81,15.84,15.17,15.55,2023-06-29 15:00:00,-0.016445287792536355,0.04237824161922833,0.001897533206831079,0.024035420619860897,-0.010184595798854224,-0.008155583437892022,0.006365372374283872,15.624,-0.004736303123399887,14.965,0.03909121282993658,15.2595,0.019037321013139458,15.669666666666668,-0.007636835499585223,0.05170369266002701,0.06365279965000456,0.04113072438391099,0.05341353551191201,0.0413624002269823,0.0588712811946596,0.0404684106549728,0.06389025161694163,14.866999999999999,15.225000000000001,15.731,16.254,0.65,15.148,15.620000000000001,16.188000000000002,16.656,0.4666666666666667,0.3917195852002238,-0.1391600543653784,70.58823529411768,44.076655052264805,0.6589816571790006,3,6
2023/6/30 15:00,15.8,15.84,14.96,15.05,2023-06-30 15:00:00,-0.04746835443037974,0.055696202531645506,0.002531645569620199,0.00569620253164556,-0.032154340836012874,-0.0006325110689436864,0.01607717041800643,15.668000000000001,-0.039443451621138645,14.982999999999999,0.004471734632583725,15.238499999999998,-0.012369983922301913,15.665,-0.03925949569103086,0.052635150613607365,0.06429518921161706,0.04281523701557742,0.05691372986387496,0.04028503250893399,0.057763473871577445,0.040683178584324645,0.064305372204357,14.866999999999999,15.190000000000001,15.731,16.254,0.45,15.12,15.620000000000001,16.188000000000002,16.656,0.26666666666666666,-0.2542919439853201,-0.713000988679576,64.2857142857143,39.96763754045309,0.8382278481012649,4,6
2023/7/3 15:00,15.56,15.68,15.09,15.18,2023-07-03 15:00:00,-0.02442159383033424,0.03791773778920308,0.0077120822622107465,0.005784061696658088,0.008637873754152814,-0.015189873417721489,0.033887043189368755,15.453999999999999,-0.017730037530736324,15.072,0.007165605095541438,15.2055,-0.0016770247607774138,15.663166666666665,-0.030847316953787486,0.017095690866314357,0.058922761926690395,0.04032338020131239,0.05470550364279527,0.039938650083848726,0.05626253536421222,0.040694543025132535,0.0646139192356432,14.866999999999999,15.17,15.598,16.254,0.55,15.12,15.620000000000001,16.188000000000002,16.656,0.35,-0.0350441830338861,-0.5595585091556703,56.36363636363636,49.52380952380952,0.5755912596401027,0,7
2023/7/4 15:00,15.33,15.47,14.9,15.01,2023-07-04 15:00:00,-0.020874103065883907,0.037181996086105694,0.009132420091324239,0.00717547292889755,-0.011198945981554687,-0.014781491002570757,0.009881422924901209,15.3,-0.018954248366013133,15.173999999999998,-0.010807960985896793,15.2085,-0.01305191175987119,15.644166666666669,-0.04053694135194176,0.014752344536146177,0.05320447174074466,0.039688101232030606,0.052525021780205294,0.03790458828115379,0.05474624084675093,0.04006028221346063,0.06475295041388081,14.866999999999999,15.17,15.598,16.254,0.4,15.116999999999999,15.6,16.188000000000002,16.656,0.26666666666666666,-0.27316499391624705,-0.7330345288394233,8.666666666666615,48.05914972273567,0.5581017612524465,1,7
2023/7/5 15:00,15.1,15.29,15.04,15.16,2023-07-05 15:00:00,0.003973509933774867,0.016556291390728478,0.008609271523178742,0.003973509933774867,0.009993337774816702,-0.015003261578604099,0.005996002664890064,15.190000000000001,-0.001974983541803893,15.261,-0.006618177052617725,15.2085,-0.0031890061478778743,15.626000000000001,-0.029822091386151352,0.017275912008306877,0.037946093883382215,0.03941321852098648,0.05094818874596315,0.03784119491769898,0.053638571545319626,0.04007395505092405,0.06450964608692727,14.866999999999999,15.17,15.598,16.254,0.5,15.116999999999999,15.57,16.065,16.656,0.35833333333333334,-0.0667430841558594,-0.5395823704682287,23.72881355932202,52.8846153846154,0.25099337748344375,2,7
2023/7/6 15:00,15.32,15.75,14.94,15.64,2023-07-06 15:00:00,0.020887728459530044,0.05287206266318541,0.0071801566579634095,0.024804177545691957,0.0316622691292876,0.014569536423841178,0.010554089709762543,15.208000000000002,0.02840610205155172,15.416,0.014530358069538155,15.175999999999998,0.030574591460200463,15.606333333333334,0.0021572438539909197,0.02411775133007166,0.04004485809217363,0.039406698206143384,0.0518488288710891,0.03450310344851206,0.05153266264204427,0.0400251448349289,0.06507167697372342,14.866999999999999,15.17,15.577,16.232,0.75,15.116999999999999,15.57,15.956999999999999,16.631999999999998,0.5666666666666667,0.6731196536255922,0.039640639877102146,47.79874213836477,56.790123456790134,0.8269190600522198,3,7
2023/7/7 15:00,15.85,16.15,15.46,15.74,2023-07-07 15:00:00,-0.006940063091482614,0.043533123028391026,0.018927444794952616,0.017665615141955797,0.006393861892583175,0.034595300261096584,0.013427109974424492,15.346,0.025674442851557417,15.507000000000001,0.015025472367317905,15.151500000000002,0.038841038841038705,15.593833333333333,0.009373363402199651,0.015243342528789304,0.03761224219152274,0.036630233298073266,0.05095371570156991,0.03454277347787379,0.05172881909815609,0.039954645000979845,0.06523708751476263,14.866999999999999,15.17,15.577,15.827,0.85,15.116999999999999,15.57,15.909,16.631999999999998,0.6166666666666667,0.8945324662912014,0.1736865261227126,56.20915032679737,63.969171483622375,0.6852113564668747,4,7
2023/7/10 15:00,16.2,16.2,15.32,15.92,2023-07-10 15:00:00,-0.01728395061728391,0.05432098765432093,0.0,0.037037037037037014,0.011435832274459878,0.02208201892744488,0.029224904701397655,15.494,0.027494514005421463,15.474,0.028822541036577467,15.133,0.05200555078305695,15.585,0.021495027269810656,0.015273570223904393,0.04089289216454631,0.019529634592328402,0.04990782704561835,0.03464106778256308,0.051300790336794,0.039980458255656416,0.06539544468191556,14.866999999999999,15.17,15.577,15.794,0.95,15.116999999999999,15.57,15.906,16.631999999999998,0.7166666666666667,1.251705249560327,0.40111460906722246,85.95041322314049,69.03353057199212,0.8647901234567892,0,7
2023/7/11 15:00,16.04,16.04,15.19,15.21,2023-07-11 15:00:00,-0.05174563591022434,0.05299251870324188,0.0,0.0012468827930175407,-0.04459798994974873,-0.00987654320987652,0.007537688442211006,15.534,-0.02085747392815758,15.417000000000002,-0.013426736719206118,15.132,0.00515463917525781,15.571499999999999,-0.023215489837202438,0.028366706352169466,0.04405499668797354,0.022364829065564494,0.04862973421435911,0.03289375706053506,0.049720349321256144,0.04025685804330894,0.06562761166030294,14.866999999999999,15.17,15.577,15.794,0.6,15.116999999999999,15.510000000000002,15.893,16.631999999999998,0.4,0.12408610550253624,-0.43315800113412495,50.837988826815675,58.39416058394163,0.806016209476309,1,7
2023/7/12 15:00,15.37,15.94,15.28,15.92,2023-07-12 15:00:00,0.03578399479505535,0.04294079375406638,0.0013012361743656197,0.005855562784645404,0.04667981591058501,-0.04177057356608482,0.010519395134779641,15.686000000000002,0.014917761060818449,15.437999999999999,0.031221660836896044,15.167000000000002,0.04964726049976912,15.576333333333332,0.022063386761967993,0.03467770821962542,0.04933189716064112,0.027389960314925393,0.04363899552201168,0.03447598787348946,0.04860515563380262,0.04057419721173791,0.06547749069040318,14.866999999999999,15.17,15.661000000000001,15.92,0.925,15.116999999999999,15.510000000000002,15.906,16.631999999999998,0.725,1.1535346017409112,0.4112065620657874,69.52789699570818,65.2754590984975,0.6836174365647367,2,7
2023/7/13 15:00,15.92,15.96,15.08,15.21,2023-07-13 15:00:00,-0.04459798994974869,0.05527638190954779,0.00251256281407041,0.008165829145728692,-0.04459798994974873,0.03578399479505534,0.0,15.6,-0.02499999999999992,15.404,-0.012594131394442942,15.1845,0.0016793440679641058,15.576166666666667,-0.023508137432188055,0.03939143942476484,0.049812761009913595,0.03097208474692949,0.04492880955104362,0.035620996714926786,0.04917117253147781,0.040852261561125196,0.06377326487744847,14.968,15.195,15.661000000000001,15.92,0.575,15.116999999999999,15.510000000000002,15.906,16.631999999999998,0.4083333333333333,0.03930380188079658,-0.43809002593060187,50.86505190311419,53.187919463087255,0.8407537688442219,3,7
2023/7/14 15:00,15.22,15.44,15.04,15.17,2023-07-14 15:00:00,-0.0032851511169514265,0.02628120893561106,0.014454664914585996,0.008541392904073639,-0.002629848783694988,-0.04396984924623115,0.0006574621959237203,15.486,-0.020405527573292052,15.416,-0.015957446808510665,15.1995,-0.0019408533175433748,15.577,-0.026128266033254157,0.03894671275972153,0.04636237819135761,0.029105297658108067,0.04198731019144018,0.0356339317218668,0.04945052002765757,0.04084337974849907,0.06381137149416607,15.038,15.195,15.661000000000001,15.92,0.45,15.116999999999999,15.510000000000002,15.906,16.631999999999998,0.36666666666666664,-0.045765334338733324,-0.48719907938195933,40.4081632653061,38.20960698689955,0.3986859395532198,4,7
2023/7/17 15:00,15.77,16.01,15.41,15.41,2023-07-17 15:00:00,-0.022828154724159763,0.03804692454026642,0.015218769816106658,0.0,0.015820698747528006,0.03613666228646517,0.039551746868820015,15.384,0.0016900676027040951,15.438999999999998,-0.0018783599974090382,15.255500000000001,0.010127495001802546,15.5725,-0.010435061807673762,0.03950374170098673,0.0431075655685467,0.029397028083592656,0.042000228866546516,0.034435331512358947,0.04835286625467089,0.04061611761533915,0.06402935374055846,15.127,15.21,15.661000000000001,15.92,0.6,15.116999999999999,15.455,15.906,16.631999999999998,0.48333333333333334,0.25365578035182196,-0.19448258011044303,43.62934362934362,45.74712643678161,0.5863031071655055,0,7
2023/7/18 15:00,15.53,15.79,14.85,15.33,2023-07-18 15:00:00,-0.012878300064391454,0.060528010302640024,0.01674179008370894,0.03090792015453963,-0.005191434133679396,-0.015218769816106592,0.007787151200519093,15.408000000000001,-0.005062305295950232,15.471,-0.00911382586775257,15.322500000000002,0.0004894762604012731,15.576166666666666,-0.0158040596210021,0.03328596264059288,0.04461466388842633,0.029160115803316598,0.04433483028819994,0.03400223613698121,0.04842992603420261,0.04033501651956825,0.0641837235325223,15.167,15.27,15.661000000000001,15.92,0.55,15.148,15.455,15.906,16.631999999999998,0.4666666666666667,0.01411650153744262,-0.29517532600489577,38.15261044176706,45.64220183486238,0.9278943979394716,1,7
2023/7/19 15:00,15.48,16.01,15.33,15.81,2023-07-19 15:00:00,0.021317829457364344,0.043927648578811464,0.012919896640826942,0.009689922480620177,0.03131115459882583,-0.00321957501609782,0.009784735812133096,15.386000000000001,0.027557519823215876,15.536000000000001,0.01763645726055607,15.398500000000002,0.026723382147611673,15.591000000000001,0.014046565326149663,0.028495347649577837,0.04481203485337536,0.030516721912405714,0.04707196600700824,0.034321621030864995,0.049010077376485696,0.040481761104601964,0.06419877147819698,15.177,15.370000000000001,15.719000000000001,15.92,0.85,15.16,15.510000000000002,15.906,16.631999999999998,0.6333333333333333,0.8532417721412647,0.26385399352640604,63.27433628318584,52.77777777777778,0.6944961240310092,2,7
2023/7/20 15:00,15.68,16.57,15.19,16.4,2023-07-20 15:00:00,0.0459183673469387,0.08801020408163271,0.010841836734693987,0.031250000000000014,0.037318153067678494,0.012919896640826822,-0.008222643896268233,15.624,0.04966717869943663,15.612,0.050473994363310175,15.514000000000001,0.05710970736109304,15.6225,0.049767962874059726,0.019253586027012413,0.05135879928779234,0.031119877783134426,0.050585780148852975,0.03469443269443626,0.05121730450997103,0.04055269863650397,0.06481720455135925,15.201,15.48,15.752,15.953000000000001,1.0,15.167,15.57,15.92,16.631999999999998,0.8833333333333333,2.081250486432373,0.9434226540842973,61.21495327102801,64.15094339622641,1.4433673469387762,3,7
2023/7/21 15:00,16.69,16.72,15.65,15.81,2023-07-21 15:00:00,-0.0527261833433194,0.0641102456560814,0.0017974835230675603,0.009586578789694435,-0.03597560975609748,0.06441326530612246,0.017682926829268458,15.751999999999999,0.00368207211782641,15.619,0.012228695819194618,15.562999999999999,0.01587097603289865,15.616499999999998,0.012390740562866329,0.02987406892384437,0.0589246066318864,0.033714520647911854,0.05264349241162201,0.03438375922530013,0.051798604056595955,0.03811460183347161,0.06338286450455788,15.21,15.595,15.789,15.953000000000001,0.775,15.167,15.57,15.906,16.631999999999998,0.625,0.6200527743789934,0.23557937265654968,64.85148514851485,56.02294455066922,1.0135829838226469,4,7
2023/7/24 15:00,16.3,17.05,15.73,16.28,2023-07-24 15:00:00,-0.0012269938650306487,0.08098159509202456,0.046012269938650305,0.0337423312883436,0.029728020240354258,-0.023367285799880233,0.03099304237824163,15.925999999999998,0.02222780359161138,15.655000000000001,0.03992334717342702,15.564499999999999,0.04596999582383002,15.602333333333332,0.04343367445040286,0.03132027261456077,0.06751154074223803,0.034824185737587644,0.05530955315539238,0.02758330302035869,0.05260869010050536,0.0375239956655175,0.06317130079507333,15.21,15.595,15.789,15.956000000000001,0.95,15.167,15.57,15.906,16.423,0.8,1.7837417242508178,0.8450417503496391,72.65306122448985,61.48282097649188,1.3183803680981598,0,7
2023/7/25 15:00,16.46,16.62,15.66,16.1,2023-07-25 15:00:00,-0.021871202916160352,0.05832320777642775,0.009720534629404625,0.026731470230862774,-0.011056511056511065,0.009815950920245342,0.011056511056511039,16.080000000000002,0.0012437810945273365,15.744,0.022611788617886285,15.5805,0.03334296075222237,15.562833333333334,0.0345159943026656,0.032196365072463554,0.06707058023699558,0.03117754070294628,0.055842622062710956,0.02686166513128644,0.052236178138535025,0.036106456860722724,0.05998644559290841,15.21,15.595,15.81,16.118000000000002,0.9,15.167,15.57,15.906,16.373,0.7666666666666667,1.2479953901505696,0.7549080464066392,64.4351464435147,58.453237410071964,0.9390036452004868,1,7
2023/7/26 15:00,16.21,16.29,15.55,15.87,2023-07-26 15:00:00,-0.020974706971005654,0.045650832819247276,0.0049352251696482595,0.019740900678593368,-0.014285714285714457,-0.01518833535844466,0.006832298136645927,16.092000000000002,-0.013795674869500563,15.739,0.00832327339729325,15.588500000000002,0.018058183917631435,15.534333333333333,0.021608050983842237,0.031186573756920875,0.06741521708508273,0.028186844002324404,0.05611362596922905,0.027062828833797056,0.04987631074562036,0.035627909834070534,0.05894477105198963,15.21,15.595,15.828,16.118000000000002,0.75,15.167,15.57,15.893,16.343,0.6666666666666666,0.6695936049008187,0.5071133129511717,60.629921259842504,52.165725047080976,0.7244787168414543,2,7
2023/7/27 15:00,16.02,16.22,15.16,15.37,2023-07-27 15:00:00,-0.04057428214731588,0.06616729088639194,0.012484394506866373,0.013108614232209681,-0.031505986137366104,-0.011721159777914991,0.009451795841209852,15.886,-0.0324814301901045,15.755,-0.024436686766106098,15.579500000000001,-0.013447158124458552,15.518333333333333,-0.009558586617978742,0.025984316885234206,0.06304663444603457,0.026110524634115354,0.05720271686691347,0.027926770014151538,0.05106576320897854,0.03466252394056748,0.05825383726033532,15.21,15.525,15.828,16.118000000000002,0.45,15.167,15.510000000000002,15.883000000000001,16.343,0.45,-0.4950502866466877,-0.2268399908441639,41.406249999999964,46.7600700525394,1.016991260923844,3,7
2023/7/28 15:00,15.59,15.8,14.93,15.47,2023-07-28 15:00:00,-0.007697241821680514,0.05580500320718416,0.013470173187941043,0.0346375881975626,0.006506180871828304,-0.02684144818976275,0.014313597918022163,15.818000000000001,-0.02200025287646989,15.785000000000002,-0.019955654101995644,15.6005,-0.008365116502676172,15.521333333333333,-0.003307276007215797,0.023238186913709775,0.06138558595625514,0.026115503302921828,0.06015509629407077,0.026919149110088487,0.05107120324275547,0.03366115705989198,0.05806261585609216,15.294,15.555,15.828,16.118000000000002,0.5,15.167,15.510000000000002,15.883000000000001,16.343,0.49166666666666664,-0.3217569288151821,-0.07858036692464485,27.53623188405804,46.00355239786857,0.8633033996151389,4,7
2023/7/31 15:00,16.34,17.49,16.19,16.57,2023-07-31 15:00:00,0.014075887392900882,0.07955936352509163,0.056303549571603315,0.009179926560587429,0.07110536522301225,0.048107761385503434,0.05623787976729148,15.876,0.043713781809019955,15.901,0.04207282560845233,15.669999999999998,0.05743458838545005,15.532000000000002,0.06682977079577636,0.03978390180729408,0.06110113964286855,0.03397313569886862,0.0643063401925533,0.03106804001293075,0.053153284529549906,0.03446865920618867,0.05863240440123207,15.357999999999999,15.690000000000001,15.885,16.292,1.0,15.167,15.510000000000002,15.883000000000001,16.373,0.9333333333333333,2.0145829106283313,1.5605229558873643,64.72868217054261,61.29568106312291,1.3182986536107684,0,7
2023/8/1 15:00,16.74,16.84,15.74,15.98,2023-08-01 15:00:00,-0.04540023894862593,0.06571087216248506,0.005973715651135091,0.014336917562724028,-0.03560651780325885,0.024479804161566587,0.010259505129752454,15.852,0.008074690890739346,15.966,0.0008768633345860656,15.7185,0.016636447498170934,15.533333333333333,0.02875536480686699,0.043474039612978715,0.06257867252008001,0.03653023724681931,0.0648246263785378,0.032190555567574844,0.05457972833336886,0.034793801609655714,0.0588241588126629,15.398,15.775,15.92,16.292,0.8,15.167,15.510000000000002,15.883000000000001,16.373,0.7666666666666667,0.6176762755495447,0.6706792646425068,44.444444444444436,50.50847457627119,1.0500597371565112,1,8
2023/8/2 15:00,16.01,16.3,15.67,16.08,2023-08-02 15:00:00,0.004372267332916722,0.039350405996252384,0.013741411617739063,0.021236727045596603,0.006257822277847103,-0.04360812425328531,0.0018773466833542638,15.894,0.011702529256323025,15.993,0.005439879947476894,15.764499999999998,0.02001332106949159,15.536499999999998,0.0349821388343578,0.04284202511593848,0.06131858715548103,0.03534642655832254,0.06436690212028189,0.03216248751365255,0.05571943406364506,0.034800789108050595,0.05881049191320908,15.452,15.81,15.938,16.292,0.8,15.167,15.510000000000002,15.892000000000001,16.373,0.7666666666666667,0.7709624781722824,0.8134227387318336,49.618320610686965,58.22306238185253,0.6327545284197382,2,8
2023/8/3 15:00,16.18,16.37,15.91,16.02,2023-08-03 15:00:00,-0.009888751545117438,0.02843016069221266,0.011742892459827027,0.006798516687268197,-0.003731343283582045,0.010618363522798102,0.006218905472636905,16.024,-0.00024962556165759707,15.955000000000002,0.004073958006894247,15.7835,0.014984002280862893,15.525,0.03188405797101444,0.03880270511588033,0.05377116111664517,0.033135583997995925,0.05840889778133988,0.03149459614661721,0.05449733896509643,0.03415858552610876,0.05844110493911197,15.452,15.84,15.992,16.292,0.75,15.167,15.510000000000002,15.892000000000001,16.343,0.7666666666666667,0.5740897400531606,0.7575766905259942,53.06122448979593,58.00376647834275,0.4554511742892468,3,8
2023/8/4 15:00,16.43,17.43,15.57,15.89,2023-08-04 15:00:00,-0.032866707242848396,0.11320754716981128,0.06086427267194157,0.01947656725502132,-0.00811485642946308,0.015451174289246028,0.025593008739076165,16.107999999999997,-0.013533647876831168,15.963,-0.004573075236484284,15.791,0.006269393958584016,15.512666666666666,0.024324208173965432,0.039572098718238975,0.06525166990917061,0.031053948797918805,0.06331862793271288,0.0315470855805162,0.05798106017216744,0.03416896853274301,0.05938505708551907,15.452,15.879999999999999,15.992,16.292,0.55,15.167,15.510000000000002,15.883000000000001,16.294999999999998,0.7166666666666667,0.24000700625134205,0.5904933228139456,62.50000000000006,54.61538461538462,1.7988679245283012,4,8
2023/8/7 15:00,16.44,16.46,16.1,16.22,2023-08-07 15:00:00,-0.013381995133820098,0.021897810218978065,0.0012165450121654241,0.007299270072992544,0.020767778477029486,0.000608642726719566,0.034612964128382676,16.038,0.011348048385085335,15.956999999999999,0.01648179482358839,15.806000000000001,0.026192585094267865,15.510666666666667,0.04573196939740382,0.02082429752920618,0.05371935924794789,0.030249529235732143,0.057410249445408235,0.0317786033537124,0.05635990130040029,0.03419805249336058,0.05917325050165875,15.452,15.879999999999999,16.038,16.292,0.85,15.167,15.510000000000002,15.883000000000001,16.29,0.8333333333333334,0.979295509850223,1.1143166671401314,66.23376623376625,58.1651376146789,0.3551824817518242,0,8
2023/8/8 15:00,16.3,16.63,16.17,16.4,2023-08-08 15:00:00,0.006134969325153243,0.028220858895705355,0.014110429447852787,0.007975460122699325,0.011097410604192337,-0.008515815085158196,0.004932182490752272,16.121999999999996,0.017243518173923975,15.987,0.025833489710389596,15.8655,0.033689451955500785,15.506499999999999,0.057620997646148364,0.011568201417730604,0.04622135659459195,0.03015818098502969,0.054400014557335986,0.029920700700913256,0.05512131831002347,0.03414082038213357,0.05863654880450258,15.708,15.905000000000001,16.086,16.4,0.925,15.167,15.510000000000002,15.883000000000001,16.29,0.9583333333333334,1.2781809542912175,1.4187913326219468,43.88489208633085,55.72815533980581,0.4628220858895678,1,8
2023/8/9 15:00,16.55,16.65,16.38,16.6,2023-08-09 15:00:00,0.0030211480362538194,0.016314199395770366,0.0030211480362536047,0.010271903323262943,0.012195121951219745,0.015337423312883347,0.009146341463414765,16.226,0.02304942684580318,16.06,0.03362391033623927,15.8995,0.04405798924494492,15.5185,0.06969101395109076,0.011993729281849422,0.041614115274495544,0.029704184667068177,0.05146635121498829,0.028292912610613584,0.05378998859210867,0.03361956219344604,0.05713871272675415,15.708,15.935,16.136,16.416999999999998,1.0,15.167,15.510000000000002,15.899000000000001,16.298,0.9833333333333333,1.559019634341789,1.6801190427688135,81.00000000000016,52.10084033613449,0.2708157099697881,2,8
2023/8/10 15:00,16.76,16.77,16.36,16.51,2023-08-10 15:00:00,-0.014916467780429593,0.02446300715990454,0.000596658711217065,0.008949880668257883,-0.005421686746987953,0.012688821752265822,0.009638554216867478,16.324,0.011394266111247239,16.174,0.020774081859775077,15.964500000000001,0.03416956371950268,15.520833333333334,0.06373154362416113,0.01237012172153243,0.04082068456803392,0.027191299709967406,0.047295922842339556,0.02613667163906257,0.0522493198546265,0.03340435468751721,0.05684205826767279,15.81,16.0,16.238,16.516000000000002,0.9,15.167,15.510000000000002,15.899000000000001,16.301,0.95,1.2448091576829987,1.528642932539201,71.71717171717191,58.215962441314566,0.403884248210024,3,8
2023/8/11 15:00,16.65,17.51,16.19,17.13,2023-08-11 15:00:00,0.028828828828828857,0.0792792792792793,0.02282282282282298,0.02762762762762747,0.03755299818291924,-0.0065632458233891855,0.00847970926711066,16.572,0.033671252715423594,16.339999999999996,0.04834761321909442,16.0625,0.06645914396887154,15.527333333333333,0.10321583444248847,0.01566655543849956,0.03403503098992753,0.028789971889565166,0.04964335044954907,0.02709242697885301,0.05489922337180991,0.03362563848283355,0.05743961601842716,15.852,16.049999999999997,16.316,16.573,1.0,15.167,15.510000000000002,15.899000000000001,16.301,1.0,2.274890640620774,2.423348196480161,85.80645161290327,59.63718820861677,1.3580540540540544,4,8
2023/8/14 15:00,17.84,18.94,16.71,16.83,2023-08-14 15:00:00,-0.05661434977578484,0.12500000000000003,0.06165919282511219,0.006726457399102995,-0.017513134851138368,0.07147147147147148,0.041447752481027486,16.694,0.008146639511201583,16.366,0.028351460344616806,16.1335,0.043171041621470646,15.547666666666666,0.08247754218210655,0.020801210301587474,0.054655468946131915,0.020563444003257644,0.05418741409703991,0.02750702667181508,0.059246877144796595,0.03250169303952276,0.05858012696733227,15.884,16.09,16.4,16.623,0.95,15.167,15.510000000000002,15.92,16.4,0.9833333333333333,1.4733125409138863,1.8792902737757864,77.32558139534879,58.05739514348783,2.1037500000000002,0,8
2023/8/15 15:00,16.89,17.32,16.02,16.34,2023-08-15 15:00:00,-0.03256364712847843,0.07696862048549441,0.025458851391355813,0.01894612196566017,-0.02911467617349961,-0.0532511210762332,0.003565062388591936,16.682,-0.020501138952163937,16.402,-0.0037800268259969004,16.183999999999997,0.00963914977755823,15.568000000000001,0.04958890030832466,0.026180423756643815,0.06440502126408973,0.019317875368416126,0.055313188929340854,0.028466515754530762,0.06006890765393932,0.032463651939368336,0.058438256814309246,15.953000000000001,16.16,16.4,16.623,0.65,15.177,15.57,15.938,16.4,0.8833333333333333,0.35877015534087847,1.1228317614639733,53.19148936170215,54.9060542797495,1.2576672587329787,1,8
2023/8/16 15:00,16.57,17.51,16.5,17.51,2023-08-16 15:00:00,0.05672902836451426,0.060953530476765334,0.0,0.004224502112251073,0.07160342717258272,-0.018946121965660145,0.014075887392900882,16.863999999999997,0.03830645161290349,16.544999999999998,0.05832577818071946,16.269000000000002,0.07628004179728315,15.611500000000001,0.1216090702366845,0.042038099290869615,0.07333288748028872,0.029261598966068038,0.05747350137739214,0.031767122072724044,0.06092020174883701,0.033612911422304714,0.0582121107723615,16.008,16.25,16.433,16.86,1.0,15.201,15.615,15.992,16.410999999999998,1.0,2.4033015908143467,2.614816981694022,69.3379790940767,69.59706959706963,1.067296318648161,2,8
2023/8/17 15:00,17.4,18.88,16.39,16.85,2023-08-17 15:00:00,-0.03160919540229869,0.143103448275862,0.08505747126436784,0.026436781609195454,-0.03769274700171332,0.050090525045262346,-0.006282124500285721,16.932,-0.004842901015827852,16.628000000000004,0.01335097426028372,16.2915,0.034281680631004036,15.6445,0.07705583431877021,0.047405252429779686,0.0970609757034802,0.032667256284792744,0.06894083013575707,0.03224844868055231,0.06367486395854847,0.03402059854010577,0.05977876523544182,16.008,16.25,16.528000000000002,16.878,0.9,15.21,15.675,16.038,16.516000000000002,0.9666666666666667,1.0499097536618838,1.6363513349042307,53.75375375375375,61.46179401993357,2.411293103448275,3,8
2023/8/18 15:00,16.9,18.55,16.59,18.55,2023-08-18 15:00:00,0.0976331360946747,0.1159763313609468,0.0,0.018343195266272115,0.10089020771513346,-0.028735632183908066,0.002967359050444935,17.216,0.07748605947955388,16.894,0.09802296673375177,16.4285,0.1291353440667134,15.693833333333334,0.18199292715822563,0.06388682167818176,0.1044003861198137,0.04387130585743139,0.06921770855487061,0.03783875823502072,0.06626816824379175,0.03584271803421242,0.060296507052485265,16.061999999999998,16.310000000000002,16.579,17.168,1.0,15.21,15.725000000000001,16.086,16.573,1.0,2.9434729576641065,3.4552747378467488,70.64777327935224,64.9546827794562,2.151360946745563,4,8
2023/8/21 15:00,18.98,20.64,18.12,20.55,2023-08-21 15:00:00,0.08271865121180191,0.1327713382507903,0.004741833508956789,0.04531085353003158,0.1078167115902966,0.1230769230769233,0.02318059299191373,17.96,0.14420935412026725,17.327,0.1860102729843596,16.642000000000003,0.23482754476625387,15.779,0.3023639013879207,0.07085555021884665,0.10595465376997178,0.052594951125198054,0.08030506135805185,0.04369954807152076,0.06885765540173003,0.03823923455328411,0.06079616472045528,16.061999999999998,16.369999999999997,16.669,17.614000000000004,1.0,15.21,15.76,16.136,16.623,1.0,3.3457055779830167,4.602593760558688,77.05696202531647,78.45579078455793,2.728451001053741,0,8
2023/8/22 15:00,32.24,32.24,18.83,19.56,2023-08-22 15:00:00,-0.3933002481389579,0.41594292803970234,0.0,0.02264267990074443,-0.0481751824817519,0.6986301369863015,0.5688564476885645,18.604,0.0513867985379488,17.643,0.10865499064784889,16.815,0.16324710080285443,15.858333333333333,0.2334209143457698,0.07601044134222004,0.17374951528081334,0.05746769062997948,0.11907726827245155,0.04550739298578377,0.08673864141489376,0.038388672820112456,0.06574340885020404,16.061999999999998,16.455,16.836,18.651000000000003,0.95,15.217,15.795,16.223,16.831999999999997,0.9833333333333333,2.0658653646543295,3.2538722414797365,69.47218259629102,69.50672645739911,8.135843672456577,1,8
2023/8/23 15:00,19.78,20.42,19.23,20.42,2023-08-23 15:00:00,0.03235591506572298,0.06016177957532868,0.0,0.027805864509605697,0.0439672801635993,-0.3864764267990074,0.01124744376278131,19.186,0.06431773167934962,18.025,0.13287101248266314,17.0425,0.19818101804312754,15.948833333333333,0.2803444348071438,0.07401541068979874,0.17359116510052602,0.05791308220908931,0.1234620262904074,0.045685775828483696,0.08746418875269783,0.03870044166391315,0.06597296623234643,16.177999999999997,16.54,16.934,19.646,0.95,15.227,15.81,16.236,16.878,0.9833333333333333,2.2041422467041514,3.5066521797722716,77.64227642276421,72.63374485596708,1.2285035389282117,2,8
2023/8/24 15:00,20.49,20.82,19.5,19.82,2023-08-24 15:00:00,-0.03269887750122002,0.06442166910688142,0.016105417276720442,0.015617374328940961,-0.02938295788442713,0.035894843276036204,0.0034280117531829933,19.78,0.0020222446916076412,18.356,0.07975593811287854,17.265,0.1479872574572835,16.034666666666666,0.2360718443372693,0.07208931721478906,0.15785480926672993,0.05966100910017126,0.12745789248510506,0.04557768599706081,0.0873769076637223,0.038810029172638635,0.06577131735578681,16.304,16.585,17.244,19.880000000000003,0.9,15.3,15.825,16.259,17.168,0.9666666666666667,1.598510827008049,2.7871428334480743,66.96035242290746,69.28361138370951,1.2768374816983898,3,8
2023/8/25 15:00,20.19,22.73,19.95,22.09,2023-08-25 15:00:00,0.09410599306587412,0.1376919266963844,0.03169886082218923,0.01188707280832105,0.11453077699293646,-0.014641288433381972,0.018668012108980878,20.488,0.07819211245607187,18.852,0.17175896456609377,17.596,0.2553989543077972,16.145,0.36822545679777025,0.0753877599007244,0.1621979283338174,0.06672586237865728,0.13329915722681557,0.05077812023052021,0.09147125383818232,0.04080962548929811,0.06676864365083841,16.381999999999998,16.715,17.822,20.433000000000003,1.0,15.3,15.855,16.283,17.614000000000004,1.0,2.4038095737291347,3.799486926607331,81.11638954869356,74.19620774938168,3.041614660723131,4,8
2023/8/28 15:00,25.14,25.14,21.84,23.8,2023-08-28 15:00:00,-0.05330151153540175,0.13126491646778046,0.0,0.07796340493237872,0.07741059302851983,0.24517087667161963,0.13807152557718427,21.137999999999998,0.1259343362664397,19.549,0.21745357818814268,17.957500000000003,0.3253515244326881,16.277666666666665,0.4621260213380298,0.0693037700017571,0.16189664397721545,0.06633104267770021,0.13392564887359362,0.051135970072203926,0.09405653148531676,0.04176414772615393,0.06782411712635962,16.381999999999998,16.84,18.852999999999998,20.704000000000004,1.0,15.3,15.879999999999999,16.29,18.651000000000003,1.0,2.5311529126148047,4.066442575614333,81.13879003558716,77.08638360175695,3.124105011933175,0,8
2023/8/29 15:00,23.91,23.92,20.67,20.69,2023-08-29 15:00:00,-0.1346716854872438,0.13592639063153492,0.0004182350480970959,0.0008364700961940433,-0.130672268907563,-0.04892601431980903,0.004621848739495774,21.364,-0.03154839917618421,19.984,0.03532826261008804,18.193,0.1372505908866047,16.373333333333335,0.2636400651465798,0.09725054270287678,0.10589333649558197,0.08323150841445791,0.13982142588819765,0.06014879175633775,0.09756730740876926,0.04469764407093501,0.06896442552962968,16.477,16.990000000000002,19.637999999999998,20.830000000000002,0.9,15.357999999999999,15.905000000000001,16.305,19.586,0.9666666666666667,1.0689367183968115,2.240268038528909,50.73375262054507,62.34158117079059,2.8123170221664577,1,8
2023/8/30 15:00,20.77,20.87,19.53,19.89,2023-08-30 15:00:00,-0.04236880115551271,0.06451612903225806,0.0048146364949447,0.017332691381800647,-0.03866602223296278,-0.1313258051024676,0.0038666022232961956,21.258000000000003,-0.06435224386113472,20.222,-0.016417762832558636,18.3835,0.08194848641444769,16.452166666666667,0.20895930627171702,0.09815060721995165,0.10676420638696785,0.08397122918726684,0.14017768574374695,0.06130881231758858,0.09882559356056954,0.045061403844754,0.0693945330565114,16.573,17.32,19.841,20.830000000000002,0.75,15.398,15.92,16.358,19.827,0.9166666666666666,0.6522244773904758,1.7428046072532517,51.76470588235294,59.78009259259259,1.2832258064516129,2,8
2023/8/31 15:00,20.01,20.1,18.77,18.88,2023-08-31 15:00:00,-0.05647176411794115,0.06646676661669174,0.004497751124437774,0.005497251374312815,-0.05077928607340376,-0.0365912373615791,0.006033182503770789,21.07,-0.10393925011865217,20.425,-0.07564259485924121,18.5265,0.019080776185464086,16.495333333333335,0.1445661399183606,0.10012461996454372,0.10717322588892993,0.08499673933072965,0.13251401757782993,0.06284638949352415,0.1007274238567935,0.04471122772665221,0.0689191418213114,16.761,18.03,19.841,20.830000000000002,0.6,15.398,15.92,16.4,19.827,0.8666666666666667,0.15757775301981186,1.1940266789959337,41.89473684210526,54.951895868704014,1.25489255372314,3,8
2023/9/1 15:00,18.85,18.85,17.97,17.98,2023-09-01 15:00:00,-0.046153846153846205,0.046684350132626125,0.0,0.0005305039787799237,-0.04766949152542366,-0.05797101449275366,-0.0015889830508473298,20.247999999999998,-0.11201106282101923,20.368000000000002,-0.11724273369992151,18.631,-0.034941763727121454,16.5245,0.08808133377711887,0.07443953731955728,0.08897171057617825,0.0811530976328081,0.12558481945499786,0.06406090608649107,0.09740126400493423,0.045187986687118556,0.06903704775841925,16.844,18.265,19.841,20.830000000000002,0.5,15.398,15.92,16.433,19.827,0.8333333333333334,-0.30121669564346326,0.7255797576480094,40.61224489795919,53.147235905856604,0.8393846153846177,4,9
2023/9/4 15:00,18.21,18.31,17.24,17.42,2023-09-04 15:00:00,-0.04338275672707299,0.058758923668314124,0.005491488193300267,0.009884678747940872,-0.031145717463848643,-0.033952254641909874,0.012791991101223605,18.972,-0.08180476491671936,20.055,-0.1313886811269009,18.691,-0.06800064202022349,16.543333333333333,0.05299214184968781,0.040370512246203534,0.07447051201628499,0.07198916929649199,0.11818357799675024,0.06457189548566321,0.09924431967740104,0.04539837475316382,0.06896833710486511,17.046,18.265,19.841,20.830000000000002,0.4,15.398,15.92,16.528000000000002,19.827,0.8,-0.6032994054969051,0.43635981652474015,21.13720642768851,52.94438386041439,1.023580450302032,0,9
2023/9/5 15:00,17.68,17.68,17.11,17.19,2023-09-05 15:00:00,-0.027714932126696745,0.032239819004524904,0.0,0.004524886877828159,-0.01320321469575203,-0.029104887424492132,0.014925373134328242,18.272,-0.05921628721541141,19.818,-0.13260672116257946,18.7305,-0.08224553535677094,16.576,0.037041505791505835,0.01503779389345655,0.05373319769088299,0.0709901597643093,0.0798132670932325,0.06469037083954905,0.09944526768284201,0.04458376153762071,0.0680956451047072,17.172,18.265,19.841,20.830000000000002,0.35,15.452,15.95,16.579,19.827,0.7833333333333333,-0.7447089382844613,0.3065011467617729,0.0,49.08045977011494,0.5542024886877831,1,9
2023/9/6 15:00,17.38,17.95,17.05,17.15,2023-09-06 15:00:00,-0.013233601841196803,0.05178365937859601,0.032796317606444206,0.005753739930954999,-0.002326934264107239,-0.016968325791855254,0.011052937754508302,17.724,-0.03238546603475523,19.491,-0.12010671592016835,18.758,-0.08572342467213992,16.608166666666666,0.03262451203725073,0.021145206747588026,0.051186703760150574,0.06850512816570029,0.07897545507355921,0.0646789020507341,0.10121874068198329,0.044586595785456234,0.0678712949692982,17.178,18.265,19.841,20.830000000000002,0.3,15.526,16.0,16.669,19.827,0.7666666666666667,-0.7873599008166351,0.271378461414341,0.0,50.89392133492252,0.8880897583429215,2,9
2023/9/7 15:00,17.3,18.44,17.24,18.2,2023-09-07 15:00:00,0.052023121387283155,0.06936416184971114,0.013872832369942311,0.0034682080924856805,0.061224489795918435,-0.00460299194476399,0.00874635568513132,17.588,0.03479645212644975,19.329,-0.05840964354079369,18.842499999999998,-0.034098447658219365,16.663833333333333,0.0921856715641659,0.041686974612365216,0.05176618280675447,0.07230599980384819,0.0794697043478422,0.06589501002466178,0.10346379841647362,0.04507182597589193,0.0682947636008593,17.351000000000003,18.375,19.841,20.830000000000002,0.5,15.613000000000001,16.049999999999997,16.836,19.827,0.8333333333333334,-0.32477024031679746,0.7705533595221516,27.70448548812665,48.915065096094224,1.2624277456647428,3,9
2023/9/8 15:00,18.38,18.86,17.99,18.41,2023-09-08 15:00:00,0.0016322089227421728,0.04733405875952128,0.024483133841131627,0.021218715995647473,0.011538461538461497,0.06242774566473974,0.009890109890109874,17.674,0.0416430915469051,18.961000000000002,-0.029059648752703015,18.9065,-0.02626080977441626,16.722833333333334,0.10089000069764889,0.034983075419862786,0.05189612453213349,0.059391253037632034,0.07043391755415587,0.06551442965348764,0.10186653739048572,0.04507853749532965,0.06873876026331774,17.483,18.48,19.841,20.830000000000002,0.5,15.689,16.09,16.934,19.827,0.8333333333333334,-0.2558822956164383,0.846978377211681,42.140468227424776,42.53835425383542,0.8714200217627868,4,9
2023/9/11 15:00,18.83,18.86,17.1,17.49,2023-09-11 15:00:00,-0.07116303770578863,0.09346787041954319,0.001593202336696821,0.02071163037705773,-0.04997284084736564,0.024483133841131544,0.022813688212927657,17.688,-0.011194029850746292,18.330000000000002,-0.04582651391162047,18.939500000000002,-0.07653317141424028,16.776166666666665,0.04255044358564235,0.04046003324546845,0.0588379138823793,0.04993614819975133,0.06665421294933215,0.06651244039433853,0.10028993091146288,0.04527995747481946,0.06929655810364346,17.504,18.48,19.841,20.830000000000002,0.3,15.731,16.16,17.136,19.827,0.7666666666666667,-0.759488085558545,0.36263878480130907,41.86046511627905,42.74702172389629,1.63475305363781,0,9
2023/9/12 15:00,17.52,17.56,16.78,17.05,2023-09-12 15:00:00,-0.026826484018264776,0.044520547945205345,0.0022831050228310015,0.015410958904109566,-0.0251572327044024,-0.06956983536909178,0.0017152658662093277,17.66,-0.03454133635334085,17.966,-0.05098519425581656,18.975,-0.10144927536231887,16.827166666666667,0.013242474966076714,0.04187109150405516,0.0612940596705154,0.035027046714217164,0.05751362868069919,0.06641452667474951,0.09866752728444843,0.0453226578837231,0.06905545365753012,17.504,18.48,19.841,20.830000000000002,0.1,15.767999999999999,16.235,17.136,19.827,0.6833333333333333,-1.0328905902848926,0.1151963901172591,43.59861591695501,37.83393501805054,0.7590753424657511,1,9
2023/9/13 15:00,17.26,17.98,16.8,17.41,2023-09-13 15:00:00,0.008690614136732246,0.0683661645422943,0.03302433371958286,0.02665121668597919,0.021114369501466168,-0.0148401826484017,0.012316715542522044,17.712,-0.01705058717253837,17.717999999999996,-0.017383451856868515,18.97,-0.08223510806536631,16.879166666666666,0.03144902493211555,0.04297461508973358,0.06461056070325505,0.036302967307671324,0.057898632231702815,0.06465414521659979,0.09903815898772486,0.045320565341521214,0.06965614603768253,17.469,18.48,19.841,20.830000000000002,0.25,15.801,16.265,17.162,19.827,0.7333333333333333,-0.8351319819227886,0.2783960016469808,53.64238410596025,41.14621601763409,1.1902549246813439,2,9
2023/9/14 15:00,17.5,17.54,16.97,17.09,2023-09-14 15:00:00,-0.023428571428571437,0.032571428571428584,0.002285714285714237,0.006857142857142914,-0.018380241240666284,0.0139049826187716,0.005169442848937384,17.490000000000002,-0.02287021154945695,17.538999999999998,-0.02560009122526929,18.982000000000003,-0.09967337477610382,16.929166666666667,0.009500369185331,0.02874991511355446,0.05725201404759854,0.03388604739083396,0.05450909842717651,0.06417757773231829,0.0935115580025032,0.045354080640229756,0.06946790882367423,17.469,18.48,19.841,20.830000000000002,0.1,15.81,16.310000000000002,17.162,19.827,0.6666666666666666,-1.020301615602284,0.08594355353070517,49.090909090909115,28.559176672384226,0.5566457142857145,3,9
2023/9/15 15:00,17.2,17.59,16.88,17.32,2023-09-15 15:00:00,0.00697674418604657,0.04127906976744191,0.01569767441860463,0.018604651162790715,0.01345816266822708,-0.017142857142857237,0.006436512580456374,17.272,0.0027790643816582804,17.473,-0.008756366966176312,18.9205,-0.08459078776987924,16.970666666666666,0.02058453802639853,0.02915566302417285,0.05604101624918266,0.03165507826338837,0.05396857039065809,0.059973499155495755,0.08977669492282796,0.04492740907601152,0.06928115574107188,17.417,18.305,19.841,20.830000000000002,0.25,15.852,16.369999999999997,17.229,19.827,0.7166666666666667,-0.847050106784992,0.18867104875319737,32.25806451612905,18.172888015717106,0.7149534883720939,4,9
2023/9/18 15:00,17.89,17.92,17.02,17.14,2023-09-18 15:00:00,-0.041922861934041364,0.050307434320849755,0.0016769144773617181,0.006707657909446674,-0.010392609699769073,0.04011627906976756,0.03290993071593535,17.202,-0.0036042320660389002,17.445,-0.017483519633132685,18.75,-0.08586666666666663,16.9855,0.00909599364163565,0.020191097938241257,0.04740892902944398,0.030275821127587452,0.053123421455911646,0.05415232332138381,0.08565349972633093,0.04329635941934372,0.0690399484095221,17.383,18.09,19.637999999999998,20.830000000000002,0.15,15.852,16.4,17.229,19.827,0.6666666666666666,-0.8524958327576017,0.08354786507743131,24.081632653061234,25.51724137931035,0.8622694242593648,0,9
2023/9/19 15:00,17.34,17.56,17.07,17.16,2023-09-19 15:00:00,-0.010380622837370226,0.02825836216839668,0.012687427912341342,0.005190311418685113,0.001166861143523823,-0.030743432084963662,0.011668611435239165,17.224,-0.0037157454714352098,17.442,-0.016167870657034747,18.630000000000003,-0.07890499194847032,17.0085,0.008907311050357093,0.016312827534548043,0.04415649187408225,0.029982927624113656,0.05272527577229883,0.0533257829699566,0.06626927143276565,0.043108289202099255,0.06841469699539814,17.281000000000002,17.735,19.162,20.830000000000002,0.25,15.884,16.455,17.229,19.827,0.6833333333333333,-0.7694253998765213,0.08222248784863852,39.35483870967746,28.90262751159196,0.48491349480968704,1,9
2023/9/20 15:00,17.39,17.49,16.96,17.22,2023-09-20 15:00:00,-0.009775733179988597,0.03047728579643459,0.005750431282346053,0.014951121334099943,0.0034965034965033226,0.0028835063437140374,0.013403263403263428,17.186,0.0019783544745722633,17.449,-0.013123961258525,18.47,-0.0676773145641581,17.033666666666665,0.010939120565155303,0.01242838192854475,0.0365787161249103,0.029984359765795675,0.05059463841408268,0.05211734577749576,0.06478504674382093,0.0430994305932777,0.06737518208071305,17.211,17.455,18.551,20.830000000000002,0.35,15.911,16.54,17.25,19.827,0.7,-0.6625799841601323,0.10155393796324746,57.2649572649572,34.96376811594202,0.5248188614146037,2,9
2023/9/21 15:00,17.14,17.73,16.85,17.53,2023-09-21 15:00:00,0.022753792298716484,0.05134189031505245,0.011668611435239165,0.0169194865810968,0.018002322880371846,-0.014376078205865395,-0.00464576074332162,17.274,0.014819960634479577,17.381999999999998,0.008514555287078774,18.3555,-0.04497289640707135,17.066666666666666,0.02714843750000008,0.011117327265080341,0.04033280847363508,0.022485479400410742,0.04879241126061681,0.052132440221792614,0.0641310578042295,0.043113146606764664,0.06752457622564344,17.211,17.455,18.262999999999998,20.830000000000002,0.6,15.92,16.585,17.347,19.827,0.7833333333333333,-0.44150633504100073,0.25381640875892647,55.3571428571429,45.43610547667344,0.9000233372228695,3,9
2023/9/22 15:00,17.87,17.87,16.84,17.34,2023-09-22 15:00:00,-0.02965864577504203,0.0576385002797986,0.0,0.027979854504756575,-0.01083856246434689,0.0425904317386232,0.01939532230462064,17.278,0.0035883782845237393,17.275,0.0037626628075254,18.118000000000002,-0.042940721933988416,17.104833333333332,0.01374855060460502,0.011861070108998166,0.04360469457610642,0.021927740214839984,0.04982285541264454,0.04391587913497306,0.06012838648340021,0.04290667178166268,0.06755694785477932,17.211,17.415,18.046,19.970000000000002,0.45,15.962,16.715,17.361,19.827,0.7,-0.4685739360367357,0.13018326508838343,62.6262626262626,49.12280701754384,0.9994515948517078,4,9
2023/9/25 15:00,18.22,18.32,17.26,17.41,2023-09-25 15:00:00,-0.04445664105378698,0.05817782656421508,0.005488474204171319,0.008232711306256782,0.0040369088811995635,0.01958589815332945,0.05074971164936557,17.332,0.004500346180475387,17.267,0.008281693403602287,17.7985,-0.02182768210804284,17.142,0.01563411503908533,0.010260461560946966,0.04517877302477948,0.015548797872352927,0.04629385102711174,0.03891341384465114,0.05647403198822194,0.04290101120903208,0.06789461600102951,17.211,17.41,17.665,18.981,0.525,16.008,16.84,17.41,19.827,0.7083333333333334,-0.39314741638927597,0.14980347899674662,55.42168674698793,52.499999999999986,1.0128759604829844,0,9
2023/9/26 15:00,17.59,17.94,17.22,17.68,2023-09-26 15:00:00,0.005116543490619662,0.0409323479249575,0.014781125639568026,0.021034678794769814,0.015508328546812056,-0.03457738748627881,0.010338885697874767,17.436,0.013994035329203933,17.330000000000002,0.020196191575302818,17.648,0.0018132366273798748,17.186500000000002,0.0287143979286066,0.011490365828250033,0.047713570176091645,0.013525910598001822,0.04593503102508695,0.02826789980510885,0.05172432985289307,0.042887792226205326,0.06795712186501039,17.211,17.41,17.575,18.457,0.75,16.061999999999998,16.950000000000003,17.413,19.827,0.7833333333333333,0.04466235679802609,0.2791028176356728,79.34782608695642,55.723542116630675,0.7236839113132486,1,9
2023/9/27 15:00,17.78,18.2,17.41,17.6,2023-09-27 15:00:00,-0.010123734533183335,0.04443194600674911,0.023622047244094384,0.010686164229471388,-0.004524886877827927,0.010801591813530464,0.005656108597285148,17.512,0.005025125628140758,17.349,0.014467692662401362,17.5335,0.0037927396127414,17.22716666666667,0.021642173698518757,0.012454021422803593,0.05050450221815454,0.012229681036870256,0.04354160917153243,0.027297769087557183,0.05072012070161762,0.042892236696153635,0.06842171610861074,17.211,17.41,17.551000000000002,18.221,0.75,16.094,17.07,17.441,19.827,0.7666666666666667,0.13714439847568796,0.21320359668977049,72.44897959183679,41.80327868852462,0.7820022497187844,2,9
2023/9/28 15:00,17.77,17.91,16.77,17.17,2023-09-28 15:00:00,-0.03376477208778829,0.06415306696679801,0.007878446820483994,0.022509848058525725,-0.024431818181818166,-0.0005624296962880582,0.009659090909090803,17.44,-0.015481651376146764,17.357,-0.010773751224289774,17.448,-0.01593305823016957,17.252666666666666,-0.004791529811816415,0.01508024304407463,0.05306673754850366,0.013397605539003685,0.046699773011069375,0.02559240286553464,0.05060443571912293,0.04287683369995939,0.06860973284700429,17.184,17.375,17.502,18.002,0.3,16.184,17.11,17.441,19.827,0.5833333333333334,-0.7457783349692126,-0.04761097390576543,48.14814814814826,34.02061855670105,1.101508159819922,3,9
2023/10/9 15:00,18.72,18.82,16.24,16.36,2023-10-09 15:00:00,-0.12606837606837604,0.1378205128205129,0.005341880341880418,0.006410256410256464,-0.04717530576587081,0.05346088913899827,0.09027373325567833,17.244,-0.05126420784040828,17.261000000000003,-0.05219859799548133,17.367,-0.057983531985950444,17.262999999999998,-0.05230840525980414,0.024795615126231525,0.06910314005664651,0.019318031442555776,0.05635391731637648,0.02554865414907004,0.05516124385351727,0.0433485206892519,0.07018118934353965,17.167,17.33,17.441,17.732,0.05,16.262,17.11,17.441,19.827,0.35,-2.3771319054665425,-0.5222766214995872,18.378378378378358,35.01326259946951,2.2547435897435912,0,10
2023/10/10 15:00,16.35,16.43,15.96,16.12,2023-10-10 15:00:00,-0.014067278287461798,0.028746177370030507,0.004892966360856165,0.009785932721712546,-0.014669926650366705,-0.12660256410256399,-0.0006112469437651596,16.986,-0.0509831626044978,17.159,-0.06055131417914785,17.302,-0.06831580164142866,17.266333333333332,-0.06639124307419049,0.023263637442155125,0.0632168102178096,0.019484658293212494,0.05419779162129455,0.024898225601738,0.05366060653860309,0.04337872050142244,0.06975494250546815,17.157,17.27,17.434,17.732,0.05,16.262,17.11,17.441,19.827,0.2833333333333333,-2.332940442038546,-0.6639533954474673,17.894736842105274,36.9747899159664,0.4633883792048918,1,10
2023/10/11 15:00,16.21,16.27,15.46,15.49,2023-10-11 15:00:00,-0.044417026526835324,0.049969154842689614,0.003701418877236195,0.0018507094386180974,-0.03908188585607941,-0.008562691131498545,0.0055831265508684775,16.548,-0.06393521875755367,16.992,-0.08839453860640305,17.217,-0.10030783527908455,17.271,-0.10312083839962946,0.017403568975636847,0.06502417160135603,0.021864507178014164,0.056368870888723846,0.02606973640555703,0.05454707333051133,0.043285920499519556,0.06970455310779228,17.147,17.27,17.434,17.732,0.05,16.262,17.11,17.441,19.827,0.11666666666666667,-2.660883788913235,-1.034716258707424,10.97560975609754,25.000000000000014,0.7740222085132621,2,10
2023/10/12 15:00,15.56,15.64,15.05,15.15,2023-10-12 15:00:00,-0.026349614395886897,0.03791773778920308,0.005141388174807203,0.006426735218508974,-0.021949644932214296,-0.040098704503393034,0.004519044544867675,16.058,-0.05654502428695974,16.785,-0.09740840035746201,17.117,-0.11491499678682014,17.258166666666668,-0.12215472867917608,0.013293297619534723,0.06372132995784682,0.021602558801361756,0.0571129160880007,0.02633686136618776,0.05385377725104168,0.042969818546120635,0.06962083550837787,17.125,17.27,17.434,17.732,0.05,16.262,17.11,17.441,19.827,0.016666666666666666,-2.467734214073729,-1.2155655589315095,0.0,24.87046632124354,0.5744537275064266,3,10
2023/10/13 15:00,15.23,15.68,15.03,15.31,2023-10-13 15:00:00,0.005252790544977024,0.042678923177938304,0.02429415627051866,0.013131976362442618,0.010561056105610644,-0.02120822622107965,0.005280528052805285,15.686000000000002,-0.023970419482341018,16.563,-0.0756505463985992,16.972500000000004,-0.09795257033436458,17.259833333333333,-0.11296941839917336,0.0225747050400896,0.05942650120007488,0.02053650689723767,0.05624661937428928,0.021546555279133305,0.05251951531745304,0.0425862403671534,0.06941087786285106,17.078,17.195,17.41,17.608,0.1,16.262,17.11,17.441,19.827,0.05,-1.954539091143048,-1.1255393761742123,6.130268199233726,23.48284960422164,0.6534143138542354,4,10
2023/10/16 15:00,15.99,17.16,15.78,16.71,2023-10-16 15:00:00,0.04502814258911824,0.0863039399624766,0.02814258911819883,0.013133208255159528,0.09144350097975185,0.04990151017728173,0.04441541476159371,15.756,0.060548362528560586,16.5,0.01272727272727278,16.8875,-0.010510732790525444,17.285500000000003,-0.033293801162824425,0.0513796327106858,0.04912318662846762,0.039023966785697806,0.059113163342557076,0.030839403439127985,0.05446800937760081,0.04415351618146013,0.07041125671329883,16.948,17.165,17.361,17.537000000000003,0.3,16.322,17.11,17.441,19.827,0.43333333333333335,-0.22712465492755152,-0.33612564841948883,43.575418994413404,45.70858283433134,1.442138836772984,0,10
2023/10/17 15:00,16.74,16.93,15.99,16.05,2023-10-17 15:00:00,-0.04121863799283141,0.05615292712066903,0.011350059737156588,0.0035842293906810335,-0.03949730700179532,0.046904315196998114,0.0017953321364450978,15.741999999999999,0.019565493584042793,16.364,-0.019188462478611588,16.8155,-0.0455234753649906,17.296166666666668,-0.07204871985121947,0.05486855247572148,0.05460453657859532,0.040546780235078704,0.058910673398202475,0.030104672123755557,0.052602262212657104,0.04444849639666496,0.07071302342297218,16.605,17.15,17.326,17.537000000000003,0.2,16.322,17.11,17.441,19.827,0.21666666666666667,-0.9697565972307339,-0.7320746462152737,45.48104956268224,40.17699115044248,0.9012544802867379,1,10
2023/10/18 15:00,16.22,16.86,16.12,16.78,2023-10-18 15:00:00,0.03452527743526525,0.04562268803945737,0.004932182490752053,0.006165228113440066,0.045482866043613734,-0.031063321385901954,0.010591900311526363,16.0,0.04875000000000007,16.274,0.031092540248248753,16.802,-0.00130936793238891,17.320333333333334,-0.031196474278785986,0.052686270786123715,0.05373524321794887,0.04343224540265659,0.05937970740965246,0.031582778870299665,0.0526573692173697,0.04479659292032495,0.0704646013852525,16.605,17.15,17.326,17.537000000000003,0.4,16.354,17.11,17.441,19.827,0.43333333333333335,-0.027937988399033057,-0.3208537342706802,58.41836734693877,46.518987341772174,0.7655487053020947,2,10
2023/10/19 15:00,16.8,18.24,16.48,17.87,2023-10-19 15:00:00,0.0636904761904762,0.10476190476190464,0.02202380952380937,0.019047619047619063,0.06495828367103695,0.035758323057953234,0.0011918951132300103,16.544,0.0801499032882012,16.301,0.09625176369547897,16.825,0.062109955423477074,17.354666666666667,0.029694222495390346,0.05084173226879955,0.06710407661248918,0.04865162713565423,0.06541270328516802,0.03453363250604162,0.05447715622835021,0.04537052325591852,0.0714785056549707,16.605,17.15,17.326,17.608,1.0,16.387999999999998,17.134999999999998,17.496,19.827,0.7833333333333333,1.2861983892050521,0.30790022736331113,77.1689497716895,52.394366197183096,1.872095238095236,3,10
2023/10/20 15:00,18.12,19.13,17.69,18.96,2023-10-20 15:00:00,0.04635761589403972,0.07947019867549655,0.009381898454746034,0.0237306843267108,0.06099608282036928,0.07857142857142851,0.013989927252378288,17.274,0.09760333449114275,16.479999999999997,0.15048543689320415,16.9185,0.12066672577356143,17.397333333333336,0.08982219497240947,0.049876627602890904,0.07446233171200084,0.05083587095908195,0.06694441645603787,0.03658548751499594,0.05682209473355362,0.0457748673379794,0.0713361722315351,16.605,17.165,17.361,17.699,1.0,16.387999999999998,17.145,17.516000000000002,19.827,0.8666666666666667,2.1674970801224736,0.9292930961401948,87.13450292397661,60.12500000000001,1.5067549668874147,4,10
2023/10/23 15:00,19.74,23.24,19.18,21.83,2023-10-23 15:00:00,0.10587639311043566,0.2056737588652482,0.07142857142857144,0.02836879432624107,0.15137130801687748,0.08940397350993368,0.041139240506328986,18.298000000000002,0.1930265602798118,17.027,0.28208140012920635,17.144,0.2733317778814746,17.497666666666664,0.24759491741756054,0.06787682038158521,0.09833629549255515,0.06288776219022325,0.0737297410605114,0.04899261279071478,0.06504182918844394,0.049295143507123475,0.07369556411835454,16.605,17.165,17.446,17.979000000000003,1.0,16.477,17.155,17.551000000000002,19.943,0.9666666666666667,3.2377119143830453,2.457532515857487,91.58163265306122,70.46296296296296,4.489858156028368,0,10
2023/10/24 15:00,21.66,22.24,19.71,20.04,2023-10-24 15:00:00,-0.07479224376731307,0.1168051708217912,0.02677746999076631,0.015235457063711832,-0.0819972514887769,0.09726443768996962,-0.007787448465414483,19.096,0.04943443653121068,17.419,0.15046787990125718,17.288999999999998,0.15911851466250226,17.560333333333332,0.14120840530741635,0.08373708645944061,0.11046674423277958,0.07135045144573941,0.08253564040568746,0.05320590306894279,0.06836671601349101,0.05050061969920354,0.07429262371385065,16.605,17.195,17.551000000000002,19.068,0.95,16.552,17.165,17.624000000000002,20.078,0.9,1.7350305870664775,1.388745327970705,70.23086269744836,59.57792207792208,2.3407756232686956,1,10
2023/10/25 15:00,19.95,19.95,18.0,18.5,2023-10-25 15:00:00,-0.0726817042606516,0.0977443609022556,0.0,0.025062656641604012,-0.07684630738522946,-0.07894736842105265,-0.004491017964071849,19.44,-0.04835390946502064,17.72,0.04401805869074499,17.356,0.06591380502419902,17.60033333333333,0.05111645612772495,0.10083981789585984,0.12089107880533925,0.07592634884461563,0.08731316101164406,0.05657445664714369,0.07184101595018395,0.05155179688397893,0.07494964293261444,16.605,17.28,17.624000000000002,19.068,0.85,16.591,17.18,17.737,20.078,0.7833333333333333,0.7114524599254768,0.5056731526673378,63.44676180021954,53.265602322206085,1.8082706766917287,2,10
2023/10/26 15:00,18.81,18.96,17.12,17.52,2023-10-26 15:00:00,-0.06858054226475276,0.09782030834662414,0.007974481658692299,0.021265284423179084,-0.05297297297297299,-0.05714285714285716,0.016756756756756686,19.369999999999997,-0.09550851832731018,17.957,-0.024335913571309303,17.371000000000002,0.008577514247884251,17.62783333333333,-0.006117219926820194,0.1025533695169234,0.11950275952228315,0.07844346340952305,0.09330341806738617,0.058055886898723714,0.07520816707769343,0.05201914785299873,0.07581913419140407,16.605,17.375,17.624000000000002,19.068,0.6,16.677,17.205,17.737,20.078,0.65,0.0926592736020619,-0.06110781814126286,53.95299145299144,51.2212142358688,1.713811802232855,3,10
2023/10/27 15:00,17.91,17.91,17.08,17.16,2023-10-27 15:00:00,-0.041876046901172526,0.0463428252372977,0.0,0.004466778336125173,-0.020547945205479423,-0.04784688995215303,0.022260273972602773,19.009999999999998,-0.0973172014729089,18.142000000000003,-0.05412854150589807,17.3525,-0.011093502377179024,17.657666666666668,-0.028184169293791216,0.09677106015343218,0.11287728483464339,0.07935418174852374,0.09366980827332211,0.05815114084004392,0.07495821382380569,0.0519152316716891,0.07548872643058584,16.605,17.255000000000003,17.624000000000002,19.068,0.45,16.759,17.205,17.737,20.078,0.4583333333333333,-0.11969570850106367,-0.28588518031833293,45.88644264194669,52.88184438040346,0.7952428810720286,4,10
2023/10/30 15:00,17.75,17.86,17.32,17.35,2023-10-30 15:00:00,-0.022535211267605555,0.030422535211267556,0.006197183098591517,0.0016901408450704866,0.011072261072261114,-0.008933556672250154,0.03438228438228438,18.114,-0.04217732140885499,18.206,-0.04701746676919687,17.353,-0.0001728807698957018,17.689000000000004,-0.019164452484595067,0.039324941585425835,0.07782704010384725,0.07459320733971571,0.0880816677982012,0.058132850766021434,0.07359741557037913,0.05192359548547861,0.07506568529732055,16.605,17.26,17.624000000000002,19.068,0.55,16.814999999999998,17.27,17.737,20.078,0.55,-0.0018653906067569903,-0.1973785680413079,39.58602846054334,54.44685466377441,0.5278309859154922,0,10
2023/10/31 15:00,17.6,17.71,16.88,16.97,2023-10-31 15:00:00,-0.035795454545454686,0.04715909090909101,0.006249999999999967,0.005113636363636355,-0.021902017291066445,-0.00845070422535199,0.01440922190201729,17.5,-0.03028571428571435,18.298,-0.07257623784020109,17.331,-0.02082972707864524,17.695666666666668,-0.04100815642247644,0.0336864543103814,0.0638978241213072,0.0735963256885624,0.0871822841770434,0.058364199928731514,0.07304647878762294,0.051246388416447894,0.07452568075372054,16.605,17.165,17.624000000000002,19.068,0.45,16.844,17.27,17.737,20.078,0.3333333333333333,-0.22416380298151184,-0.42340896366196734,3.625954198473309,55.449189985272454,0.8002897727272744,1,10
2023/11/1 15:00,17.19,17.35,16.64,16.72,2023-11-01 15:00:00,-0.027341477603257846,0.04130308318789999,0.009307737056428164,0.004653868528213978,-0.014731879787860946,-0.023295454545454564,0.012964054213317762,17.144,-0.024731684554363014,18.291999999999998,-0.08593920839711346,17.283,-0.03257536307354061,17.708000000000002,-0.05579399141630918,0.022826547142240857,0.052609568578436086,0.07264244173131754,0.08675032369188766,0.058340895577352454,0.07306501555077005,0.05105957465062495,0.07411888427081079,16.605,17.064999999999998,17.544,19.068,0.4,16.844,17.27,17.737,20.078,0.26666666666666666,-0.34886969090308934,-0.5798307952110031,5.135135135135158,55.81912527798369,0.6905875509016878,2,11
2023/11/2 15:00,16.91,16.91,16.54,16.75,2023-11-02 15:00:00,-0.009461856889414555,0.0218805440567712,0.0,0.012418687167356644,0.0017942583732057926,-0.01628853984874934,0.01136363636363644,16.990000000000002,-0.014125956444967743,18.18,-0.07865786578657864,17.2405,-0.02845045097299967,17.719166666666663,-0.05469595071250508,0.014594429214325019,0.0374216157204655,0.06921950694923719,0.07846218762137433,0.05833917903856679,0.07193744545327116,0.05105653830331203,0.07382771990515277,16.605,16.875,17.401,19.068,0.45,16.844,17.27,17.737,20.078,0.26666666666666666,-0.3034922702089258,-0.5716890559469534,10.045662100456695,55.38922155688623,0.36649911295091764,3,11
2023/11/3 15:00,16.87,16.9,16.23,16.23,2023-11-03 15:00:00,-0.037937166567871994,0.03971547125074085,0.0017783046828688549,0.0,-0.031044776119402928,-0.0023654642223536193,0.007164179104477671,16.804,-0.03415853368245644,17.907,-0.09365052772658734,17.1935,-0.05603861924564514,17.722666666666665,-0.08422359313872997,0.017215143452514604,0.03609614492315412,0.06558500975863547,0.07448671487889875,0.058498055963737416,0.07071556566746831,0.05122942974223703,0.07401580841446156,16.321,16.765,17.401,19.068,0.3,16.844,17.27,17.737,20.078,0.13333333333333333,-0.5904032420205588,-0.8822351061051653,12.71676300578045,48.07692307692307,0.644582098399524,4,11
2023/11/6 15:00,17.03,17.27,16.4,17.05,2023-11-06 15:00:00,0.0011743981209629813,0.051086318261890834,0.012918379330593003,0.03699354081033485,0.05052372150338891,0.009484291641967957,0.049291435613062276,16.744,0.01827520305781181,17.429,-0.02174536691720683,17.227999999999998,-0.0103320176456929,17.742,-0.03900349453274716,0.032284595342062704,0.04022890153327878,0.040270976191620865,0.05902797081856302,0.05853923309777641,0.06637885593953721,0.051601178160068324,0.07298045459932957,16.566000000000003,16.875,17.401,19.068,0.6,16.934,17.27,17.737,20.078,0.3416666666666667,-0.10983302708266013,-0.41259692877479437,47.48858447488586,53.95569620253164,0.8710217263652388,0,11
2023/11/7 15:00,17.23,17.23,16.77,16.9,2023-11-07 15:00:00,-0.019152640742890414,0.02669762042948351,0.0,0.007544979686593093,-0.008797653958944385,0.01174398120963005,0.01055718475073312,16.73,0.010161386730424276,17.115000000000002,-0.012562080046742821,17.267000000000003,-0.02125441593791651,17.753333333333334,-0.04806609087495317,0.030874960381458712,0.03613660743735727,0.03476648227736754,0.05001721577933225,0.05845718958621715,0.06627642809250986,0.051564556695727126,0.07306045143617132,16.717,16.935,17.401,19.068,0.5,16.948999999999998,17.27,17.737,20.078,0.3,-0.22910991529224425,-0.511284148711849,39.534883720930196,50.49751243781094,0.45118978525827125,1,11
2023/11/8 15:00,17.02,17.09,16.73,16.82,2023-11-08 15:00:00,-0.011750881316098666,0.02115158636897764,0.004112808460634564,0.00528789659224441,-0.004733727810650734,-0.012188044109112117,0.007100591715976391,16.75,0.004179104477611957,16.947,-0.007493951731869883,17.3335,-0.02962471514696977,17.76033333333333,-0.05294570297104023,0.030031082458824233,0.0321063080735728,0.027553611190653943,0.04235793832600445,0.057625315445628975,0.06483554966882424,0.05155755832558502,0.07294263022739254,16.741,16.935,17.401,19.068,0.45,16.948999999999998,17.27,17.737,20.078,0.25,-0.3310773186664321,-0.5650697005069832,45.94594594594599,45.24886877828054,0.3557696827262039,2,11
2023/11/9 15:00,16.96,17.05,16.71,16.92,2023-11-09 15:00:00,-0.0023584905660376855,0.020047169811320747,0.005306603773584897,0.012382075471698162,0.005945303210463715,-0.003525264394829586,0.00832342449464926,16.784,0.00810295519542438,16.887,0.0019541659264523748,17.422,-0.02881414303753868,17.765666666666668,-0.047601178302718705,0.030096885333137525,0.03173963322448271,0.023072868968456367,0.03458062447247411,0.057258323108344604,0.06394202126993012,0.05154231687869287,0.07300484640098505,16.771,16.945,17.401,19.068,0.5,16.955,17.27,17.737,20.078,0.3,-0.3419306887880038,-0.509183390501497,55.88235294117654,39.860834990059644,0.33919811320754706,3,11
2023/11/10 15:00,17.08,17.39,16.97,17.25,2023-11-10 15:00:00,0.009953161592505956,0.024590163934426333,0.008196721311475443,0.006440281030444932,0.019503546099290725,0.007075471698112956,0.009456264775413508,16.988,0.015422651283258797,16.895999999999997,0.02095170454545471,17.519,-0.015354757691648974,17.778000000000002,-0.02969962875464069,0.023918653032705166,0.028714571761219814,0.023210838339141057,0.032405358342186975,0.05732203211345993,0.06303758330775452,0.0515851848473259,0.07300696568056039,16.808,17.009999999999998,17.401,19.068,0.65,17.026,17.285,17.737,20.078,0.5,-0.19452426783852153,-0.31921057833273786,62.50000000000001,19.547872340425556,0.42418032786885423,4,11
2023/11/13 15:00,17.84,17.84,17.36,17.43,2023-11-13 15:00:00,-0.022982062780269066,0.02690582959641258,0.0,0.003923766816143513,0.01043478260869568,0.04449648711943799,0.03420289855072463,17.064,0.021448663853727123,16.904,0.03111689540937055,17.555,-0.007120478496154941,17.783,-0.019850418939436624,0.011451003292566833,0.023878474028124163,0.02318023320213932,0.03205368778070147,0.05383436058121261,0.06006767778945134,0.05138696786521426,0.07213407485251262,16.875999999999998,17.105,17.457,19.068,0.7,17.026,17.33,17.737,20.078,0.6,-0.09124062005801238,-0.21361040314282628,86.14457831325299,27.91878172588835,0.4689686098654713,0,11
2023/11/14 15:00,17.49,17.55,17.03,17.24,2023-11-14 15:00:00,-0.014293882218410521,0.02973127501429386,0.0034305317324186554,0.012006861063464684,-0.010900745840504933,-0.019618834080717518,0.003442340791738309,17.131999999999998,0.00630399252860148,16.931,0.01825054633512477,17.6145,-0.021260893014278075,17.789833333333334,-0.030907166078003482,0.012081477409241712,0.02448520494508623,0.02222998675451908,0.03031090619122176,0.053007041998603684,0.058746595184132576,0.05135243897375526,0.07054626276941753,16.914,17.2,17.457,19.068,0.55,17.05,17.33,17.737,20.078,0.4666666666666667,-0.28235461855014876,-0.33335790715079655,59.22330097087367,36.18421052631579,0.5125671812464261,1,11
2023/11/15 15:00,17.43,17.43,16.81,16.84,2023-11-15 15:00:00,-0.03384968445209408,0.03557085484796334,0.0,0.0017211703958692564,-0.023201856148491795,-0.0034305317324184736,0.011020881670533719,17.136000000000003,-0.017273576097105676,16.943,-0.006079206752051085,17.6175,-0.0441322548602242,17.798166666666667,-0.05383513283203328,0.017183841275271627,0.02736905864088337,0.023075129378921675,0.029737683357228095,0.052460185854776235,0.05824400352455787,0.05129799647701536,0.06985630000879199,16.914,17.2,17.457,19.068,0.25,17.05,17.33,17.737,20.078,0.21666666666666667,-0.5870468131262607,-0.5831170909842679,47.65625000000004,41.457286432160814,0.5990131956397026,2,11
2023/11/16 15:00,16.71,16.83,16.22,16.75,2023-11-16 15:00:00,0.0023937761819269386,0.03650508677438656,0.004787552363853877,0.029323758228605744,-0.005344418052256494,-0.04130808950086051,-0.007719714964370487,17.101999999999997,-0.020582388024792238,16.943,-0.011391134981998547,17.561500000000002,-0.04620903681348417,17.785500000000003,-0.05822158499901619,0.017006654207217704,0.030660642033496534,0.02315646740828616,0.031200137628989634,0.05029101833161533,0.05483116262518197,0.050477934738102546,0.0694488259470857,16.881999999999998,17.105,17.374000000000002,19.068,0.175,17.026,17.285,17.737,20.078,0.175,-0.6070430632398356,-0.628199887285485,47.28682170542634,44.47439353099731,0.6114602034709749,3,11
2023/11/17 15:00,16.77,16.88,16.0,16.09,2023-11-17 15:00:00,-0.040548598688133555,0.052474657125819855,0.006559332140727456,0.005366726296958847,-0.03940298507462692,0.0035906642728904536,0.0011940298507462433,16.869999999999997,-0.04623592175459382,16.929000000000002,-0.04955992675290933,17.418,-0.076242967045585,17.77283333333333,-0.09468570946294427,0.018782083082504255,0.03623754067177524,0.024521678562405863,0.03247605621649753,0.04864866753485027,0.053481385547698136,0.050500339573637906,0.06793834609458499,16.834,17.009999999999998,17.28,18.654000000000003,0.05,17.026,17.285,17.737,20.078,0.08333333333333333,-0.9963844032139111,-1.0146353006014657,27.567567567567494,34.92822966507177,0.8443172331544415,4,11
2023/11/20 15:00,16.47,16.61,15.48,15.6,2023-11-20 15:00:00,-0.052823315118397045,0.06860959319975708,0.008500303582270831,0.007285974499089206,-0.03045369794903663,-0.017889087656529523,0.023617153511497763,16.503999999999998,-0.05477460009694609,16.784,-0.07054337464251664,17.1065,-0.08806593984742646,17.723666666666666,-0.11982095503187828,0.013930885145546221,0.04457829339244414,0.01836091607204404,0.03422838371028416,0.03141437750296678,0.04662817726442358,0.0488944309197744,0.06714890045856516,16.799,16.945,17.243,17.618000000000002,0.05,16.955,17.244999999999997,17.624000000000002,20.078,0.06666666666666667,-1.659902016046729,-1.26504109225719,8.955223880597003,34.032634032634036,1.0703096539162105,0,11
2023/11/21 15:00,15.7,16.13,15.53,15.9,2023-11-21 15:00:00,0.012738853503184782,0.03821656050955412,0.014649681528662336,0.010828025477707002,0.019230769230769384,-0.04675166970248934,0.0064102564102563875,16.235999999999997,-0.020694752402069277,16.684,-0.04699112922560541,16.8995,-0.059143761649752914,17.646166666666666,-0.09895444714149432,0.023254501174407024,0.04627535049149619,0.020372628953453382,0.03538027771829121,0.028247123465088037,0.04269874674881173,0.04682420974530421,0.06557298749621122,16.75,16.91,17.184,17.439,0.1,16.914,17.229999999999997,17.551000000000002,19.905,0.08333333333333333,-1.575824775251506,-1.056245266396789,14.084507042253549,40.55299539170509,0.6076433121019105,1,11
2023/11/22 15:00,16.05,16.26,15.57,16.17,2023-11-22 15:00:00,0.0074766355140187535,0.042990654205607555,0.00560747663551401,0.029906542056074792,0.016981132075471805,0.022292993630573354,0.009433962264150966,16.102,0.004223077878524493,16.619,-0.02701726939045659,16.783,-0.03652505511529521,17.58966666666667,-0.08071026549678795,0.02675226881927704,0.04775931036302503,0.02162841319186504,0.03756418450195421,0.02426761371930898,0.03996106141397933,0.04651809880854203,0.05935711626564298,16.741,16.869999999999997,17.083000000000002,17.358,0.2,16.881999999999998,17.205,17.523,19.905,0.15,-1.1559844802867354,-0.863243346342789,25.79185520361999,43.66812227074237,0.6951588785046743,2,11
2023/11/23 15:00,16.26,16.52,15.6,15.69,2023-11-23 15:00:00,-0.03505535055350566,0.05658056580565805,0.015990159901598893,0.0055350553505534965,-0.029684601113172726,0.013084112149532867,0.005565862708719842,15.89,-0.012586532410321023,16.496,-0.04886032977691557,16.691499999999998,-0.06000059910732998,17.510833333333334,-0.10398324846523588,0.02836043758760393,0.05177440616927933,0.02276407870420726,0.04121752410138794,0.0224038485470965,0.037899074286931025,0.046252407011626445,0.05929742936948179,16.573,16.83,16.994,17.26,0.1,16.834,17.18,17.499,19.827,0.08333333333333333,-1.8084672509860165,-1.1241234503454895,24.890829694323187,44.052863436123346,0.8877490774907747,3,11
2023/11/24 15:00,15.88,16.31,15.81,15.89,2023-11-24 15:00:00,0.0006297229219143442,0.031486146095717774,0.026448362720402904,0.004408060453400521,0.012746972594009032,-0.02337023370233704,0.012109623964308558,15.85,0.002523659305993749,16.36,-0.028728606356968146,16.628,-0.04438296848688956,17.445333333333334,-0.08915469275450932,0.02551604394647172,0.047576703963258915,0.021966980837813666,0.04190712231751708,0.02244527838669129,0.03715624032985203,0.04617013678391293,0.0587485039859624,16.212,16.785,16.935000000000002,17.26,0.15,16.808,17.165,17.448,19.053,0.1,-1.2951544236871906,-0.9695348070052873,32.083333333333385,35.20408163265307,0.5003148614609554,4,11
2023/11/27 15:00,16.52,17.26,16.4,16.65,2023-11-27 15:00:00,0.007869249394673063,0.05205811138014546,0.03692493946731253,0.0072639225181598665,0.047828823159219436,0.04030226700251882,0.03964757709251095,16.060000000000002,0.03673723536737212,16.282,0.0226016459894361,16.593,0.0034351835111190625,17.354666666666667,-0.040603872157344886,0.027788817053864573,0.044266407599336595,0.02784298740857083,0.04442235049589037,0.025062017688691877,0.038238019138295914,0.044055589571442004,0.057321273730691756,16.212,16.75,16.906,17.241,0.4,16.771,17.16,17.423000000000002,18.887999999999998,0.23333333333333334,0.10476976027600374,-0.4739892058797167,61.19999999999995,47.240618101545245,0.8667675544794219,0,11
2023/11/28 15:00,16.75,17.17,16.1,16.21,2023-11-28 15:00:00,-0.0322388059701492,0.06388059701492539,0.025074626865671745,0.006567164179104443,-0.02642642642642634,0.013922518159806385,0.006006006006006092,16.122,0.005458379853616237,16.179,0.0019160640336239793,16.555,-0.020839625490788213,17.228166666666667,-0.0590989561667424,0.03250379481979914,0.04939921490041085,0.02867727319130721,0.047837282695953526,0.025272924981626095,0.039074094443587636,0.042835783744501636,0.056198201739810834,16.198,16.735,16.858,17.241,0.35,16.75,17.155,17.413,18.538,0.2,-0.6355083644836147,-0.8280180780954244,62.44897959183675,43.762781186094074,1.0355044776119406,1,11
2023/11/29 15:00,16.5,16.59,16.27,16.36,2023-11-29 15:00:00,-0.008484848484848519,0.01939393939393941,0.005454545454545446,0.005454545454545446,0.009253547193090572,-0.014925373134328401,0.017890191239975272,16.16,0.012376237623762332,16.131,0.014196268055297204,16.537,-0.010703271451895726,17.156,-0.046397761716017685,0.031928055422163225,0.04467987193807722,0.028319892215122485,0.04621959115055113,0.02520529520660219,0.037978637253889606,0.039590793627853116,0.05425599421918425,16.198,16.7,16.858,17.241,0.45,16.741,17.145,17.41,18.419,0.24166666666666667,-0.32591772367062166,-0.6937818487653861,59.999999999999986,44.33198380566799,0.3172848484848488,2,11
2023/11/30 15:00,16.57,16.65,16.09,16.09,2023-11-30 15:00:00,-0.02896801448400727,0.033796016898008374,0.004828002414001104,0.0,-0.016503667481662543,0.004242424242424159,0.012836185819070957,16.240000000000002,-0.009236453201970574,16.065,0.0015561780267661736,16.503999999999998,-0.025084827920503996,17.092666666666666,-0.058660634190101,0.028990183273892568,0.04012296215654728,0.028661048260563284,0.04594868416291331,0.025437670534576667,0.03857441089595147,0.03935654126411316,0.05374399235028009,16.146,16.505,16.858,17.241,0.275,16.717,17.115000000000002,17.368000000000002,18.221,0.15833333333333333,-0.753449934933592,-0.9134545854379709,48.26086956521735,38.11475409836065,0.5437779118889547,3,11
2023/12/1 15:00,16.34,16.85,16.1,16.2,2023-12-01 15:00:00,-0.008567931456548383,0.04589963280293758,0.031211750305997647,0.006119951040391546,0.006836544437538894,-0.013880506940253445,0.015537600994406464,16.302,-0.006256900993743118,16.076,0.007713361532719506,16.502499999999998,-0.018330555976367124,17.048,-0.049741905208822094,0.028734055291206165,0.04300565949799125,0.02584212180396444,0.04529118173062509,0.024532049543703173,0.03888361897356131,0.038865464706342806,0.05340120678671752,16.146,16.505,16.858,17.241,0.4,16.692,17.07,17.343,18.002,0.21666666666666667,-0.5497000063882281,-0.7866029003085111,63.21243523316065,37.2141372141372,0.7435740514075888,4,12
2023/12/4 15:00,16.69,16.93,16.35,16.86,2023-12-04 15:00:00,0.010185739964050217,0.034751348112642196,0.004194128220491329,0.02037147992810065,0.040740740740740744,0.02141982864137093,0.030246913580247038,16.344,0.03157121879588829,16.201999999999998,0.040612270090112416,16.493000000000002,0.022251864427332645,17.029333333333334,-0.009943626683369924,0.026097199943945857,0.03954430684449059,0.026026008096271768,0.04190535722191359,0.02355367437523625,0.03806687046609887,0.0387736788244878,0.053202323419717784,16.146,16.505,16.846,17.241,0.75,16.692,17.05,17.326,17.903000000000002,0.43333333333333335,0.677212533104216,-0.15806080280797163,70.29288702928874,46.40151515151516,0.5859077291791474,0,12
2023/12/5 15:00,17.07,18.19,16.94,18.18,2023-12-05 15:00:00,0.06502636203866428,0.07322788517867604,0.0005858230814294999,0.00761570005858225,0.07829181494661919,0.022768124625524244,0.012455516014234927,16.738,0.08615127255347116,16.43,0.10651247717589775,16.557,0.0980250045298062,17.041999999999998,0.06677619997652869,0.03667445052111967,0.04141376447724072,0.0342382319340428,0.04540648968882579,0.02925883963716956,0.0403933837035585,0.039859286758431464,0.05344347277822381,16.146,16.505,16.846,17.268,1.0,16.692,17.05,17.326,18.182,0.9,2.4737773875798656,1.053246492526076,75.93220338983056,60.806451612903224,1.3312829525483303,1,12
2023/12/6 15:00,18.4,18.55,16.91,17.42,2023-12-06 15:00:00,-0.05326086956521722,0.08913043478260874,0.008152173913043594,0.027717391304347912,-0.04180418041804168,0.0779144698301113,0.012101210121012038,16.95,0.02772861356932168,16.555,0.05225007550588958,16.587,0.05022005184783276,17.045833333333334,0.021950623319481832,0.047284274774782566,0.05536106355497459,0.03845736404064939,0.05002046774652591,0.03096923868678402,0.043792326124240055,0.04020729261482774,0.05439164970785854,16.146,16.505,16.878,17.421000000000003,0.9,16.692,17.05,17.343,18.182,0.7666666666666667,1.2214999591295421,0.3459987695426349,68.5015290519878,54.876273653566244,1.5526521739130443,2,12
2023/12/7 15:00,17.56,18.08,16.99,17.24,2023-12-07 15:00:00,-0.018223234624145802,0.06207289293849658,0.02961275626423688,0.014236902050113897,-0.010332950631458226,-0.04565217391304344,0.00803673938002279,17.18,0.0034924330616995765,16.71,0.03171753441053247,16.603,0.03836656026019375,17.04733333333333,0.011301865394392143,0.04637680805104956,0.06101643876307222,0.036794151968363255,0.05056970045980976,0.031079436299385657,0.04589361228059884,0.040231789158058695,0.05456313693385688,16.146,16.505,16.974,17.421000000000003,0.775,16.692,17.05,17.343,18.182,0.6416666666666667,0.9181014276996189,0.1781279141899126,63.33333333333332,58.99843505477307,1.070136674259681,3,12
2023/12/8 15:00,17.35,17.35,16.56,16.79,2023-12-08 15:00:00,-0.03227665706051886,0.04553314121037479,0.0,0.01325648414985593,-0.026102088167053283,-0.011958997722095521,0.006380510440835441,17.298,-0.029367556942999144,16.8,-0.0005952380952381882,16.58,0.012665862484921644,17.023833333333336,-0.013735645124972048,0.04998068466796144,0.06094314044455966,0.0384910970618125,0.05197439997127547,0.03135231482368359,0.04694076114439626,0.03958554373110527,0.05416595325653461,16.146,16.505,16.846,17.421000000000003,0.65,16.692,17.009999999999998,17.326,17.901,0.4,0.3094122319044085,-0.21824601291692938,60.057471264367805,59.37007874015748,0.7645014409221927,4,12
2023/12/11 15:00,17.42,18.01,17.1,17.26,2023-12-11 15:00:00,-0.009184845005740535,0.05223880597014926,0.033869115958668185,0.009184845005740535,0.02799285288862441,0.004034582132564912,0.03752233472304959,17.377999999999997,-0.006790194498791289,16.861,0.023664076863768514,16.571499999999997,0.04154723471019551,17.00466666666667,0.01501548594503466,0.048196413348640554,0.06444063201606108,0.03656932488193908,0.05199246943027584,0.03192669348441141,0.048207409963083106,0.03972774192843496,0.054247699043378415,16.146,16.505,16.846,17.276000000000003,0.9,16.692,17.009999999999998,17.278000000000002,17.699,0.7,1.029935784654307,0.24170501606531777,63.80208333333335,60.429447852760745,0.9016417910447763,0,12
2023/12/12 15:00,17.39,17.53,16.77,16.92,2023-12-12 15:00:00,-0.02702702702702696,0.04370327774583103,0.008050603795284678,0.008625646923519387,-0.01969872537659323,-0.001722158438576371,0.0075318655851679605,17.125999999999998,-0.012028494686441434,16.932,-0.0007087172218283076,16.555500000000002,0.02201685240554496,16.995166666666666,-0.004422826097615855,0.026119220889283628,0.05853571052949208,0.0360008595440029,0.04997473750336641,0.03214447717257302,0.04890601009965996,0.03927607619407114,0.053418289165483204,16.146,16.505,16.846,17.276000000000003,0.8,16.692,16.945,17.253,17.699,0.49166666666666664,0.5561945457623891,-0.07128134441524267,50.85227272727277,55.69044006069802,0.739459459459461,1,12
2023/12/13 15:00,17.06,17.35,16.69,17.22,2023-12-13 15:00:00,0.009378663540445496,0.03868698710433764,0.007620164126612108,0.02168815943728004,0.017730496453900457,-0.018976423231742534,0.00827423167848682,17.086000000000002,0.007842678216083154,17.018,0.01186978493359961,16.5745,0.03894536788440064,16.998,0.013060360042357791,0.023729852648319793,0.04844702099383786,0.03621477948316633,0.051904042274406224,0.03192211405055183,0.049061816712478674,0.03919718822965124,0.05332106315146875,16.146,16.505,16.878,17.276000000000003,0.8,16.692,16.945,17.253,17.699,0.6416666666666667,0.9643154043966498,0.21044947936201297,30.799999999999997,61.93447737909516,0.6661899179366941,2,12
2023/12/14 15:00,17.28,17.75,16.59,17.75,2023-12-14 15:00:00,0.027199074074074008,0.06712962962962964,0.0,0.03993055555555563,0.030778164924506468,0.012895662368112681,0.0034843205574914215,17.188,0.032697230626018224,17.183999999999997,0.03293761638733721,16.6245,0.06770128424915027,17.003666666666668,0.043892493775852214,0.027046801736193136,0.049458368332064476,0.036077879098542806,0.055237403547568356,0.032525081739100827,0.05059304385524083,0.03930136488914471,0.05330045423625767,16.146,16.505,17.01,17.453000000000003,0.95,16.692,16.945,17.253,17.762,0.9,1.5659876068919112,0.7053895653351465,57.268722466960305,63.798219584569736,1.191550925925926,3,12
2023/12/15 15:00,17.8,18.0,17.05,17.59,2023-12-15 15:00:00,-0.011797752808988812,0.05337078651685389,0.011235955056179735,0.030337078651685345,-0.00901408450704222,0.03009259259259256,0.0028169014084507443,17.348,0.013949734839751031,17.323,0.01541303469375971,16.6995,0.053324949848797834,17.012,0.033976016929226395,0.02268152993682241,0.05102589739336029,0.036598385024837005,0.05598451891895998,0.031098798329202572,0.05063785032479253,0.039241382715969705,0.05364711020201476,16.191,16.72,17.226,17.606,0.9,16.692,16.945,17.278000000000002,17.762,0.85,1.206624466537963,0.5449224452798876,57.77777777777781,57.65472312703584,0.93879213483146,4,12
2023/12/18 15:00,18.29,18.5,17.74,17.86,2023-12-18 15:00:00,-0.02351011481683979,0.04155276107162392,0.01148168398031716,0.006560962274466976,0.015349630471859,0.02752808988764044,0.03979533826037517,17.467999999999996,0.02244103503549365,17.423000000000002,0.025081788440566927,16.8125,0.062304832713754615,17.021,0.0492920509958286,0.020733605672155226,0.04888868841365523,0.034985945912799465,0.05666466021485815,0.030024718375205282,0.04928500871838587,0.039252139657268835,0.05365167172375112,16.207,16.825,17.246,17.761,0.95,16.692,16.945,17.284000000000002,17.861,0.9,1.4274875211055913,0.7873214001927766,75.84541062801932,63.81909547738693,0.7421323127392032,0,12
2023/12/19 15:00,18.03,18.71,17.82,18.2,2023-12-19 15:00:00,0.009428729894619974,0.04936217415418749,0.02828618968386032,0.011647254575707202,0.01903695408734607,-0.01421541826134487,0.009518477043673108,17.723999999999997,0.02685624012638246,17.425,0.04447632711621226,16.927500000000002,0.07517353418992746,17.038666666666668,0.06815869786368249,0.014570957705332574,0.05002046769532652,0.025048187209508084,0.0542780891124093,0.030020665274637214,0.04984228940061754,0.03928803598040701,0.053635917387640085,16.315,16.89,17.308,17.892,1.0,16.692,16.945,17.343,17.901,0.9333333333333333,1.6679274391497065,1.0789277775495774,74.22680412371132,64.93506493506493,0.8983915696062122,1,12
2023/12/20 15:00,18.16,19.11,18.16,18.67,2023-12-20 15:00:00,0.02808370044052872,0.05231277533039644,0.024229074889867717,0.0,0.025824175824175954,0.007210205213532994,-0.002197802197802151,18.014000000000003,0.036416120794937196,17.55,0.06381766381766388,17.052500000000002,0.09485412696085616,17.06383333333333,0.09412695467020915,0.015406809243803023,0.05274562534053828,0.02122735723591127,0.050596323167188074,0.0302366500306651,0.05030839545685698,0.0394106917984497,0.054036824273673414,16.563,17.07,17.471,18.182,1.0,16.692,16.945,17.368000000000002,18.182,0.95,1.9399321060485373,1.4645150626329708,92.27053140096618,70.28301886792454,0.9766795154185016,2,12
2023/12/21 15:00,18.64,20.15,17.73,18.2,2023-12-21 15:00:00,-0.023605150214592342,0.12982832618025741,0.08100858369098701,0.02521459227467805,-0.02517407605784694,0.026431718061673992,-0.0016068559185860275,18.104,0.005302695536897928,17.646,0.031395217046356026,17.178,0.059494702526487274,17.080166666666667,0.06556337272274855,0.021473573981454434,0.06528536465066384,0.02302839772875459,0.05737186649136415,0.029959135106707266,0.05397078347558696,0.03956761650130913,0.05569267494673714,16.747999999999998,17.229999999999997,17.637999999999998,18.2,0.925,16.692,16.945,17.413,18.2,0.9083333333333333,1.2674133378297123,1.0121936044476416,71.87499999999996,64.88095238095238,2.362875536480685,3,12
2023/12/22 15:00,18.33,18.79,17.44,18.03,2023-12-22 15:00:00,-0.016366612111292807,0.07364975450081822,0.02509547190398259,0.03218767048554282,-0.009340659340659196,-0.016630901287553734,0.007142857142857089,18.192,-0.008905013192612084,17.77,0.014631401238041731,17.285000000000004,0.04310095458490004,17.0885,0.05509553208297986,0.0215280614305152,0.0693411582474567,0.020977357012912267,0.0601835278204085,0.030176126893893235,0.05607896389584197,0.03953382041418866,0.05606447268316656,16.839,17.25,17.783,18.2,0.8,16.692,16.945,17.413,18.2,0.8666666666666667,0.9706740111292718,0.8469323381771299,57.44680851063833,59.39004815409311,1.3279050736497526,4,12
2023/12/25 15:00,18.98,18.98,17.66,17.72,2023-12-25 15:00:00,-0.06638566912539523,0.0695468914646997,0.0,0.0031612223393044634,-0.017193566278424943,0.03546099290780158,0.05268996117581804,18.164,-0.024443955075974598,17.816,-0.005388414907947917,17.3385,0.02200305678115172,17.094833333333334,0.03657050375844544,0.022563896324326236,0.07493998432607185,0.02090291203200428,0.06191433636986354,0.028998673754441595,0.056953402900069686,0.03957516258195782,0.056262945869581575,16.902,17.340000000000003,17.783,18.2,0.65,16.692,16.945,17.423000000000002,18.2,0.8,0.503198161429119,0.5610923082416023,53.20197044334972,45.593869731800766,1.2323709167544785,0,12
2023/12/26 15:00,18.07,18.7,17.77,18.53,2023-12-26 15:00:00,0.025456557830658595,0.05146651909241835,0.009407858328721536,0.016602102933038224,0.045711060948081306,-0.047945205479452024,0.019751693002257417,18.23,0.016456390565002782,17.977,0.030761528619903254,17.454500000000003,0.06161734796184353,17.1135,0.08277091185321547,0.030390658197040593,0.07536085331371803,0.023179985607487484,0.06269066050452228,0.029559722403010056,0.05633269900394433,0.03999087207661197,0.05615109074505163,17.13,17.505000000000003,17.911,18.233,0.95,16.692,16.945,17.457,18.23,0.9333333333333333,1.4266375252172627,1.2548157810777627,63.035019455252915,60.531309297912685,0.9536745987825122,1,12
2023/12/27 15:00,18.68,19.55,18.19,18.65,2023-12-27 15:00:00,-0.0016059957173448147,0.07280513918629547,0.04657387580299791,0.024625267665952747,0.0064759848893685135,0.03375760929717764,0.008094981111710663,18.226,0.023263469768462608,18.12,0.029249448123620174,17.569,0.061528829187773894,17.129666666666665,0.08875440269318337,0.028053495226742185,0.07945932608489784,0.023001533375958682,0.06610247571271806,0.029555691025288208,0.05900325899356214,0.039955407754866355,0.0566823039327406,17.233999999999998,17.655,18.075,18.542,0.95,16.692,16.945,17.457,18.503,0.9333333333333333,1.4359903047250784,1.329024932211775,59.574468085106346,63.53166986564299,1.3578158458244105,2,12
2023/12/28 15:00,18.94,18.94,17.01,17.22,2023-12-28 15:00:00,-0.09081309398099273,0.10190073917634633,0.0,0.011087645195353605,-0.07667560321715816,0.013918629550321304,0.015549597855228027,18.029999999999998,-0.044925124792013243,18.067,-0.046881053855094994,17.6255,-0.02300643953363025,17.123333333333335,0.0056453182791511005,0.0443643701727582,0.07387380868411561,0.03384744530454297,0.06957958666738973,0.03468884956335556,0.062408495107479034,0.04121062949666045,0.0576401171522339,17.233999999999998,17.655,18.075,18.542,0.275,16.692,16.945,17.423000000000002,18.503,0.5916666666666667,-0.6014073432448951,0.084620946769432,28.096676737160095,53.47334410339256,1.7547307286166838,3,12
2023/12/29 15:00,17.26,17.52,16.63,16.69,2023-12-29 15:00:00,-0.03302433371958286,0.05156431054461185,0.015063731170335921,0.003476245654693063,-0.030778164924506246,-0.08870116156282992,0.0023228803716610165,17.762,-0.06035356378786168,17.977,-0.07159147799966618,17.65,-0.05439093484419249,17.115333333333336,-0.024851010789545498,0.04528631988580112,0.06945671989287434,0.03499317231870144,0.06939893907016552,0.03553471702331407,0.06269172899456274,0.04128366537215387,0.05743030454519746,17.233999999999998,17.655,18.075,18.542,0.05,16.678,16.92,17.423000000000002,18.503,0.31666666666666665,-1.5311672043614608,-0.3718934522590809,27.596439169139472,45.44,0.8606083429895719,4,12
2024/1/2 15:00,17.47,17.52,16.55,16.55,2024-01-02 15:00:00,-0.05266170578133934,0.055523755008586084,0.0028620492272467494,0.0,-0.008388256440982622,0.012166859791425066,0.04673457159976019,17.528,-0.055796439981743384,17.846,-0.07262131570099739,17.6345,-0.061498766622246084,17.1185,-0.03320968542804569,0.045326191711942604,0.06665209260165161,0.03428165201379784,0.07079603846386175,0.0344023596823197,0.06373034933935993,0.040828051649481514,0.05605869191499867,17.233999999999998,17.655,18.075,18.542,0.05,16.678,16.92,17.423000000000002,18.503,0.2833333333333333,-1.6661390721385094,-0.49788434041277785,27.844311377245504,46.94214876033057,0.9189181453920997,1,1
2024/1/3 15:00,16.7,17.11,16.56,16.66,2024-01-03 15:00:00,-0.0023952095808382726,0.03293413173652699,0.024550898203592825,0.005988023952095894,0.006646525679758319,-0.04407555809959929,0.009063444108761243,17.154,-0.02879794800046635,17.692,-0.05833144924259553,17.558500000000002,-0.051171797135290714,17.1275,-0.027295285359801552,0.034902225512920826,0.06294561513047334,0.03344779186290055,0.0691532342220957,0.029102775123731824,0.061715661667252494,0.04078214819672863,0.056128491154440276,17.22,17.505000000000003,17.911,18.542,0.1,16.681,16.92,17.423000000000002,18.503,0.3,-1.336558378801508,-0.4115531469125661,33.12101910828025,45.221843003412985,0.5486826347305397,2,1
2024/1/4 15:00,16.78,17.64,16.78,17.24,2024-01-04 15:00:00,0.02741358760429066,0.0512514898688915,0.02383790226460084,0.0,0.034813925570228,0.004790419161676773,0.007202881152461044,16.872,0.02181128496917962,17.549,-0.017607840902615593,17.549500000000002,-0.017635830080629272,17.15666666666667,0.004857198367981071,0.041971622669035355,0.05863488526699255,0.03456856235424334,0.0690471056759452,0.028899382530324112,0.05982171442156663,0.04065603406727133,0.056149863404876973,17.22,17.425,17.911,18.542,0.425,16.704,16.945,17.423000000000002,18.503,0.6166666666666667,-0.4582481025664447,0.07470722626193682,27.835051546391654,45.685279187817244,0.8835756853396893,3,1
2024/1/5 15:00,17.58,18.57,17.21,17.97,2024-01-05 15:00:00,0.022184300341296963,0.07736063708759952,0.03412969283276459,0.021046643913537968,0.04234338747099775,0.04767580452920117,0.01972157772621809,17.022,0.05569263306309485,17.526,0.025333789798014324,17.586,0.02183555100648245,17.203666666666667,0.04454476758830474,0.030283273668587143,0.05372686484924318,0.03720242437265867,0.0638003367666794,0.030286424366978492,0.06058610162902178,0.04084533817646902,0.05680724505985025,17.22,17.655,17.988,18.542,0.7,16.717,17.009999999999998,17.457,18.503,0.8166666666666667,0.5667779293564427,0.7039831902607235,40.340909090909086,52.93209876543209,1.3901706484641634,4,1
2024/1/8 15:00,18.59,21.83,18.55,19.42,2024-01-08 15:00:00,0.044647660032275514,0.17643894566971477,0.12963959117805254,0.0021516944593867214,0.0806900389538121,0.057451649601820254,0.034501947690595496,17.567999999999998,0.10541894353369786,17.665,0.09934899518822546,17.7175,0.09609143502187106,17.272166666666667,0.12435228160914001,0.03448405579419476,0.07870179187426378,0.044949652086513255,0.07407925588356905,0.03414354255235535,0.06713139185198877,0.04203249518657407,0.05903657876804653,17.233999999999998,17.735,18.081,18.651999999999997,1.0,16.741,17.105,17.541,18.542,0.9666666666666667,2.226862471647059,1.9585047117793446,81.07344632768365,60.1827676240209,3.426444324905861,0,1
2024/1/9 15:00,19.21,20.54,17.82,18.01,2024-01-09 15:00:00,-0.06246746486205097,0.14159292035398224,0.06923477355543978,0.009890681936491477,-0.07260556127703399,0.03335126412049494,-0.010813594232749786,17.86,0.008398656215005719,17.694,0.017859161297615153,17.755000000000003,0.014362151506617796,17.293833333333332,0.04141167853666546,0.05732125599718206,0.095915624943343,0.051402693231647784,0.08128385877249732,0.038191014124317794,0.07159909757118042,0.04163611709629142,0.05995806177457162,17.233999999999998,17.805,18.081,18.651999999999997,0.65,16.75,17.189999999999998,17.628999999999998,18.542,0.8,0.3358432003366965,0.6521182518598578,64.93212669683257,48.91179839633449,2.5500884955752205,1,1
2024/1/10 15:00,18.66,20.37,18.03,18.93,2024-01-10 15:00:00,0.014469453376205765,0.12540192926045016,0.07717041800643093,0.03376205787781345,0.05108273181565792,-0.0286309213951067,0.03609106052193218,18.314,0.03363547013213933,17.734,0.06744107364384785,17.8555,0.0601775363333427,17.341833333333334,0.09158009053252728,0.058480749379162256,0.11440918444812764,0.051926078564403795,0.08867739978930049,0.039258444193876786,0.07568403014691139,0.04174474193427607,0.061112211810234636,17.485,17.915,18.2,18.696,0.95,16.771,17.22,17.729,18.651999999999997,0.9333333333333333,1.3850432395589314,1.4361606290399054,72.88461538461539,51.416122004357284,2.3738585209003213,2,1
2024/1/11 15:00,19.23,20.48,18.23,19.55,2024-01-11 15:00:00,0.01664066562662508,0.11700468018720749,0.048361934477379076,0.052002080083203325,0.03275224511357644,0.030546623794212246,0.015847860538827297,18.776000000000003,0.04122283766510424,17.824,0.0968357271095152,17.972,0.08780324949922097,17.387999999999998,0.1243386243386245,0.05842145426649977,0.12755982251179082,0.05275939402451131,0.09309735388939169,0.03962926432792662,0.07959991480105487,0.04156018853038519,0.06230191167936381,17.681,17.990000000000002,18.299,18.979,1.0,16.778,17.229999999999997,17.783,18.696,0.9666666666666667,1.8630221947612629,1.8976503217515226,75.30647985989492,57.2347266881029,2.2874414976599065,3,1
2024/1/12 15:00,19.72,20.07,19.6,19.83,2024-01-12 15:00:00,0.005578093306288004,0.023833671399594265,0.012170385395537628,0.006085192697768633,0.01432225063938608,0.02548101924076951,0.008695652173912948,19.148000000000003,0.0356172968456233,18.085,0.09648880287531089,18.076,0.09703474219960155,17.420666666666666,0.1383031648233898,0.05790568158898237,0.1168544293741898,0.04404554123748487,0.0852906471117165,0.03928144722051688,0.0774351168895531,0.040795768831428394,0.06095310778999197,17.681,18.020000000000003,18.566,19.433000000000003,1.0,16.778,17.229999999999997,17.783,18.933,0.9666666666666667,1.864332399980066,2.04058899476322,73.93715341959334,59.53389830508474,0.47262170385395424,4,1
2024/1/15 15:00,18.38,20.84,17.64,17.69,2024-01-15 15:00:00,-0.03754080522306843,0.17410228509249182,0.13384113166485315,0.0027203482045702236,-0.10791729702470987,-0.06795131845841784,-0.07312153303076144,18.802,-0.059142644399531874,18.185,-0.027220236458619602,18.081,-0.02162491012665219,17.3995,0.016695882065576685,0.06972835329578483,0.11638709725874521,0.05763065082527559,0.09754444456650449,0.04681339775277551,0.083471691818335,0.04248671422696379,0.06253030923027522,17.711,18.020000000000003,18.566,19.433000000000003,0.3,16.778,17.229999999999997,17.729,18.696,0.6833333333333333,-0.41668306206005284,0.24959070952848986,47.94721407624635,49.866903283052366,3.0798694232861803,0,1
2024/1/16 15:00,17.32,19.03,16.32,17.7,2024-01-16 15:00:00,0.0219399538106235,0.15646651270207856,0.07678983833718256,0.057736720554272515,0.0005652911249292014,-0.05767138193688781,-0.020915771622385584,18.740000000000002,-0.0554962646744932,18.3,-0.03278688524590172,18.073,-0.0206385215514857,17.33066666666667,0.021310970918602665,0.062283295662984864,0.11936181572836446,0.057427752132519334,0.10763872033585373,0.046697262045308004,0.08921737939985773,0.037535889289287985,0.06171018846088906,17.697,18.020000000000003,18.566,19.433000000000003,0.35,16.778,17.229999999999997,17.706,18.651999999999997,0.7,-0.3963764444921684,0.365929968251107,34.014869888475786,46.03629417382997,2.7694572748267903,1,1
2024/1/17 15:00,17.37,20.45,17.06,20.45,2024-01-17 15:00:00,0.17731721358664354,0.19516407599309155,0.0,0.01784686240644803,0.15536723163841804,0.0028868360277136684,-0.018644067796610073,19.044,0.07382902751522782,18.679,0.09481235612184812,18.1855,0.12452228423744181,17.3375,0.17952415284787315,0.09388139407631366,0.13331424507489276,0.07386540890049789,0.12386171476151017,0.058089368381520304,0.09650747449180294,0.04135974611999739,0.06301617021374407,17.697,18.020000000000003,18.656,19.578,1.0,16.778,17.229999999999997,17.706,18.651999999999997,1.0,2.094666969948309,3.024347943549289,68.15476190476191,56.8702290076336,3.991105354058722,2,1
2024/1/18 15:00,20.35,24.89,19.78,20.26,2024-01-18 15:00:00,-0.004422604422604415,0.2511056511056511,0.22309582309582304,0.023587223587223607,-0.009290953545232128,0.17156016119746686,-0.004889975550122145,19.186,0.05597831752319408,18.981,0.06738317264633054,18.265,0.10922529427867511,17.366833333333332,0.1665914914444201,0.09422592687576534,0.16013443925858145,0.07440577599144145,0.14384713088518614,0.05803467001624981,0.10644711828056566,0.040100305076234216,0.06557219171713399,17.697,18.020000000000003,18.733999999999998,19.872999999999998,0.95,16.778,17.229999999999997,17.706,18.696,0.9833333333333333,1.700583539184476,2.663232382520527,61.10183639399001,62.81618887015179,5.0874004914004916,3,1
2024/1/19 15:00,20.69,22.46,19.69,20.33,2024-01-19 15:00:00,-0.017399710004833396,0.1338811019816336,0.08554857419043013,0.03093281778637008,0.0034550839091804786,0.01670761670761678,0.02122408687068113,19.285999999999998,0.05413253136990566,19.217000000000002,0.057917468907737725,18.3715,0.1066053397926134,17.413666666666664,0.16747382324228102,0.09424420277199363,0.18214392537498933,0.07404994509970403,0.14949917737458956,0.05758516997874743,0.10664975707063447,0.039438379032605296,0.06617320494438414,17.697,18.020000000000003,19.076999999999998,20.267000000000003,0.95,16.778,17.229999999999997,17.729,18.979,0.9833333333333333,1.55392584536319,2.5322888517420723,57.16911764705882,65.96491228070175,2.7218028032866113,4,1
2024/1/22 15:00,21.87,25.35,21.32,23.95,2024-01-22 15:00:00,0.0951074531321444,0.18427069044353,0.06401463191586658,0.025148605395519007,0.17806197737334006,0.05703238279362011,0.075750122970979,20.538,0.1661310741065342,19.669999999999998,0.2175902389425522,18.667499999999997,0.2829784384625688,17.526833333333332,0.36647616511824727,0.09274428024861459,0.18417760644519696,0.08863608244129084,0.15028235185197109,0.06890345278060972,0.11218080386777005,0.045306671418999356,0.06847200269782135,17.697,18.270000000000003,19.459,20.342,1.0,16.778,17.24,17.783,19.433000000000003,1.0,2.986795539870079,4.501162568957343,73.46241457858773,74.86559139784947,4.413283036122544,0,1
2024/1/23 15:00,26.55,26.86,23.81,25.36,2024-01-23 15:00:00,-0.04482109227871944,0.11487758945386066,0.011676082862523493,0.05838041431261773,0.05887265135699371,0.21399176954732502,0.10855949895615873,22.07,0.14907113729043947,20.405,0.24283263905905406,19.049500000000002,0.33126853723194816,17.66033333333333,0.4359864857212965,0.08593325979341396,0.17585982179555337,0.08213111512635093,0.14761081876195892,0.0690465839662452,0.11444733876722812,0.04580513564519223,0.0698795869351979,17.697,18.59,19.634,20.800000000000004,1.0,16.778,17.24,17.893,19.578,1.0,2.7451231404986243,4.40329462846312,97.63975155279506,76.88504326328803,2.9132956685499063,1,1
2024/1/24 15:00,25.43,26.9,23.69,24.66,2024-01-24 15:00:00,-0.03027919779787651,0.12622886354699164,0.0578057412504915,0.03814392449862363,-0.027602523659305933,-0.04218455743879479,0.002760252365930611,22.912,0.07629189944134084,20.978,0.17551720850414712,19.355999999999998,0.2740235585864849,17.7885,0.3862888945104984,0.08329176434622189,0.1620727793063334,0.08444599449287113,0.14769351219061308,0.06956925278931875,0.11818545598995678,0.04587268417043177,0.07119741647916292,17.697,18.79,19.959,24.021,0.95,16.778,17.24,17.982,19.872999999999998,0.9833333333333333,2.029797008706611,3.4960068255114622,89.81693363844397,72.76073619631904,3.112803775068814,2,1
2024/1/25 15:00,25.14,36.17,22.33,22.4,2024-01-25 15:00:00,-0.1089896579156723,0.5505171042163883,0.4387430389817025,0.0027844073190135357,-0.09164639091646398,-0.011403853716083323,0.01946472019464722,23.34,-0.040274207369323106,21.262999999999998,0.05347316935521801,19.5435,0.14616112774068088,17.883166666666668,0.25257458131017047,0.10174715740255005,0.22195506992848085,0.09272882829478195,0.19104475459353115,0.07366102910621344,0.14207105424146144,0.04754162676293973,0.07968431682963771,17.697,19.175,20.281,24.021,0.85,16.811,17.244999999999997,18.016000000000002,20.267000000000003,0.95,1.060689389378428,2.205229453897807,61.81818181818182,62.422882781828385,12.331583134447097,3,1
2024/1/26 15:00,22.55,23.11,21.84,21.97,2024-01-26 15:00:00,-0.025720620842572144,0.05631929046563191,0.02483370288248331,0.005764966740576452,-0.01919642857142856,-0.10302307080350037,0.006696428571428667,23.668,-0.07174243704580026,21.477,0.022954788843879432,19.781,0.11066174612001417,17.970166666666668,0.2225818718060488,0.10339426016375929,0.20644270762528052,0.09345614062196332,0.19429331650013493,0.071108424255433,0.1397919818059257,0.04764995004859706,0.08025829593645208,17.889,19.485,20.366,24.021,0.8,16.834,17.255000000000003,18.075,20.342,0.9333333333333333,0.8147208964265639,1.8963365217940846,60.07067137809186,57.58477096966091,1.237334811529933,4,1
2024/1/29 15:00,22.84,25.34,22.4,24.51,2024-01-29 15:00:00,0.0731173380035027,0.12872154115586695,0.036339754816112006,0.019264448336252245,0.1156121984524352,0.012860310421286103,0.03959945380063728,23.78,0.030698065601345685,22.159,0.10609684552552023,20.171999999999997,0.215050565139798,18.108166666666666,0.3535329363362757,0.08078035567356372,0.1953328777677479,0.08758565824858151,0.18975524210647243,0.07368180227971764,0.14364984333648848,0.04946448003836639,0.08174173043487085,17.998,19.689999999999998,20.906,24.525000000000002,0.9,16.854,17.340000000000003,18.186,20.602,0.9666666666666667,1.560049656100005,2.8339135909700235,69.06934306569345,68.11594202898551,3.154964973730299,0,1
2024/1/30 15:00,24.87,26.48,24.46,25.98,2024-01-30 15:00:00,0.04463208685162844,0.08122235625251305,0.02010454362685967,0.016485725774024934,0.059975520195838294,0.08887915936952728,0.01468788249694,23.904,0.08684738955823296,22.987,0.13020402836385794,20.6435,0.25850752052704246,18.257,0.423015829544832,0.08095800669555162,0.1886018311274784,0.08689559173271404,0.18223082646151587,0.0737885532419872,0.1449347733986848,0.04961682323797843,0.08224399773471452,18.654,20.045,22.098999999999997,24.73,1.0,16.854,17.425,18.2,22.012999999999998,1.0,1.821520045122778,3.1239110663665537,61.52099886492623,69.06435911303407,2.110156815440289,1,1
2024/1/31 15:00,26.43,30.04,25.31,27.26,2024-01-31 15:00:00,0.03140370790768074,0.17896329928111995,0.10518350359440021,0.04237608777903901,0.049268668206312594,0.06272617611580222,0.017321016166281726,24.424,0.11611529642974132,23.668,0.15176609768463759,21.173499999999997,0.28745837957824666,18.42966666666667,0.47913689884063726,0.07993495832513732,0.19914871827430405,0.0775379312694072,0.18061074879031874,0.07383647901034054,0.15223623177591444,0.04984508563417946,0.08478175904890847,19.273,20.295,22.865,25.422,1.0,16.854,17.509999999999998,18.299,22.555,1.0,1.9486034449704126,3.2408121337812905,60.94470046082951,70.13054830287207,4.87853953840333,2,1
2024/2/1 15:00,28.66,30.54,26.24,27.97,2024-02-01 15:00:00,-0.024075366364270805,0.15003489183531057,0.06559665038381016,0.0603628750872296,0.026045487894350572,0.08437381763147944,0.051357300073367515,25.538,0.09523063669825353,24.439,0.1444821801219362,21.71,0.28834638415476727,18.615499999999997,0.5025113480701567,0.04924437194360257,0.1190522757980885,0.0762542698052077,0.17050367286328466,0.07381645851301355,0.1571754018742354,0.04985779221892935,0.08692981414001402,19.511000000000003,20.39,24.118,26.108000000000004,1.0,16.902,17.64,18.566,24.006,1.0,1.8814642914558573,3.137789018871967,69.04487917146145,70.7865168539326,4.196475924633637,3,2
2024/2/2 15:00,28.1,30.93,26.75,28.4,2024-02-02 15:00:00,0.010676156583629791,0.1487544483985765,0.09003558718861214,0.048042704626334566,0.015373614587057549,-0.01953942777390083,0.004647836968180285,26.824,0.05875335520429455,25.246,0.1249306820882516,22.2315,0.2774666576704225,18.806833333333334,0.5100894178534398,0.03913065723154899,0.13753930738467743,0.07579324691239983,0.17199100750497898,0.07376788844292416,0.16074509243978424,0.0498606214760461,0.08907493544980162,19.746,21.21,24.555,27.331000000000003,1.0,16.902,17.695,18.656,24.525000000000002,1.0,1.7514996909627145,2.9712189477291253,93.73177842565597,79.9664241745943,4.224626334519572,4,2
2024/2/5 15:00,31.95,38.68,31.95,36.21,2024-02-05 15:00:00,0.1333333333333334,0.210641627543036,0.07730829420970263,0.0,0.27500000000000013,0.13701067615658347,0.12500000000000003,29.163999999999998,0.24159923192977656,26.472,0.3678603807796917,23.071,0.5695028390620258,19.122833333333336,0.8935478529157985,0.10761776423242943,0.15392332466211123,0.09866264940449673,0.17462810121492958,0.09195162158248397,0.1624552265334503,0.06047824534260711,0.09217579317661179,20.131,22.185,24.869999999999997,28.012999999999998,1.0,16.902,17.71,18.748,24.73,1.0,2.831681103706473,4.35205878597034,,86.0537592520452,7.6273333333333335,0,2
2024/2/6 15:00,38.3,38.92,30.05,32.48,2024-02-06 15:00:00,-0.15195822454308097,0.2315926892950392,0.01618798955613589,0.06344647519582236,-0.10301021817177591,0.19874804381846634,0.05771886219276433,30.464,0.06617647058823524,27.183999999999997,0.1948204826368452,23.7945,0.3650213284582571,19.37366666666667,0.6765024689871127,0.13763931384291464,0.18399739127061646,0.10907781618855322,0.18629961119904742,0.09405802956291229,0.16695521498050317,0.06233988581245477,0.09558724083825557,20.309,23.174999999999997,25.546,28.808000000000003,0.95,16.902,17.735,19.076999999999998,25.422,0.9833333333333333,1.7623070846773756,3.061537173537926,75.82631237848345,72.57035647279548,7.522130548302873,1,2
2024/2/7 15:00,32.71,32.81,29.56,30.38,2024-02-07 15:00:00,-0.07123203913176404,0.0993579944970958,0.0030571690614491416,0.025068786303882613,-0.06465517241379304,-0.145953002610966,0.007081280788177463,31.088,-0.022774060730828678,27.756,0.09453811788442135,24.366999999999997,0.24676817006607307,19.592666666666666,0.5505801490353534,0.14739876057163975,0.16807633031381164,0.11184545711043466,0.18361252429405783,0.09647168639517992,0.16565301824233544,0.06305993737204056,0.09674768616296893,20.413999999999998,24.23,26.364,30.590000000000003,0.9,16.902,17.805,19.459,26.108000000000004,0.9666666666666667,1.2030316238677645,2.396952299070336,63.698630136986296,67.71708683473389,3.01849587282177,2,2
2024/2/8 15:00,31.95,38.62,30.89,30.92,2024-02-08 15:00:00,-0.03223787167449132,0.24194053208137706,0.20876369327073546,0.0009389671361502704,0.0177748518762344,-0.023234484867013183,0.05167873601053326,31.677999999999997,-0.023928278300397614,28.607999999999997,0.08081655480984358,24.935499999999998,0.2399991979306613,19.827333333333335,0.5594633670690292,0.14749711084520817,0.18645745836302494,0.10411199930178029,0.1527548670805567,0.09649153760082246,0.17189981083704392,0.06290134092224209,0.10018718078352581,21.514,24.585,27.473,31.076000000000004,0.9,17.13,17.915,19.634,27.331000000000003,0.9666666666666667,1.1809303027897586,2.3519457861904214,61.945169712793735,68.23975198070961,7.480801251956179,3,2
2024/2/19 15:00,35.32,35.53,31.22,32.98,2024-02-19 15:00:00,-0.06625141562853917,0.12202718006795023,0.005945639864099684,0.04983012457531138,0.06662354463130638,0.10547730829420976,0.14230271668822764,32.593999999999994,0.011842670430140605,29.709000000000003,0.11010131609949825,25.593,0.28863361075294014,20.097833333333334,0.6409729075273451,0.14817112515107408,0.18111200469689967,0.10246908522356384,0.15932565604078852,0.09682890552326066,0.17680948627046172,0.06325001580138254,0.10161254900508522,22.270999999999997,25.009999999999998,28.098999999999997,32.53,0.95,17.22,17.990000000000002,19.959,28.012999999999998,0.9833333333333333,1.4148392307469286,2.57945891710153,65.02699460107976,66.43611212231525,4.024456398640998,0,2
2024/2/20 15:00,33.55,33.89,26.55,26.61,2024-02-20 15:00:00,-0.20685543964232483,0.21877794336810732,0.010134128166915155,0.0017883755588673242,-0.19314736203759852,-0.05011325028312574,0.017283201940570054,30.674,-0.13249005672556563,29.919000000000004,-0.11059861626391271,26.038999999999998,0.021928645493298572,20.273166666666665,0.3125724479813219,0.1019447922098473,0.18273926786191397,0.12346326380748701,0.16833129626201257,0.10476539790056762,0.1790432691842425,0.06832801897439875,0.10438427044245667,23.485,25.67,28.098999999999997,32.53,0.6,17.233999999999998,18.020000000000003,20.281,28.012999999999998,0.8666666666666667,0.11700039046707678,1.2584218987210056,46.04157452454666,51.92722787542399,5.821681073025336,1,2
2024/2/21 15:00,27.2,28.72,25.08,26.28,2024-02-21 15:00:00,-0.03382352941176464,0.13382352941176473,0.05588235294117646,0.044117647058823636,-0.012401352874858995,-0.18926974664679574,0.02217211574596016,29.434000000000005,-0.10715499082693494,29.949,-0.12250826404888311,26.468,-0.007102916729635742,20.45116666666667,0.2850122649889573,0.09936032194726002,0.16318543588525905,0.12264760775232678,0.17359141357793775,0.10496887237695678,0.1779111200197268,0.06818356376019952,0.10547116937932347,24.342000000000002,26.130000000000003,28.098999999999997,32.53,0.55,17.24,18.105,20.366,28.012999999999998,0.85,-0.04207284007502787,1.1527933979964395,17.18440185062788,52.52651278852153,3.5168823529411775,2,2
2024/2/22 15:00,26.78,27.67,25.97,26.37,2024-02-22 15:00:00,-0.015309932785660946,0.06348020911127718,0.033233756534727425,0.014936519790888801,0.003424657534246478,-0.01544117647058818,0.01902587519025875,28.631999999999998,-0.07900251466890182,29.860000000000003,-0.11687876758204963,26.764,-0.01472126737408453,20.625666666666667,0.2785041291594615,0.09931540805359877,0.15600987880809533,0.12177433828859972,0.16204310456095344,0.10043947430261758,0.1713269266756361,0.06818155338713659,0.10589223018935219,24.615000000000002,26.325000000000003,28.098999999999997,32.53,0.55,17.254,18.189999999999998,20.905999999999995,28.012999999999998,0.85,-0.0929464522206313,1.131405976039703,23.411662315056574,56.64101706256274,1.6739731142643792,3,2
2024/2/23 15:00,28.06,29.47,26.54,29.2,2024-02-23 15:00:00,0.040627227369921616,0.1044191019244476,0.009622238061297205,0.054169636493228784,0.10731892301858159,0.047796863330843875,0.0640879787637466,28.288,0.032239819004524856,29.982999999999997,-0.026114798385751852,27.211000000000002,0.07309543934438267,20.84283333333333,0.40096116171026025,0.11539999223529178,0.12850559277670942,0.1261106219003142,0.15748152556986716,0.1021764502192571,0.1639925992165759,0.06931105357070118,0.10691603765133287,25.15,26.490000000000002,28.639999999999997,32.53,0.75,17.372,18.2,22.098999999999997,28.48,0.9166666666666666,0.4996810267680442,1.6191916314192656,45.17184942716858,61.19541653762775,3.04903777619387,4,2
2024/2/26 15:00,28.72,30.25,26.97,28.6,2024-02-26 15:00:00,-0.004178272980501304,0.11420612813370477,0.0532729805013928,0.05675487465181068,-0.020547945205479423,0.023521026372059772,-0.016438356164383577,27.412,0.04333868378812208,30.003000000000004,-0.046761990467619974,27.6245,0.035312856341291256,21.058,0.3581536708139425,0.10810842704368791,0.12694138238986036,0.1264905107093284,0.15402669354338,0.10256152998830317,0.1630088505241795,0.06922748140726923,0.10787646369013364,25.794,26.935000000000002,28.78,32.53,0.7,17.539,18.365000000000002,22.864999999999995,28.660000000000004,0.9,0.26774558901378487,1.4471234453990764,40.55374592833874,56.73805601317957,3.2662952646239565,0,2
2024/2/27 15:00,27.29,28.69,25.84,27.84,2024-02-27 15:00:00,0.020153902528398708,0.10443385855624776,0.03114694027116165,0.053133015756687406,-0.02657342657342665,-0.049791086350974956,-0.04580419580419588,27.657999999999998,0.006580374575168204,29.165999999999997,-0.045463896317630016,27.819,0.000754879758438506,21.257166666666667,0.3096759524238884,0.055422294490656145,0.10407256542748844,0.08471650026638713,0.14340591664470118,0.09618845549453976,0.15901700892981535,0.06940945870188174,0.10909225889780913,26.19,27.55,28.78,32.53,0.55,17.66,18.59,24.118,28.660000000000004,0.85,0.00593347220488154,1.2564724557347748,26.593806921675778,53.13765182186235,2.907438622205938,1,2
2024/2/28 15:00,27.9,30.61,27.79,30.34,2024-02-28 15:00:00,0.08745519713261654,0.10107526881720431,0.009677419354838694,0.0039426523297490836,0.08979885057471271,0.02235251007695127,0.0021551724137930574,28.47,0.06568317527221641,28.952000000000005,0.047941420281845615,28.068,0.0809462733361835,21.485333333333337,0.4121261015266226,0.06327257273756917,0.09752291330857635,0.08628829802664786,0.1303541745969177,0.097227554592931,0.15832689289798255,0.06998893180257332,0.10990921152176011,26.343,27.905,29.541999999999998,32.53,0.75,17.697,18.66,24.555,29.314,0.9166666666666666,0.6432048084801132,1.6605508899693169,76.23066104078764,54.990278677900186,3.066623655913979,2,2
2024/2/29 15:00,29.0,30.74,28.63,30.36,2024-02-29 15:00:00,0.04689655172413791,0.07275862068965515,0.013103448275862035,0.012758620689655206,0.0006591957811470373,0.03942652329749108,-0.04416611733684904,29.268,0.037310373103731,28.95,0.04870466321243524,28.353,0.07078616019468831,21.721166666666665,0.3977149784772151,0.06358176345488702,0.09937859562425194,0.08355145698120187,0.12769423721617362,0.096805157094181,0.15565338075511573,0.06982149735337964,0.11005717858300561,26.538,28.185,30.346,32.53,0.75,17.714,18.8,24.869999999999997,30.342,0.9166666666666666,0.5780016126651478,1.5975719165622664,80.0,53.9608882996354,2.2089517241379304,3,2
2024/3/1 15:00,30.78,31.58,29.87,29.9,2024-03-01 15:00:00,-0.028589993502274286,0.05555555555555547,0.02599090318388555,0.000974658869395633,-0.015151515151515138,0.06137931034482769,0.013833992094861717,29.408000000000005,0.016730141458106425,28.848000000000003,0.036466999445368686,28.728,0.04079643553327753,21.946833333333334,0.36238333548499774,0.04812307379173026,0.08960588635047351,0.08356612471390229,0.10905573956359145,0.0938446455088383,0.1309053033220741,0.06991375776196589,0.11065987218569921,27.065,28.5,30.346,32.53,0.65,17.741,19.175,25.546,30.342,0.8833333333333333,0.3675138776919474,1.4560367549917075,74.61645746164574,52.483443708609265,1.6611111111111085,4,3
2024/3/4 15:00,30.54,30.54,29.07,29.38,2024-03-04 15:00:00,-0.037982973149967264,0.048133595284872266,0.0,0.010150622134905,-0.017391304347826098,-0.007797270955165803,0.02140468227424751,29.564,-0.0062237856852929594,28.488,0.0313114293737714,29.0985,0.009674038180662151,22.168333333333333,0.32531388617397183,0.04771262750252555,0.07639137978070701,0.08028258844134985,0.10166638108528366,0.09380723199036613,0.1304960185630361,0.06992007783870065,0.11089883182548027,27.666,28.9,30.346,32.53,0.6,17.826999999999998,19.485,26.07,30.342,0.8666666666666667,0.10181743784823709,1.3135845547797778,51.85185185185185,35.09384548232212,1.4141650294695471,0,3
2024/3/5 15:00,29.49,29.59,27.35,27.88,2024-03-05 15:00:00,-0.05459477789081043,0.07595795184808404,0.003390979993218088,0.01797219396405553,-0.05105513955071472,-0.03438113948919452,0.0037440435670523975,29.571999999999996,-0.057216285675639016,28.615,-0.025685829110606306,29.267000000000003,-0.047391259780640446,22.363,0.24670214193086792,0.05289969068174472,0.07069619843907428,0.051290912972910004,0.08738438193328132,0.09213291243078864,0.12785783909764697,0.07039619732840798,0.11139980380956606,27.868,28.9,30.346,32.53,0.35,17.936999999999998,19.689999999999998,26.307000000000002,30.342,0.7833333333333333,-0.5405450098474387,1.0063986235857199,43.749999999999986,38.878143133462274,2.117707697524583,1,3
2024/3/6 15:00,28.01,28.08,26.62,26.7,2024-03-06 15:00:00,-0.04676901106747598,0.05212424134237762,0.002499107461620733,0.00285612281328091,-0.042324246771879515,-0.050186503899626866,0.004662840746054611,28.844,-0.07433088337262522,28.657,-0.06829047004222356,29.303000000000004,-0.08883049517114305,22.527,0.1852443734185643,0.02116757673800524,0.06090599294410892,0.05330459654591631,0.07921445312634262,0.09207348153935398,0.1264029333521402,0.07062683198825165,0.11168935203006164,27.868,28.9,30.346,32.53,0.2,17.998,20.045,26.442,30.342,0.7333333333333333,-1.0320924980159716,0.7640542461115963,40.776699029126206,40.68825910931173,1.3917172438414824,2,3
2024/3/7 15:00,26.87,26.98,25.28,25.97,2024-03-07 15:00:00,-0.03349460364719025,0.06326758466691475,0.004093784890212111,0.02567919612951238,-0.027340823970037453,-0.04069975008925386,0.006367041198501937,27.966,-0.07137238074805129,28.617,-0.09249746654086738,29.2385,-0.11178754040049933,22.656833333333335,0.14623255677095198,0.015649316381337163,0.05900778573956085,0.054146734995705395,0.07919319068190638,0.09173884348446346,0.12061814762142993,0.07021269939439848,0.11152334702153228,27.868,28.9,30.346,32.53,0.05,17.998,20.295,26.442,30.342,0.65,-1.2607186715457166,0.608016047814498,0.4535147392290213,37.593984962406005,1.643059173799776,3,3
2024/3/8 15:00,26.03,26.03,24.85,24.85,2024-03-08 15:00:00,-0.045332308874375705,0.045332308874375705,0.0,0.0,-0.04312668463611846,-0.03126163007071081,0.002310358105506441,26.956,-0.07812731859326302,28.182,-0.11823149528067552,29.0825,-0.14553425599587375,22.780666666666665,0.09083725966462804,0.013586769427730202,0.0569631364033249,0.039982685774372397,0.07328451137689919,0.09206496227172659,0.11538301847338317,0.07022890287915001,0.11079337825639507,27.498,28.9,30.346,32.53,0.05,18.024,20.39,26.442,30.342,0.6166666666666667,-1.5327967633144886,0.3823306216286514,0.0,28.616517622304045,1.1265078755282363,4,3
2024/3/11 15:00,25.49,25.49,24.06,24.13,2024-03-11 15:00:00,-0.05335425657120438,0.056100431541781084,0.0,0.002746174970576708,-0.028973843058350157,-0.020745293891663574,0.025754527162977745,25.906,-0.06855554697753416,27.734999999999996,-0.1299801694609698,28.869,-0.16415532231805746,22.895500000000002,0.05391889235876032,0.010110846952723615,0.05855650365470666,0.04019367080297071,0.06747394171770682,0.09215754994051593,0.11075031763054341,0.07035378030073801,0.11069383723311647,26.673,28.9,30.346,32.53,0.05,18.149,21.21,26.442,30.342,0.5666666666666667,-1.5936146124810895,0.23006984070011824,0.0,40.7185628742515,1.3537034131031775,0,3
2024/3/12 15:00,24.24,24.5,23.71,23.99,2024-03-12 15:00:00,-0.010313531353135313,0.032590759075907555,0.010726072607260792,0.011551155115511452,-0.0058019063406548055,-0.04903883876029813,0.004558640696228737,25.128,-0.04528812480101885,27.35,-0.12285191956124325,28.258,-0.15103687451341216,23.0155,0.04234103104429619,0.015138406896054226,0.049883065100271365,0.04013170355210962,0.060289631769672794,0.06466262498753579,0.10184777420718698,0.07023584332746785,0.11047813086420868,26.538,28.240000000000002,30.032,31.076000000000004,0.05,18.2,22.185,26.442,30.342,0.55,-1.6287321712205862,0.18362215198047654,0.0,41.305998481397104,0.7818523102310222,1,3
2024/3/13 15:00,24.05,24.34,23.65,23.7,2024-03-13 15:00:00,-0.014553014553014611,0.028690228690228744,0.012058212058212022,0.0020790020790021086,-0.01208837015423092,-0.007838283828382697,0.0025010421008754597,24.528,-0.03375733855185908,26.686,-0.1118938769392191,27.819,-0.14806427261943275,23.122833333333332,0.02496089723721863,0.014776364416682206,0.04519626256984159,0.017230205013259715,0.053051127756975236,0.06151267290091602,0.09170265117694645,0.07023609317051166,0.11008565457621002,26.343,27.86,29.535999999999998,30.434,0.05,18.431,23.049999999999997,26.442,30.342,0.5166666666666667,-1.5773477761863932,0.10986176307152237,0.0,40.01495886312639,0.6799584199584212,2,3
2024/3/14 15:00,23.91,23.91,22.84,22.84,2024-03-14 15:00:00,-0.04475115014638228,0.04475115014638228,0.0,0.0,-0.03628691983122356,-0.0058212058212058215,0.008860759493670923,23.902,-0.04443142833235717,25.933999999999997,-0.11930284568520082,27.441999999999997,-0.1676991472924713,23.2215,-0.016428740606765243,0.015864371666715546,0.0414929756657351,0.015125909482625148,0.05025038070264796,0.06059731127197944,0.08897230895941079,0.07037805118813242,0.1101031191162192,26.187,27.27,29.253999999999998,30.416,0.05,18.614,23.27,26.442,30.342,0.5,-1.6661363130162847,-0.07350230696813938,0.0,22.10526315789474,1.0221162693433712,3,3
2024/3/15 15:00,23.24,23.24,22.06,22.1,2024-03-15 15:00:00,-0.049053356282271816,0.05077452667814113,0.0,0.0017211703958693073,-0.03239929947460585,-0.02802174822250114,0.01751313485113829,23.351999999999997,-0.05361425145597788,25.154000000000003,-0.12141210145503703,27.000999999999998,-0.1815117958594125,23.302833333333336,-0.05161747140905616,0.013373045529489643,0.042581419226488185,0.01447313258530949,0.04977227781490652,0.060323337834484334,0.07941400868924899,0.07055029073623735,0.11030457810911592,25.634,26.655,28.78,30.342,0.05,18.664,23.27,26.442,30.342,0.4666666666666667,-1.7022234297075938,-0.23435217060166585,0.0,21.837088388214895,1.1221170395869189,4,3
2024/3/18 15:00,22.96,22.99,22.04,22.18,2024-03-18 15:00:00,-0.03397212543554012,0.041376306620209025,0.0013066202090591282,0.006097560975609781,0.0036199095022624306,-0.012048192771084265,0.03891402714932124,22.962,-0.034056266875707696,24.433999999999997,-0.09224850617991315,26.461000000000002,-0.16178526888628555,23.37666666666667,-0.05119064594324835,0.01719731570769341,0.039636594242173764,0.017634942450942832,0.04909654894844019,0.05742055272041256,0.07538146501686192,0.07047918119713918,0.10987535605895891,24.634,26.490000000000002,28.096,29.944,0.1,18.852,23.27,26.442,30.342,0.4666666666666667,-1.5818199462258464,-0.23542620952252893,2.8268551236748465,23.94106813996315,0.9177264808362362,0,3
2024/3/19 15:00,22.38,22.38,21.82,21.83,2024-03-19 15:00:00,-0.024575513851653293,0.02502234137622872,0.0,0.000446827524575425,-0.015779981965734935,-0.025261324041811917,0.00901713255184848,22.53,-0.03106968486462507,23.829,-0.08388937848839659,26.221999999999998,-0.16749294485546487,23.447333333333333,-0.06897728242017577,0.016181201659207514,0.038122910702238,0.015855196672705102,0.04400298790125466,0.039997959692808574,0.06569368491726799,0.07050914606899701,0.10940288197328182,24.087999999999997,26.325000000000003,28.096,29.944,0.05,19.273,23.27,26.442,30.342,0.4166666666666667,-1.516113131890268,-0.3215139366695002,3.2520325203251303,1.148105625717534,0.5462377122430728,1,3
2024/3/20 15:00,22.02,22.21,21.67,21.8,2024-03-20 15:00:00,-0.009990917347865525,0.024523160762942742,0.008628519527702147,0.005903723887375069,-0.0013742556115435844,-0.01608579088471851,0.008703618873110457,22.15,-0.015801354401805773,23.339,-0.06594112858305831,25.998,-0.16147395953534888,23.512999999999998,-0.07285331518734307,0.017877441295463786,0.0372894971167808,0.01589917611399059,0.041242879843311174,0.040026354246630015,0.0602286664848269,0.07050448111962739,0.10911905530147048,23.903,26.17,28.096,29.944,0.05,19.511,23.27,26.442,30.342,0.4,-1.371566581358921,-0.3438602481055147,3.4042553191488736,0.9174311926605299,0.5346049046321518,2,3
2024/3/21 15:00,21.82,22.04,21.06,21.21,2024-03-21 15:00:00,-0.02795600366636111,0.044912923923006436,0.010082493125572817,0.0068744271310725085,-0.0270642201834862,-0.009082652134423275,0.0009174311926605309,21.824,-0.028134164222873934,22.863,-0.07230022306783881,25.74,-0.17599067599067592,23.563166666666667,-0.09986631677971976,0.01565606607661672,0.03732185187210564,0.015885133844157448,0.039407413768920346,0.04012596963729083,0.05930030222541336,0.07060766720845295,0.1090449011309508,23.442,25.41,28.096,29.944,0.05,19.746,23.27,26.442,30.342,0.38333333333333336,-1.3981670751643476,-0.4761312400544607,3.0188679245282515,0.9039548022598751,0.9526031164069665,3,3
2024/3/22 15:00,21.47,23.09,21.14,21.65,2024-03-22 15:00:00,0.00838379133674894,0.09082440614811362,0.06707033069399168,0.015370284117373,0.020744931636020647,-0.016040329972502376,0.012258368694012164,21.734,-0.0038649121192602916,22.543,-0.039613183693386005,25.3625,-0.14637752587481526,23.612833333333334,-0.08312570141942598,0.01835749940933027,0.04533182776610013,0.018193804775472625,0.04395662349629413,0.03024656722968402,0.05862056743659666,0.07058522044706189,0.10968676164457941,22.642,24.490000000000002,27.852,29.944,0.1,20.131,23.27,26.442,30.342,0.38333333333333336,-1.1404116603988146,-0.39999810308020767,23.318385650224116,5.929304446978293,1.9663483931066597,4,3
2024/3/25 15:00,22.47,22.8,21.72,22.4,2024-03-25 15:00:00,-0.003115264797507801,0.0480640854472631,0.014686248331108227,0.030262572318647075,0.03464203233256358,0.046576618537494285,0.037875288683602785,21.778,0.02856093305170355,22.37,0.0013410818059900573,25.0525,-0.10587765692046702,23.68283333333333,-0.05416722379782822,0.02544034153660153,0.04666938353151094,0.022749329377484532,0.04315298888684234,0.03211803144542497,0.05531346530227458,0.07057660996560423,0.10832402429902951,22.334,24.06,27.041999999999998,29.944,0.35,20.308999999999997,23.27,26.442,30.342,0.475,-0.8222382849051012,-0.2640499752650461,56.69642857142852,15.835411471321663,1.0766355140186934,0,3
2024/3/26 15:00,22.49,22.79,21.85,22.14,2024-03-26 15:00:00,-0.01556247220987096,0.04179635393508216,0.013339261894175222,0.01289461983103598,-0.011607142857142816,0.0008900756564307333,0.004017857142857136,21.839999999999996,0.013736263736263934,22.185,-0.0020283975659228376,24.767500000000002,-0.10608660543050373,23.75133333333333,-0.06784180537232988,0.024761045895833427,0.05002418604328164,0.022784332088200288,0.0440735483727598,0.031926135354408684,0.05218159007121629,0.07058547439952063,0.10779313428960056,22.168,23.845,26.188999999999997,29.944,0.3,20.413999999999998,23.27,26.442,30.342,0.43333333333333335,-0.8163735226750662,-0.3352797825958808,49.173553719008275,17.88732394366194,0.925371276122719,1,3
2024/3/27 15:00,22.39,23.83,22.27,23.74,2024-03-27 15:00:00,0.06029477445288065,0.06967396158999548,0.0040196516301920435,0.0053595355069227775,0.07226738934055987,-0.004446420631391668,0.011291779584462511,22.228,0.0680223141983083,22.189,0.06989949975212936,24.437499999999996,-0.02854219948849097,23.851666666666667,-0.00468171336733987,0.03916823146005777,0.059054346208692175,0.03390522441271863,0.04817192166273647,0.029133942548452897,0.05061152470985586,0.07103509726821211,0.10779525212502218,22.168,23.72,25.186,29.432,0.55,20.982,23.72,26.442,30.342,0.5166666666666667,-0.2369471668205434,-0.023556989212147002,76.02179836512268,36.0100376411543,1.6540598481464925,2,3
2024/3/28 15:00,23.89,23.94,22.78,22.94,2024-03-28 15:00:00,-0.03976559229803262,0.048555881121808295,0.0020929259104228008,0.0066973629133528735,-0.033698399326031914,0.06699419383653415,0.006318449873631093,22.574,0.016213342783733483,22.199,0.033379881976665596,24.0665,-0.04680780337813974,23.925166666666666,-0.041177003294996115,0.04113101232186103,0.05978293764845255,0.03360017982811302,0.048552394760279075,0.029373106400706676,0.049401387731463506,0.07104678782163315,0.10774674149217867,22.168,23.32,24.346,28.03,0.5,21.518,23.72,26.442,30.342,0.48333333333333334,-0.43223555304655037,-0.21004386255835822,62.83783783783787,37.51633986928102,1.1138719129342824,3,3
2024/3/29 15:00,23.19,23.27,22.27,22.29,2024-03-29 15:00:00,-0.03880983182406218,0.04312203536006899,0.003449762828805446,0.0008624407072013615,-0.028334786399302647,-0.029300962745918757,0.010897994768962511,22.701999999999998,-0.01814818077702401,22.217999999999996,0.0032406157169863506,23.686,-0.0589377691463312,23.985833333333336,-0.07070145572039063,0.045481994948420444,0.050242463490843624,0.03317402066700418,0.047787145628471854,0.029559228196815456,0.048779711721689184,0.07118451809071112,0.1072520230950749,22.168,22.89,24.032,26.818,0.4,21.755,23.72,26.442,30.342,0.4166666666666667,-0.6233735914977466,-0.36514950134868185,62.0,37.862796833773075,0.9611901681759378,4,3
2024/4/1 15:00,23.0,23.0,21.89,22.02,2024-04-01 15:00:00,-0.042608695652173935,0.048260869565217364,0.0,0.005652173913043435,-0.012113055181695809,-0.008193186718413181,0.03185284881112611,22.625999999999998,-0.026783346592415724,22.202,-0.008197459688316465,23.317999999999998,-0.05566515138519592,24.065833333333334,-0.08500986876276884,0.04302933668310803,0.050281820314434476,0.03342607699866707,0.04847560192297269,0.02955250320333992,0.04878607543570644,0.07040682335051006,0.10635802526822276,22.128,22.619999999999997,23.814999999999998,26.043,0.25,21.820999999999998,23.72,26.442,30.342,0.35,-0.7132121982432399,-0.4480204047114426,54.27251732101618,37.22438391699091,1.0627043478260862,0,4
2024/4/2 15:00,22.25,22.3,21.9,21.92,2024-04-02 15:00:00,-0.014831460674157226,0.017977528089887736,0.002247191011235987,0.0008988764044945226,-0.004541326067211582,-0.03260869565217395,0.010445049954586758,22.582,-0.029315383934106768,22.211,-0.013101616316239559,23.02,-0.047784535186794,24.153000000000002,-0.09245228336024512,0.04277886105205706,0.0455180551453956,0.0330318327529637,0.04777112059433859,0.028277760571361343,0.04588705424779663,0.0702529488021156,0.10579824556064402,22.076,22.345,23.712,24.962000000000003,0.25,21.893,23.72,26.442,30.342,0.31666666666666665,-0.7372446381826195,-0.49931273955832184,43.47826086956525,38.16489361702128,0.3940674157303392,1,4
2024/4/3 15:00,22.18,22.5,21.58,21.59,2024-04-03 15:00:00,-0.026600541027953103,0.041478809738503236,0.014427412082957633,0.0004508566275924961,-0.015054744525547559,-0.0031460674157303137,0.011861313868613046,22.151999999999997,-0.025370169736366816,22.19,-0.027039206849932464,22.7645,-0.051593489863603494,24.237000000000002,-0.10921318645046836,0.011988673043535155,0.03987902477509715,0.033417174790560125,0.04946668549189464,0.02735981989905946,0.04535478266760291,0.07028279461045477,0.10556416313947595,21.990000000000002,22.235,23.168,24.202,0.1,21.893,23.72,26.442,30.342,0.25,-0.9426692471755862,-0.6052834888601997,42.66666666666665,41.058655221745326,0.8955275022542849,2,4
2024/4/8 15:00,22.99,22.99,21.44,21.66,2024-04-08 15:00:00,-0.05785123966942142,0.067420617659852,0.0,0.009569377990430573,0.003242241778601107,0.036519386834986456,0.06484483557202401,21.896,-0.010778224333211574,22.235,-0.025860130425005592,22.549,-0.03942525167413186,24.320333333333334,-0.10938720686394103,0.01185412777392394,0.04365197208270588,0.03208566265200179,0.051717454865579195,0.027206527494652216,0.04556243431724977,0.07028428129908602,0.10613893790486471,21.893,22.16,22.87,24.003999999999998,0.2,21.893,23.72,26.442,30.342,0.26666666666666666,-0.8772950872606158,-0.6226186360200067,3.15315315315317,46.51898734177213,1.4603305785123941,0,4
2024/4/9 15:00,21.79,21.94,21.2,21.24,2024-04-09 15:00:00,-0.025240936209270343,0.03396053235429105,0.006883891693437455,0.001835704451583256,-0.01939058171745156,-0.052196607220530655,0.006001846722068283,21.686,-0.02056626394909165,22.194,-0.04298459042984593,22.3685,-0.05045041017502302,24.386999999999997,-0.12904416287366216,0.008978230159740275,0.041819671481550295,0.03206769537416952,0.04603106748619694,0.026121159825990125,0.044993845491245535,0.07026550238979098,0.10585075527962136,21.820999999999998,22.12,22.532,23.765,0.1,21.893,23.72,26.442,30.342,0.21666666666666667,-1.2584907117735642,-0.7509145272305979,3.8043478260869676,42.94294294294293,0.7213217072051419,1,4
2024/4/10 15:00,21.36,21.92,21.16,21.23,2024-04-10 15:00:00,-0.0060861423220973316,0.03558052434456936,0.02621722846441958,0.0032771535580524477,-0.00047080979284364055,-0.01973382285452041,0.005649717514124341,21.528,-0.013842437755481154,22.076999999999998,-0.03836571998006966,22.2235,-0.044704929466555715,24.44133333333333,-0.13138944956630827,0.009639618658194057,0.0392836024374207,0.029494718969974326,0.04478271137592756,0.025661383427879565,0.04396785013138495,0.07010555920249069,0.10515442006723755,21.758,22.060000000000002,22.323,23.704,0.1,21.893,23.72,26.442,30.342,0.2,-1.1987589017670324,-0.7781409860525256,5.833333333333357,45.253164556962034,0.7553745318352075,2,4
2024/4/11 15:00,21.54,21.88,20.64,20.78,2024-04-11 15:00:00,-0.035283194057567226,0.05756731662024134,0.01578458681522748,0.006499535747446637,-0.021196420160150664,0.008426966292134797,0.01460197833254822,21.3,-0.024413145539906082,21.941,-0.05291463470215568,22.063,-0.05815165661967991,24.464000000000002,-0.1505886200130805,0.011220605865654841,0.04720156014349142,0.02988774054940491,0.04635980764444348,0.025882706158870117,0.04521667800860164,0.06947493625904483,0.1031732262497463,21.657,21.97,22.213,23.016000000000002,0.05,21.893,23.72,26.442,30.342,0.16666666666666666,-1.6492419496726456,-0.897978915871999,5.072463768115966,42.43323442136498,1.196248839368615,3,4
2024/4/12 15:00,21.05,21.18,20.58,20.91,2024-04-12 15:00:00,-0.006650831353919267,0.028503562945368238,0.0061757719714963894,0.01567695961995258,0.006256015399422443,-0.02274837511606309,0.012993262752646754,21.163999999999998,-0.012001512001511897,21.657999999999998,-0.034536891679748716,21.9235,-0.046228932424111135,24.512333333333334,-0.14696003372451966,0.012999551081523241,0.044606510784864425,0.013488826510064035,0.04224276777998076,0.026011802211845004,0.045207344721358615,0.06875466444890893,0.10128840362626941,21.631999999999998,21.875,22.152,22.85,0.1,21.893,23.72,26.442,30.342,0.16666666666666666,-1.4141683750524683,-0.8912574592511572,14.184397163120508,47.61146496815286,0.5960095011876498,4,4
2024/4/15 15:00,21.48,22.96,21.48,21.59,2024-04-15 15:00:00,0.005121042830540011,0.06890130353817507,0.06378026070763505,0.0,0.03252032520325199,0.020427553444180457,0.027259684361549512,21.15,0.020803782505910227,21.523,0.0031129489383450344,21.860999999999997,-0.012396505191894116,24.55666666666667,-0.1208090131668251,0.021915592661187085,0.044902647960529035,0.017576813645495216,0.04427731002161743,0.026333298409209078,0.04641485239094825,0.0685840906793337,0.10034672653089816,21.59,21.814999999999998,22.112000000000002,22.454,0.325,21.893,23.72,26.442,30.342,0.225,-0.39480854138073884,-0.7428011966945814,50.0,49.539877300613504,1.4875791433891998,0,4
2024/4/16 15:00,22.29,24.12,22.29,23.76,2024-04-16 15:00:00,0.06594885598923295,0.08209959623149403,0.01615074024226108,0.0,0.10050949513663743,0.0377094972067038,0.03242241778601201,21.654000000000003,0.09725685785536149,21.67,0.0964467005076142,21.944,0.08275610645278904,24.626833333333334,-0.035198733089245426,0.04712098921040408,0.054530460735969635,0.03642681855106212,0.04817506610875994,0.03403218329994102,0.047981105868615904,0.06960874412928775,0.09976497513163628,21.59,21.814999999999998,22.152,23.020000000000003,1.0,21.955,23.75,26.442,30.342,0.5166666666666667,2.2512607109280856,-0.21994858799251132,77.20207253886012,58.56423173803529,1.9506864064602982,1,4
2024/4/17 15:00,24.17,24.17,22.25,22.25,2024-04-17 15:00:00,-0.07943731899048413,0.07943731899048413,0.0,0.0,-0.06355218855218858,0.08434275459847473,0.01725589225589226,21.857999999999997,0.017933937231219832,21.693,0.02567648550223568,21.947499999999998,0.013782890989862262,24.667166666666667,-0.09799125693398107,0.06142510676353173,0.06330181966515258,0.042540783863088474,0.05129271105128662,0.0372505652902254,0.049884156487129655,0.07016611537023311,0.10069170259148444,21.59,21.814999999999998,22.173000000000002,23.020000000000003,0.75,22.005,23.75,26.442,30.342,0.38333333333333336,0.3744331258219624,-0.6192540958905944,60.20202020202022,50.59847660500544,1.7674803475382719,2,4
2024/4/18 15:00,22.39,22.95,22.3,22.3,2024-04-18 15:00:00,-0.0040196516301920435,0.02903081732916474,0.025011165698972698,0.0,0.0022471910112360494,-0.07364501448076133,0.006292134831460699,22.162,0.006226874830791521,21.731,0.026183792738484146,21.971,0.014974284283828711,24.744000000000003,-0.09877141933398005,0.059216965906349416,0.057594519806937264,0.04248190020163043,0.05239803997521432,0.03704579608253973,0.050084580284776456,0.0686052787703087,0.09827384479542899,21.59,21.86,22.262,23.020000000000003,0.8,22.076,23.75,26.442,30.342,0.4,0.4056122761356572,-0.6418252286266998,60.721442885771545,40.57591623036651,0.6473872264403737,3,4
2024/4/19 15:00,22.57,23.59,22.27,22.37,2024-04-19 15:00:00,-0.008861320336730141,0.05848471422241915,0.04519273371732386,0.004430660168365149,0.003139013452914785,0.008039303260384045,0.01210762331838563,22.454,-0.003740981562305141,21.809,0.025723325232702092,21.9995,0.016841291847541982,24.821833333333334,-0.09877728612578979,0.059356118705129496,0.06359075006234745,0.04203324403107763,0.05409863042360591,0.03703981930546829,0.05178265795775028,0.06860257408899553,0.096640814820768,21.59,21.97,22.293,23.020000000000003,0.8,22.128,23.75,26.442,30.342,0.4,0.45471257432250106,-0.6612485491014475,67.24511930585683,45.875542691751086,1.3083030571555165,4,4
2024/4/22 15:00,23.28,23.65,22.3,22.51,2024-04-22 15:00:00,-0.033075601374570426,0.05798969072164939,0.015893470790377895,0.009020618556701067,0.006258381761287568,0.031457687195392214,0.04067948144836835,22.637999999999998,-0.005654209735842237,21.894000000000002,0.02813556225449893,22.0645,0.020190804233044153,24.856166666666663,-0.09438972220173379,0.058571923949582064,0.061408427499042316,0.04203538929592207,0.05315553772978565,0.036411211236086066,0.05243649629768242,0.0657459602599412,0.09435457506624395,21.631999999999998,22.08,22.321,23.020000000000003,0.85,22.168,23.75,26.442,30.342,0.43333333333333335,0.5567171866358598,-0.6382184414322007,67.31601731601731,51.71875000000003,1.3053479381443278,0,4
2024/4/23 15:00,22.7,22.95,22.27,22.39,2024-04-23 15:00:00,-0.013656387665198182,0.029955947136563865,0.011013215859030838,0.005286343612334846,-0.005330964015992978,-0.02491408934707917,0.008440693025321978,22.364,0.0011625827222321498,22.009,0.017311100004543604,22.1015,0.01305341266429876,24.891666666666666,-0.10050217609641775,0.02943688063843892,0.05097969768005628,0.04137252621413302,0.05275507920801294,0.03623114409624426,0.04939307334710494,0.06573474396163312,0.09066874666675916,21.639,22.195,22.376,23.020000000000003,0.75,22.229,23.75,26.442,30.342,0.38333333333333336,0.361912211391031,-0.6870635693845161,59.85221674876846,52.96000000000001,0.6707136563876649,1,4
2024/4/24 15:00,22.58,22.89,20.91,21.31,2024-04-24 15:00:00,-0.05624446412754649,0.08768821966341898,0.013728963684676807,0.017714791851195687,-0.048235819562304716,-0.005286343612334821,0.008485931219294226,22.176,-0.03905122655122654,22.017000000000003,-0.032111550165781176,22.047000000000004,-0.03342858438789882,24.908,-0.14445158182110174,0.022680883774542353,0.052629877814643254,0.044821010665871096,0.05796584873989789,0.03706602836333195,0.051374280057912725,0.06607595851531925,0.08989886529478892,21.59,22.08,22.321,23.020000000000003,0.25,22.229,23.75,26.442,30.342,0.1,-0.9067642661490496,-0.9932532059285564,8.75420875420879,45.7814661134163,1.8686359610274585,2,4
2024/4/25 15:00,21.43,21.45,19.94,20.1,2024-04-25 15:00:00,-0.062062529164722276,0.07046196920205311,0.0009332711152589628,0.007466168922071869,-0.05678085405912703,-0.0509300265721877,0.005631159080244064,21.736,-0.07526683842473313,21.949,-0.08424073989703404,21.945,-0.08407382091592612,24.843833333333336,-0.1909461100340125,0.029958343214107477,0.06091610818922093,0.04809508946797512,0.05925531399807906,0.039016658429966995,0.05280756082126128,0.062372811462626104,0.08800205327409766,21.506,21.97,22.321,23.020000000000003,0.05,22.168,23.72,26.442,30.342,0.016666666666666666,-2.0026907087960706,-1.2913882423374172,9.737827715355863,40.81381011097412,1.4162855809612676,3,4
2024/4/26 15:00,20.67,21.29,19.51,20.99,2024-04-26 15:00:00,0.01548137397193985,0.08611514271891618,0.014513788098693792,0.05611998064828254,0.04427860696517394,-0.03546430237984122,0.028358208955223892,21.46,-0.02190121155638408,21.957,-0.04404062485767647,21.8075,-0.03748710306087367,24.771,-0.15263816559686738,0.041423056642065845,0.06644219388852032,0.05029887948014553,0.06501647197543388,0.03655731513520431,0.05362961987770731,0.06216320594526978,0.08752267916184858,21.288999999999998,21.79,22.293,22.553,0.2,22.128,23.32,26.442,30.342,0.06666666666666667,-0.9720847079120064,-1.0201809166548474,31.339031339031308,46.248600223964154,1.8075568456700506,4,4
2024/4/29 15:00,21.99,24.24,21.86,22.62,2024-04-29 15:00:00,0.02864938608458402,0.10823101409731692,0.07366984993178706,0.00591177808094584,0.07765602667937133,0.06386066763425235,0.04764173415912339,21.482,0.05297458337212558,22.060000000000002,0.025385312783318164,21.791500000000003,0.038019411238326785,24.737000000000002,-0.08558030480656509,0.05818801567543933,0.07649045856365384,0.055179577574935766,0.06894944303134805,0.040324253048093076,0.05661337652648274,0.062889656659618,0.087222715004354,21.288999999999998,21.79,22.293,22.521,0.95,22.128,22.89,26.442,30.342,0.48333333333333334,1.0090061563175141,-0.569609131202992,52.46548323471401,56.804733727810664,2.448185538881309,0,4
2024/4/30 15:00,23.04,23.45,21.02,21.11,2024-04-30 15:00:00,-0.0837673611111111,0.10546874999999999,0.017795138888888895,0.003906249999999994,-0.06675508399646335,0.04774897680763979,0.018567639257294346,21.226,-0.005464995759917067,21.794999999999998,-0.031429226886900606,21.7325,-0.028643736339583677,24.7155,-0.14588011571685783,0.06614625205769892,0.09159301913634106,0.04827341636383338,0.07128635840819865,0.04259891632164725,0.05973071225847929,0.06235168146844839,0.07980524243408087,21.237,21.625,22.265,22.521,0.25,22.076,22.89,26.442,30.342,0.08333333333333333,-0.7538317089508931,-0.9655807033511329,39.130434782608674,49.48453608247422,2.2264453124999997,1,4
2024/5/6 15:00,22.7,22.79,21.22,21.38,2024-05-06 15:00:00,-0.05814977973568283,0.06916299559471367,0.0039647577092510955,0.007048458149779742,0.01279014684983415,-0.01475694444444442,0.07531975367124585,21.240000000000002,0.006591337099811535,21.708,-0.015109637000184237,21.7005,-0.014769244948273204,24.705666666666666,-0.13461149264001512,0.06286873221021452,0.0878879743226,0.044906913806761185,0.07025892606862161,0.042647554516902754,0.060775818559954106,0.06231403741883894,0.08001930418623222,21.237,21.59,22.265,22.521,0.45,22.076,22.89,26.442,30.342,0.16666666666666666,-0.38780142377812876,-0.888706433386904,42.33687405159331,52.6178010471204,1.4787048458149783,0,5
2024/5/7 15:00,21.97,22.01,20.51,20.77,2024-05-07 15:00:00,-0.05461993627674098,0.06827492034592626,0.0018206645425581567,0.011834319526627128,-0.02853133769878391,-0.032158590308370094,0.02759588400374181,21.374,-0.028258631982782785,21.555,-0.03641846439341221,21.643,-0.04033636741671677,24.64333333333333,-0.15717570674962797,0.05725784446725841,0.08745056455137463,0.04555186087185686,0.07418333637029775,0.043098618207123754,0.06329068817275604,0.060590601766216966,0.07901186050606654,21.194,21.485,22.265,22.521,0.1,21.99,22.73,26.442,30.342,0.03333333333333333,-1.0270019668629533,-1.025654829489639,45.58823529411766,49.413735343383586,1.4180700955848884,1,5
2024/5/8 15:00,20.74,20.74,20.0,20.66,2024-05-08 15:00:00,-0.003857280617164817,0.03567984570877524,0.0,0.031822565091610425,-0.005296100144439042,-0.055985434683659574,-0.0014443909484834442,21.308,-0.03041111319692133,21.384,-0.033857089412644974,21.5965,-0.043363507975829364,24.554666666666666,-0.15861207645525627,0.05355330141935726,0.07736350514934644,0.045438672310357045,0.07190284951893336,0.042996016654836954,0.06300073997126963,0.06006071175736169,0.07825281866367091,21.073999999999998,21.345,22.265,22.521,0.1,21.893,22.565,26.442,30.342,0.03333333333333333,-1.0665391765623464,-1.0230640067755645,55.577689243027876,45.910290237467024,0.7371456123432965,2,5
2024/5/9 15:00,20.86,22.85,20.52,20.58,2024-05-09 15:00:00,-0.013422818791946364,0.11169702780441045,0.09539789069990422,0.002876318312559862,-0.0038722168441434057,0.005785920925747368,0.009680542110358145,20.9,-0.01531100478468901,21.191,-0.028832995139446024,21.5425,-0.044679122664500505,24.44333333333333,-0.15805263875630712,0.030807586677256308,0.07805670789076516,0.04522278100895924,0.07727358322720948,0.04298560825332892,0.06521456047849757,0.0596810059697855,0.07713171413905907,20.965999999999998,21.275,22.265,22.521,0.1,21.820999999999998,22.455,26.307000000000002,30.342,0.03333333333333333,-1.0615356676732237,-1.0102736479279268,45.13064133016628,32.866379310344826,2.298724832214767,3,5
2024/5/10 15:00,22.04,22.2,20.96,21.15,2024-05-10 15:00:00,-0.040381125226860284,0.05626134301270411,0.007259528130671513,0.008620689655172311,0.0276967930029155,0.056567593480345124,0.07094266277939752,20.907999999999998,0.0115745169313182,21.067,0.003939811078938549,21.538,-0.018014671742965997,24.32966666666667,-0.13069092602994994,0.021131885731508225,0.06821522649330597,0.04662434493685886,0.07990412281482348,0.043253657060007424,0.0663296010114182,0.05969499904681725,0.07556882165868231,20.965999999999998,21.27,22.265,22.521,0.45,21.758,22.395,26.063,30.342,0.15,-0.42707423373969494,-0.8326354109226148,26.666666666666643,43.40527577937649,1.1899274047186919,4,5
2024/5/13 15:00,21.49,21.79,21.01,21.25,2024-05-13 15:00:00,-0.011167985109353115,0.03629595160539775,0.013959981386691519,0.011167985109353115,0.004728132387706863,-0.02495462794918335,0.016075650118203305,20.881999999999998,0.017622833061967345,21.061,0.008973932861687482,21.538999999999998,-0.013417521704814427,24.210500000000003,-0.12228165465397257,0.020254524158822458,0.06164181769544279,0.04406812639275328,0.07476489600902136,0.04326208377711165,0.06636537237445964,0.059655400974483866,0.07369451337879601,20.965999999999998,21.28,22.265,22.521,0.5,21.657,22.380000000000003,25.185999999999996,30.342,0.21666666666666667,-0.31822542795642433,-0.778843725844126,54.02298850574714,43.74255065554232,0.7712889716147022,0,5
2024/5/14 15:00,21.51,21.6,21.07,21.31,2024-05-14 15:00:00,-0.009298000929800224,0.0246397024639703,0.0041841004184100345,0.011157601115760038,0.002823529411764669,0.0009306654257796865,0.012235294117647132,20.99,0.0152453549309195,21.182,0.006042866584836187,21.5655,-0.011847626996823695,23.96216666666667,-0.11068142140735755,0.013270718887947645,0.052914774119051586,0.03920903401874521,0.07018266933521308,0.042947874922168776,0.06471899166664608,0.04719404124526809,0.0705944812941449,21.073999999999998,21.31,22.265,22.521,0.525,21.631999999999998,22.335,24.345999999999997,29.944,0.24166666666666667,-0.2862922326966295,-0.7628186949321764,47.71241830065359,43.675417661097846,0.525072059507207,1,5
2024/5/15 15:00,21.49,21.63,21.08,21.21,2024-05-15 15:00:00,-0.01302931596091194,0.025593299208934422,0.006514657980456053,0.0060493252675664294,-0.004692632566869914,-0.0009298000929801598,0.008446738620366013,21.1,0.005213270142180067,21.204,0.00028296547821166887,21.5805,-0.017168276916660865,23.774333333333335,-0.10786141917754442,0.013153438725484875,0.05089746481908343,0.03696762408127654,0.06413048498421492,0.042962256493207215,0.06457347847982439,0.045504235734641914,0.06716115812604315,21.137999999999998,21.31,22.265,22.521,0.4,21.59,22.295,24.031999999999996,29.432,0.175,-0.4194393771073755,-0.7749067531097688,71.56862745098047,42.2062350119904,0.5428338762214991,2,5
2024/5/16 15:00,20.86,20.92,20.33,20.43,2024-05-16 15:00:00,-0.020613614573346106,0.028283796740172742,0.002876318312560032,0.004793863854266607,-0.036775106082036824,-0.02931596091205202,-0.01650165016501657,21.07,-0.03037494067394402,20.985,-0.026447462473195127,21.5225,-0.05076083168776867,23.6085,-0.13463371243408093,0.02326012266896462,0.03421481860623589,0.027265470388417985,0.05613576324850049,0.043129593488660425,0.06254260313992427,0.04503539063393309,0.06597658816342776,21.073999999999998,21.28,22.265,22.521,0.1,21.527,22.27,23.829,29.218,0.03333333333333333,-1.1875156917690355,-0.9868959972577523,43.19526627218934,39.11111111111111,0.5778379674017291,3,5
2024/5/17 15:00,20.19,20.3,18.76,19.22,2024-05-17 15:00:00,-0.048043585933630624,0.07627538385339272,0.00544824170381374,0.022783556215948353,-0.05922662750856589,-0.03211888782358574,-0.011747430249632816,20.683999999999997,-0.07077934635467022,20.796,-0.07578380457780345,21.2955,-0.09746190509732111,23.4135,-0.17910607128366116,0.028184381814142682,0.03821762677437361,0.025568905117686527,0.05321642663383976,0.03760655255089515,0.0622513925210192,0.04545413876483503,0.06321550235962803,20.924,21.23,21.641,22.402,0.05,21.358999999999998,22.215,23.746,28.660000000000004,0.016666666666666666,-2.309437731799538,-1.3426767700280293,25.886524822695037,38.554216867469876,1.466012877662208,4,5
2024/5/20 15:00,20.98,21.72,18.81,18.98,2024-05-20 15:00:00,-0.09532888465204957,0.13870352716873213,0.035271687321258266,0.008102955195424295,-0.012486992715920797,0.03912828132738966,0.09157127991675347,20.229999999999997,-0.06178942165101318,20.556,-0.07666861257053904,21.132,-0.10183607798599285,23.180166666666665,-0.18119656890588928,0.02554579140739867,0.058699141887040486,0.024393939648447657,0.06017047979124161,0.03544131586428594,0.06521470292993162,0.044422403691496484,0.0634934414779744,20.737,21.18,21.331,22.402,0.05,21.31,22.16,23.712,27.952,0.016666666666666666,-2.137340865640248,-1.4422366482445128,6.425702811244989,43.13725490196077,2.632592945662536,0,5
2024/5/21 15:00,19.15,19.41,18.67,18.91,2024-05-21 15:00:00,-0.012532637075717935,0.03864229765013047,0.0135770234986946,0.012532637075717935,-0.0036880927291886856,-0.08722592945662544,0.008956796628029408,19.75,-0.04253164556962025,20.369999999999997,-0.0716740304369169,20.9625,-0.09791293977340482,23.051833333333335,-0.1796747908698513,0.024083479323386912,0.061499660924272524,0.023729874129747995,0.057207217521662024,0.03538180397038519,0.06569527694597989,0.037196807630253965,0.06049118071600811,20.636,21.13,21.31,22.402,0.05,21.291999999999998,22.12,23.168,27.952,0.016666666666666666,-1.8962588912888374,-1.4144788523866247,2.4390243902438584,35.831062670299744,0.7307258485639672,1,5
2024/5/22 15:00,19.1,19.19,18.4,19.05,2024-05-22 15:00:00,-0.002617801047120456,0.041361256544502754,0.004712041884816746,0.03403141361256556,0.007403490216816522,-0.0026109660574411553,0.010047593865679601,19.318,-0.01387307174655765,20.209,-0.05735068533821559,20.7965,-0.0839804774841921,22.93133333333333,-0.16925894700119185,0.026874943857997356,0.06465325239138618,0.02428807385871772,0.057775358605234785,0.035462779937751286,0.06483910406208407,0.03721798652017428,0.05895014283488708,20.535,21.049999999999997,21.268,22.402,0.15,21.247,22.060000000000002,22.87,27.952,0.05,-1.5742455645703868,-1.3193714992885404,5.511811023622073,19.487179487179503,0.7879319371727775,2,5
2024/5/23 15:00,19.49,20.27,19.36,19.41,2024-05-23 15:00:00,-0.004104669061056865,0.046690610569522846,0.04002052334530535,0.002565418163160632,0.018897637795275646,0.02041884816753914,0.023097112860892267,19.113999999999997,0.01548603118133321,20.092,-0.03394385825204055,20.6415,-0.059661361819635224,22.815333333333335,-0.14925634807001145,0.030029482656282018,0.06833461515725621,0.025723083319327326,0.05127471688174603,0.03582974337139638,0.06427415005447774,0.03732854733565411,0.0586703161925245,20.331,20.88,21.222,21.481,0.25,21.237,21.97,22.686,27.952,0.08333333333333333,-1.1472970759209502,-1.157829133399912,17.857142857142847,31.914893617021278,0.9062647511544385,3,5
2024/5/24 15:00,19.81,19.98,19.07,19.53,2024-05-24 15:00:00,-0.014134275618374437,0.04593639575971732,0.00858152448258464,0.023220595658758246,0.0061823802163833985,0.01641867624422777,0.020607934054610953,19.176,0.018460575719649708,19.93,-0.02007024586051172,20.4985,-0.04724735956289479,22.654166666666665,-0.13790693397093975,0.011900507248666018,0.062266817538521126,0.023432837186154302,0.050242222156447344,0.03594637983822287,0.06507317248563542,0.034362828618635814,0.05769560442311233,19.929000000000002,20.715,21.168,21.317,0.3,21.224,21.875,22.543000000000003,27.844,0.1,-0.9520935944772748,-1.0966449701681849,28.97196261682248,29.670329670329693,0.8971378091872794,4,5
2024/5/27 15:00,20.61,20.61,18.57,18.65,2024-05-27 15:00:00,-0.09509946627850563,0.09898107714701597,0.0,0.0038816108685103493,-0.045058883768561264,0.040383644623927406,0.05529953917050682,19.110000000000003,-0.024071166928310014,19.67,-0.05185561769191678,20.365499999999997,-0.08423559451032378,22.488333333333333,-0.1706810939005411,0.024704044006956267,0.05432232753417789,0.02568372566546892,0.05651073471060917,0.03575734264470337,0.06563781535981526,0.03468160869893706,0.05744185357333419,19.494,20.619999999999997,21.122,21.317,0.05,21.21,21.814999999999998,22.433,26.814,0.016666666666666666,-1.5918957455478049,-1.3778391844953943,34.25414364640885,28.00829875518673,1.8459970887918478,0,5
2024/5/28 15:00,18.74,18.77,18.04,18.44,2024-05-28 15:00:00,-0.01600853788687285,0.038954108858057654,0.0016008537886873606,0.021344717182497447,-0.011260053619302823,-0.09073265405143138,0.004825737265415542,19.016000000000002,-0.03029028186790074,19.383000000000003,-0.048650879636795194,20.2825,-0.0908418587452236,22.331666666666663,-0.17426673632360606,0.024968082045422016,0.05438468977576333,0.025120176314366728,0.0579421753500179,0.03374965772109287,0.0640624223426155,0.034587735050130804,0.05635052441169768,19.353,20.619999999999997,21.122,21.317,0.05,21.192,21.73,22.393,26.043,0.016666666666666666,-1.5884249762241172,-1.4184032714711807,34.83146067415734,27.43902439024393,0.7183137673425832,1,5
2024/5/29 15:00,18.62,18.7,18.16,18.32,2024-05-29 15:00:00,-0.016111707841031185,0.02900107411385602,0.004296455424274881,0.008592910848549953,-0.006507592190889477,-0.00640341515474907,0.00976138828633404,18.869999999999997,-0.02914679385267606,19.094,-0.04053629412380857,20.149,-0.09077373566926401,22.13133333333333,-0.1722143567189805,0.024030310455680833,0.05191265328963398,0.025051354221452878,0.05828295284051006,0.0317992860576232,0.06120671891236249,0.03220697838269116,0.055149287833308545,19.169,20.505,21.122,21.317,0.05,21.137999999999998,21.655,22.376,24.962000000000003,0.016666666666666666,-1.4918346171983963,-1.4754428302809721,33.879781420765056,27.2177419354839,0.5312996777658423,2,5
2024/5/30 15:00,19.11,19.4,18.25,18.25,2024-05-30 15:00:00,-0.04500261643118783,0.06017791732077439,0.01517530088958656,0.0,-0.003820960698689979,0.02631578947368407,0.04312227074235803,18.637999999999998,-0.020817684300890555,18.875999999999998,-0.0331638058910785,19.930500000000002,-0.08431800506761004,21.9295,-0.16778768325771226,0.019500360438738387,0.0546101146398843,0.02390037374532922,0.06147236489857022,0.02496157774950469,0.05880406407353537,0.032192064721004596,0.054939609443827205,19.029,19.98,20.872,21.256,0.05,21.073999999999998,21.619999999999997,22.321,24.202,0.016666666666666666,-1.4619795656520893,-1.5359167986259845,27.272727272727266,17.488789237668186,1.0982469911041326,3,5
2024/5/31 15:00,18.59,18.59,17.89,18.03,2024-05-31 15:00:00,-0.03012372243141467,0.03765465303926838,0.0,0.007530930607853715,-0.012054794520547918,-0.027210884353741527,0.018630136986301362,18.338,-0.016795724724615543,18.756999999999998,-0.038758863357679633,19.7765,-0.08831188531843337,21.73166666666667,-0.17033514840095104,0.016737297087716606,0.05295376609579451,0.016963163363998262,0.05761029181715779,0.021166946447194263,0.05541335922549878,0.032182791584580456,0.054641261068555755,18.959,19.47,20.693,21.256,0.05,20.965999999999998,21.59,22.293,24.003999999999998,0.016666666666666666,-1.4691561188292122,-1.675623185687721,7.407407407407476,14.8471615720524,0.678913394298009,4,5
2024/6/3 15:00,19.27,19.69,18.21,18.81,2024-06-03 15:00:00,-0.02387130254281271,0.07680332122470163,0.021795537104307303,0.031136481577581622,0.043261231281197965,0.036578805809575066,0.0687742651136993,18.369999999999997,0.023952095808383308,18.740000000000002,0.0037353255069368582,19.648,-0.04265065146579809,21.555500000000002,-0.12736888497135315,0.023356417616155332,0.04851821491133164,0.022828423554724534,0.05142027122275474,0.02366400594142797,0.05579537550699818,0.032825457378517386,0.05511908983421957,18.88,19.314999999999998,20.604,21.214000000000002,0.3,20.871,21.485,22.262,23.783,0.1,-0.7322622686702946,-1.372425294091725,34.210526315789394,26.415094339622627,1.4446704722366375,0,6
2024/6/4 15:00,18.82,18.99,18.1,18.14,2024-06-04 15:00:00,-0.03613177470775769,0.04729011689691801,0.009032943676939327,0.0021253985122209962,-0.035619351408824995,-0.023352361183186288,0.0005316321105795621,18.31,-0.009284543965046322,18.663,-0.028023361731768722,19.5165,-0.07053006430456281,21.393166666666666,-0.15206569075795223,0.028718794897391774,0.05018541651910371,0.025388026966661,0.0522850531474335,0.02406705148908795,0.054746135334547766,0.03253255389990294,0.05464129258503348,18.762,19.134999999999998,20.474999999999998,21.214000000000002,0.1,20.777,21.345,22.201,23.741999999999997,0.03333333333333333,-1.1869570396668843,-1.7401683095409153,37.68115942028986,23.85008517887563,0.8578427205100928,1,6
2024/6/5 15:00,18.57,18.82,17.98,18.53,2024-06-05 15:00:00,-0.002154011847065113,0.04523424878836833,0.013462574044157242,0.02961766289714597,0.02149944873208387,-0.013283740701381497,0.023704520396912884,18.352,0.009699215344376679,18.611,-0.004352264789640509,19.41,-0.0453374549201442,21.256999999999998,-0.12828715246742237,0.03052548667376168,0.05343205145400617,0.026451775639167886,0.05267235237182005,0.024868239931855454,0.055223855488527415,0.032388529016044575,0.05452645937579999,18.614,19.015,19.8,21.214000000000002,0.3,20.737,21.31,22.152,23.704,0.1,-0.7672982007055011,-1.5395183571618551,52.0,32.664233576642346,0.8381906300484652,2,6
2024/6/6 15:00,18.83,20.63,18.23,19.58,2024-06-06 15:00:00,0.03983005841741902,0.12745618693574076,0.05576208178438666,0.0318640467339351,0.05666486778197499,0.014001077005923346,0.016189962223421325,18.618000000000002,0.051670426469008275,18.628,0.051105862143010425,19.36,0.011363636363636305,21.1505,-0.07425356374553806,0.03831080160600561,0.06688770537699944,0.031960624237968104,0.06074891000844185,0.02845473498454022,0.05601181344509394,0.03323559850478336,0.05559626941361376,18.614,19.015,19.545,21.214000000000002,0.75,20.636,21.28,22.112000000000002,23.016000000000002,0.25,0.19739247777872934,-0.9390107041021098,69.811320754717,53.383458646616546,2.4955921402018038,3,6
2024/6/7 15:00,19.8,21.49,19.31,19.31,2024-06-07 15:00:00,-0.024747474747474848,0.11010101010101009,0.08535353535353524,0.0,-0.013789581205311485,0.05151354221986204,0.0112359550561799,18.874000000000002,0.02310056161915844,18.606,0.03783725679888192,19.268,0.002179779946024395,21.05816666666667,-0.08301609035291152,0.038620848775860826,0.08137697678934779,0.03224635548222292,0.06716537144257113,0.027669448373220846,0.05870379679950923,0.03286634421295712,0.056675747767390997,18.614,19.015,19.446,21.214000000000002,0.65,20.535,21.244999999999997,22.044,22.85,0.21666666666666667,0.040702638983752565,-1.081250308133009,65.68047337278108,53.0841121495327,2.1260505050505047,4,6
2024/6/11 15:00,20.59,21.03,18.86,19.14,2024-06-11 15:00:00,-0.07042253521126757,0.10539096648858677,0.02136959689169506,0.013598834385624144,-0.008803728638011266,0.03989898989898988,0.06628689798032114,18.94,0.010559662090813056,18.654999999999998,0.02599839185205055,19.1625,-0.0011741682974560131,20.975,-0.08748510131108465,0.03581171669136082,0.08709450584212483,0.02852422747791048,0.0678063603767282,0.027605630522130817,0.06215854754366869,0.03270589964454381,0.05749725668317109,18.614,19.015,19.34,20.508000000000003,0.6,20.331,21.235,21.95,22.642,0.2,-0.02444559847948162,-1.1583711922721138,66.6666666666667,52.11009174311927,2.0171830985915506,1,6
2024/6/12 15:00,19.33,19.43,18.59,18.59,2024-06-12 15:00:00,-0.03828246249353329,0.04345576823590274,0.005173305742369448,0.0,-0.028735632183908066,-0.06119475473530844,0.009926854754440842,19.03,-0.02312138728323706,18.669999999999998,-0.004284949116229154,19.026500000000002,-0.02294168659501234,20.884999999999998,-0.10988747905195108,0.033994487849212496,0.08632763610992177,0.029989703635356454,0.0682565263145127,0.028042283595830445,0.06309935083226531,0.03286884163633234,0.05767834016917101,18.572,18.945,19.247,19.665,0.35,19.944,21.22,21.857,22.521,0.11666666666666667,-0.5624825230820198,-1.4681583628997537,46.451612903225815,46.07508532423207,0.807842731505432,2,6
2024/6/13 15:00,18.84,18.93,18.12,18.16,2024-06-13 15:00:00,-0.03609341825902334,0.04299363057324834,0.00477707006369426,0.0021231422505307404,-0.023130715438407723,-0.02534919813760983,0.013448090371167294,18.956,-0.041991981430681544,18.654,-0.02648225581644686,18.874000000000002,-0.03782981879834704,20.79266666666667,-0.1266151527782232,0.03455430897233589,0.08587951246689776,0.030911517156590594,0.06965578196045194,0.0282841789401607,0.06396936740048101,0.03294733648809102,0.05791673020055467,18.503,18.86,19.164,19.535,0.15,19.564999999999998,21.21,21.809,22.410999999999998,0.05,-1.1796899959603526,-1.690101924496648,50.34965034965034,39.46037099494096,0.78076433121019,3,6
2024/6/14 15:00,18.43,18.84,17.61,17.68,2024-06-14 15:00:00,-0.040694519804666304,0.06673901247965276,0.02224633749321759,0.0037981551817688705,-0.026431718061673992,-0.021762208067940603,0.014867841409691607,18.576,-0.04823428079242037,18.597,-0.04930902833790404,18.7365,-0.05638726549782509,20.706666666666663,-0.1461687057308434,0.008532973250635557,0.07373607757568017,0.031993274602856676,0.07031189147633979,0.027808439973800534,0.065892128187455,0.0328074079532565,0.058283194572775844,18.404,18.729999999999997,19.077,19.422,0.05,19.494,21.18,21.701999999999998,22.391000000000002,0.016666666666666666,-1.9484001281791854,-1.9096277646928932,35.593220338983,35.2941176470588,1.179945740640261,4,6
2024/6/17 15:00,18.51,18.91,18.02,18.11,2024-06-17 15:00:00,-0.02160994057266354,0.04808211777417615,0.021609940572663345,0.004862236628849262,0.024321266968325705,0.0043407487791644606,0.04694570135746617,18.336,-0.012325479930191924,18.605,-0.026605751142166137,18.681,-0.030565815534500374,20.64016666666667,-0.12258460445248356,0.022023584036825524,0.06133229911031338,0.03286920176080872,0.07135463794983056,0.025720913574546814,0.06448246488349417,0.032784656583939066,0.05823832109104309,18.299,18.619999999999997,19.001,19.422,0.15,19.38,21.13,21.653,22.391000000000002,0.05,-1.0440034168682855,-1.5724876006725548,18.454935622317592,45.37671232876712,0.87076715289033,0,6
2024/6/18 15:00,18.36,18.41,17.89,17.99,2024-06-18 15:00:00,-0.02015250544662315,0.028322440087145948,0.0027233115468409974,0.005446623093681801,-0.00662617338487026,-0.008103727714748876,0.013804527885146328,18.106,-0.006406716005744129,18.523,-0.028775036441181304,18.6315,-0.03443093685425224,20.570333333333334,-0.12543954886487022,0.022137572295650297,0.04591859383002522,0.029324069440686884,0.06650654983607499,0.025636282927676172,0.058963410529414874,0.032777385787693514,0.05802075664882537,18.223,18.560000000000002,18.952,19.422,0.1,19.282999999999998,21.049999999999997,21.608,22.391000000000002,0.03333333333333333,-1.1394085348153784,-1.581258795354026,19.72477064220182,46.0869565217391,0.5095206971677555,1,6
2024/6/19 15:00,18.38,18.94,18.04,18.39,2024-06-19 15:00:00,0.0005440696409141221,0.04896626768226345,0.029923830250272076,0.01849836779107725,0.022234574763757786,0.0010893246187364536,0.021678710394663736,18.065999999999995,0.017934241115908627,18.548,-0.00851843864567596,18.6055,-0.01158259654403261,20.512999999999998,-0.10349534441573625,0.02421215706562729,0.04702069371929736,0.028087971993723062,0.06667416491460952,0.026214642774877533,0.05947960903102151,0.03289260068640718,0.058419822087259286,18.223,18.485,18.881999999999998,19.422,0.45,19.195999999999998,20.95,21.59,22.391000000000002,0.15,-0.3838083953998529,-1.2888745148408902,34.439834024896285,50.5804311774461,0.9004896626768248,2,6
2024/6/20 15:00,18.53,19.53,18.04,19.26,2024-06-20 15:00:00,0.03939557474365895,0.08041014570966011,0.014570966001079306,0.026443604964921853,0.047308319738988525,0.008161044613710589,0.007612833061446469,18.285999999999998,0.053264792737613684,18.621,0.03431609473175463,18.616,0.034593897722389445,20.470666666666666,-0.05914153585618437,0.028840244697969836,0.05450399674657971,0.031128501748402787,0.07019175460673872,0.028326927702312835,0.06143205348927938,0.033511132373342474,0.05935127183637124,18.223,18.485,18.909,19.422,0.8,19.195999999999998,20.845,21.442999999999998,22.391000000000002,0.3333333333333333,1.1256945070232807,-0.7354419460879583,62.271062271062284,57.393850658858,1.548699406368054,3,6
2024/6/21 15:00,19.67,19.95,17.98,17.98,2024-06-21 15:00:00,-0.08591764107778349,0.10015251652262322,0.014234875444839734,0.0,-0.0664589823468329,0.061521856449001655,0.021287642782969893,18.346,-0.01994985282895452,18.461000000000002,-0.02605492660202598,18.5445,-0.03044029226994521,20.416833333333333,-0.11935412772140631,0.043870053996991336,0.06118669755517381,0.032437874379835696,0.06746138756542695,0.0317054206414956,0.0641051487869344,0.03439446536028202,0.06027193171303153,18.154,18.415,18.697999999999997,19.332,0.1,19.113,20.775,21.442999999999998,22.391000000000002,0.03333333333333333,-1.0138465410628636,-1.4555522663283236,47.48603351955308,49.683143219264885,1.8007422470767656,4,6
2024/6/24 15:00,17.69,19.74,17.48,19.08,2024-06-24 15:00:00,0.0785754663651779,0.1277557942340304,0.037309214245336356,0.011871113623516158,0.06117908787541704,-0.10066090493136759,-0.016129032258064467,18.54,0.029126213592232966,18.438,0.03481939472827853,18.522,0.03012633624878522,20.374000000000002,-0.06351231962304918,0.0506745398988676,0.07712143284714465,0.03896126695634983,0.06922686597872899,0.034808036553869263,0.06819611871065005,0.03523691005618863,0.060887454847796806,18.154,18.415,18.697999999999997,19.265,0.8,19.070999999999998,20.715,21.331,22.391000000000002,0.31666666666666665,1.0670582552953818,-0.7725579307321068,66.66666666666663,51.644336175395864,2.4375805539853,0,6
2024/6/25 15:00,19.34,22.25,19.25,20.62,2024-06-25 15:00:00,0.06618407445708382,0.15511892450879008,0.08428128231644255,0.0046535677352636945,0.08071278825995831,0.09327303561334088,0.013626834381551446,19.066000000000003,0.08150634637574732,18.586000000000002,0.10943721080383077,18.6205,0.10738164925753879,20.344333333333335,0.013550046696049646,0.05745234744955359,0.10248072973147349,0.04641556253727047,0.07419966178074933,0.03760073784440563,0.07100301107873877,0.0365165276589083,0.06267170216548892,18.154,18.415,18.891,19.337,1.0,19.070999999999998,20.64,21.31,22.372,0.5,2.844704953250904,0.16665694607545992,73.63465160075329,63.65638766519824,3.1985522233712516,1,6
2024/6/26 15:00,20.86,22.05,19.68,19.74,2024-06-26 15:00:00,-0.05369127516778528,0.11361457334611702,0.057046979865771875,0.002876318312559862,-0.04267701260911749,0.07859358841778685,0.011639185257031932,19.336,0.020893669838642943,18.701,0.05555852628201689,18.6855,0.05643413341896108,20.304333333333332,-0.0277937386108056,0.06605221530078656,0.1154103908642442,0.047843552167324596,0.08121554229177075,0.03897749258532131,0.07473603430314173,0.03689174464122456,0.06386867248900616,18.154,18.46,19.098,19.596,0.95,19.070999999999998,20.6,21.268,22.372,0.45,1.4169405822279564,-0.3443396102361149,64.41515650741349,56.32183908045976,2.24275167785235,2,6
2024/6/27 15:00,19.8,21.34,19.65,20.55,2024-06-27 15:00:00,0.03787878787878788,0.08535353535353542,0.03989898989898986,0.0075757575757576835,0.04103343465045595,-0.0508149568552253,0.0030395136778116655,19.594,0.04879044605491474,18.94,0.08500527983104537,18.797,0.09325956269617493,20.251166666666666,0.014756351485922675,0.0653649922643328,0.11639906879301927,0.0476494417125493,0.08545153276979946,0.03973710067077175,0.0775536573651257,0.036047509571065284,0.0641299987183985,18.154,18.560000000000002,19.176000000000002,19.821,0.95,19.070999999999998,20.564999999999998,21.243,22.307000000000002,0.5,2.070687155518488,0.18960533333617877,66.66666666666666,55.19828510182209,1.754015151515153,3,6
2024/6/28 15:00,20.91,21.09,19.07,19.84,2024-06-28 15:00:00,-0.05117168818747012,0.09660449545671926,0.008608321377331406,0.036824485891917724,-0.03454987834549883,0.05606060606060592,0.017518248175182452,19.966,-0.006310728238004669,19.156,0.035706828147838855,18.8765,0.051042301274070924,20.199499999999997,-0.0177974702344116,0.056395407723374286,0.11568946457983846,0.048466741504880936,0.0884380810675061,0.04073874861433199,0.07937498627192294,0.036060457889253175,0.06493080895731368,18.154,18.7,19.275000000000002,19.911,0.9,19.070999999999998,20.490000000000002,21.233,22.291,0.4666666666666667,1.1114059139232564,-0.2339331947633906,54.58860759493668,52.712384851586485,1.91663318986131,4,6
2024/7/1 15:00,20.53,20.83,19.17,19.17,2024-07-01 15:00:00,-0.06624452021432048,0.0808572820263028,0.014612761811982325,0.0,-0.03377016129032251,-0.018173122907699568,0.03477822580645168,19.984,-0.04073258606885508,19.262,-0.004776243380749597,18.933500000000002,0.01249108722634481,20.147499999999997,-0.048517185755056244,0.055521692396785206,0.10630976213829295,0.050356633139813436,0.09171559749271876,0.041498579506276126,0.08153511772127467,0.03613503974099262,0.06555972973508424,18.321,18.945,19.275000000000002,19.911,0.65,19.070999999999998,20.265,21.216,22.255,0.35,0.2797004917371818,-0.6441545134628589,60.42031523642733,50.1460564751704,1.5500340964442247,0,7
2024/7/2 15:00,19.42,19.81,19.04,19.23,2024-07-02 15:00:00,-0.00978372811534507,0.03964984552008236,0.020082389289392225,0.00978372811534507,0.003129890453833939,-0.05406721870433506,0.013041210224308814,19.706,-0.024155079671166098,19.386000000000003,-0.008047044258743544,18.9545,0.014534807037906617,20.101,-0.04333117755335549,0.03519813506872928,0.08321594634055139,0.05016090868603007,0.09284833803601242,0.040451240051019716,0.0796774439360437,0.036115411478010326,0.06541621266766533,18.321,19.11,19.275000000000002,19.911,0.65,19.070999999999998,19.97,21.168,22.255,0.38333333333333336,0.3250615241639928,-0.5799677624360751,51.605995717344776,53.2719836400818,0.7624665293511839,1,7
2024/7/3 15:00,19.47,19.85,18.74,18.83,2024-07-03 15:00:00,-0.032871083718541375,0.0570107858243453,0.019517205957884056,0.004622496147919869,-0.020800832033281424,0.002574665293511691,0.012480499219968718,19.524,-0.03554599467322283,19.43,-0.030880082346886332,18.989,-0.008373268734530648,20.0495,-0.0608244594628295,0.031843740654093754,0.07189518883619705,0.05063016184309572,0.0936527898502206,0.039859724344920126,0.08016347738241505,0.03619860903231945,0.06606676696323961,18.488,19.11,19.275000000000002,19.911,0.45,19.029,19.79,21.122,22.255,0.26666666666666666,-0.19239797385623036,-0.8177331891739117,24.64589235127478,53.43589743589742,1.073513097072422,2,7
2024/7/4 15:00,19.01,19.05,18.24,18.61,2024-07-04 15:00:00,-0.021041557075223677,0.042609153077327835,0.0021041557075223115,0.01946344029458185,-0.011683483802442884,-0.023626091422701445,0.009559214020180737,19.136000000000003,-0.027487458193980106,19.365000000000002,-0.03898786470436367,18.993,-0.020165324066761393,19.999833333333335,-0.06949224576871484,0.015851122083749027,0.06334631238095553,0.0483452214740517,0.08987269058698737,0.03972269303452952,0.08003222259686305,0.036180441718099185,0.0660856060188867,18.53,19.11,19.275000000000002,19.911,0.4,18.959,19.659999999999997,21.026,22.255,0.23333333333333334,-0.46465680504743373,-0.9335483783294616,30.31358885017424,54.89989462592201,0.792956338769071,3,7
2024/7/5 15:00,19.3,20.45,18.15,18.26,2024-07-05 15:00:00,-0.053886010362694255,0.11917098445595858,0.0595854922279792,0.0056994818652851284,-0.018807092960773653,0.015255128879537061,0.03707684040838266,18.82,-0.02975557917109451,19.393,-0.058423142370958546,18.927,-0.03524066148887822,19.943166666666666,-0.08439816478493042,0.013514299232709472,0.0678596101808034,0.04342659017320303,0.0917745373803209,0.037684495855482676,0.07961796247287392,0.036239929659639666,0.06694811213215514,18.351000000000003,18.955,19.239,19.911,0.3,18.886,19.555,20.934,22.255,0.15,-0.8059168301270588,-1.13024192125335,2.489626556016532,50.7970244420829,2.176062176165804,4,7
2024/7/8 15:00,18.84,19.81,18.84,19.4,2024-07-08 15:00:00,0.02972399150743093,0.05148619957537149,0.02176220806794056,0.0,0.06243154435925513,-0.023834196891191706,0.031763417305585885,18.866,0.02830488709848399,19.425,-0.0012870012870013967,18.9315,0.024747114597364117,19.9125,-0.02573760200878859,0.03460365721100056,0.06198539369061714,0.04361641551087931,0.08414757791445501,0.04028114240964795,0.076687221946592,0.03711117721639125,0.06724020658583982,18.351000000000003,18.955,19.239,19.911,0.8,18.886,19.47,20.819,22.255,0.48333333333333334,0.5644156820767019,-0.34605608205434374,42.253521126760525,56.75934803451582,0.9988322717622068,0,7
2024/7/9 15:00,20.06,20.88,19.54,19.72,2024-07-09 15:00:00,-0.016949152542372874,0.06679960119641076,0.040877367896311086,0.008973080757726806,0.016494845360824684,0.06475583864118883,0.03402061855670104,18.964,0.039865007382408786,19.335,0.019912076545125317,18.960500000000003,0.040056960523192714,19.887333333333334,-0.00841406590459599,0.035142297780252414,0.06741534482588282,0.03462175440496963,0.07531564558321709,0.040354435916969494,0.0747576536819832,0.037178598690762794,0.06776052453337052,18.351000000000003,18.955,19.302,19.911,0.8,18.886,19.47,20.773,22.255,0.55,0.8959805160096966,-0.11375465745786337,61.04417670682728,56.425120772946855,1.3172881355932202,1,7
2024/7/10 15:00,19.89,20.1,19.32,19.56,2024-07-10 15:00:00,-0.016591251885369626,0.03921568627450986,0.010558069381598836,0.012066365007541399,-0.008113590263691739,-0.008474576271186307,0.0086206896551725,19.11,0.023547880690737797,19.317,0.01257959310451926,19.008999999999997,0.028986269661739283,19.867,-0.015452760859717227,0.03316866824406666,0.06385632491591574,0.031944398556432926,0.06787575687605636,0.039780186597032,0.07454564958391356,0.03709376036351151,0.06745466402760832,18.351000000000003,19.125,19.447999999999997,19.911,0.75,18.886,19.47,20.693,22.255,0.5333333333333333,0.6458851648010981,-0.20928775573318517,56.37065637065635,51.556016597510364,0.7670588235294128,2,7
2024/7/11 15:00,20.08,20.19,19.22,19.25,2024-07-11 15:00:00,-0.041334661354581595,0.04830677290836666,0.005478087649402539,0.001494023904382527,-0.0158486707566462,0.009552538964303636,0.0265848670756646,19.238,0.0006237654641854899,19.187,0.0032834731849689285,19.063499999999998,0.00978309334592296,19.839333333333336,-0.02970529923720568,0.0338342609836102,0.0649958488821235,0.028626227698005317,0.06417108063153949,0.03955834305830464,0.07481130670066947,0.03713690730139505,0.06778471752699163,18.544,19.200000000000003,19.447999999999997,19.911,0.6,18.886,19.405,20.632,22.255,0.45,0.22455854457314456,-0.4029567291180996,58.40000000000006,57.32410611303345,0.9299053784860581,3,7
2024/7/12 15:00,19.54,19.8,19.12,19.17,2024-07-12 15:00:00,-0.01893551688843385,0.03480040941658136,0.01330603889457531,0.0025588536335721963,-0.004155844155844024,-0.02689243027888444,0.01506493506493502,19.42,-0.012873326467559216,19.119999999999997,0.0026150627615064994,19.137999999999998,0.0016720660466090283,19.798999999999996,-0.03176928127683188,0.031574368763554635,0.04812173387424805,0.026833432702177674,0.057990672027525704,0.03897598735644084,0.0732143765475159,0.03688169912333315,0.06721636929163172,18.764,19.200000000000003,19.447999999999997,19.911,0.475,18.886,19.354999999999997,20.592,22.255,0.4083333333333333,0.04188199204329811,-0.43478009563773856,61.8644067796611,50.588235294117666,0.6671238485158647,4,7
2024/7/15 15:00,20.29,20.55,19.18,19.3,2024-07-15 15:00:00,-0.04879250862493832,0.0675209462789552,0.012814194184327332,0.005914243469689552,0.006781429316640608,0.038382804503582335,0.058424621804903355,19.4,-0.005154639175257623,19.133,0.008728375058799018,19.197499999999998,0.005339236879802199,19.724666666666668,-0.021529725893128755,0.012724590316644439,0.051328683214964796,0.024661800128849082,0.056657038452790943,0.03870927748212637,0.07418631797275485,0.03439692893916129,0.06697339179242275,19.005,19.240000000000002,19.447999999999997,19.911,0.65,18.886,19.305,20.559,21.467,0.5,0.1413545429595716,-0.31429707057600775,74.29906542056081,39.423076923076906,1.3031542631838355,0,7
2024/7/16 15:00,19.34,19.6,18.87,19.07,2024-07-16 15:00:00,-0.013960703205791085,0.03774560496380561,0.01344364012409522,0.010341261633919302,-0.011917098445595853,-0.046821094135041874,0.0020725388601035826,19.27,-0.010378827192527208,19.116999999999997,-0.0024585447507452555,19.2515,-0.009427836791938279,19.671666666666667,-0.03058544437854782,0.00867646342409349,0.045517883968443765,0.02497063273935247,0.05646661439716327,0.038802900986303734,0.07465747621658783,0.0334871210391831,0.0662785298919781,19.076999999999998,19.240000000000002,19.447999999999997,19.911,0.3,18.886,19.28,20.466,21.317,0.36666666666666664,-0.271514521921564,-0.45850538041272665,36.58536585365858,44.00715563506262,0.7198086866597729,1,7
2024/7/17 15:00,19.43,19.51,18.83,18.97,2024-07-17 15:00:00,-0.02367472979927951,0.0349974266598046,0.004117344312918263,0.007205352547606823,-0.00524383848977461,0.004653567735263708,0.018877818563188223,19.151999999999997,-0.009502923976608115,19.131,-0.008415660446395972,19.2805,-0.016104354140193518,19.61616666666667,-0.03294051675063949,0.008650382959877552,0.044674232045502714,0.02403676818987299,0.05426527848070919,0.03859526025833633,0.0739590341654649,0.03348491015889229,0.0663779733808221,19.076999999999998,19.240000000000002,19.447999999999997,19.911,0.25,18.886,19.255000000000003,20.199,21.31,0.3333333333333333,-0.4842828902181824,-0.5092372228101284,12.871287128712808,33.81147540983602,0.6639011837364932,2,7
2024/7/18 15:00,18.9,19.33,18.7,19.18,2024-07-18 15:00:00,0.014814814814814876,0.033333333333333284,0.007936507936507861,0.010582010582010545,0.011070110701107083,-0.027277406073082933,-0.0036900369003690188,19.137999999999998,0.0021945866861741875,19.188,-0.00041692724619549296,19.2765,-0.005006095504889317,19.563,-0.01957777436998411,0.009393078216011553,0.041679544130496037,0.023778937974361543,0.05333769650630974,0.03719389629033088,0.07160519354664856,0.03352175234443856,0.06595878369933733,19.076999999999998,19.205,19.447999999999997,19.911,0.5,18.886,19.240000000000002,19.918,21.256,0.4666666666666667,-0.15041971577219307,-0.31462224401262834,32.07547169811323,42.46575342465752,0.6393333333333324,3,7
2024/7/19 15:00,19.34,19.34,18.71,18.94,2024-07-19 15:00:00,-0.020682523267838603,0.03257497414684586,0.0,0.011892450879007262,-0.012513034410844504,0.023280423280423346,0.008342022940563094,19.092,-0.007961449821914806,19.256,-0.016410469464063094,19.3245,-0.019897021915185345,19.5035,-0.028892250108954683,0.01080129929272333,0.041234457076548936,0.02320607194004817,0.04467809547539847,0.033896976771476,0.06822631642785969,0.03353085537844896,0.06553520508975727,19.076999999999998,19.205,19.447999999999997,19.911,0.2,18.886,19.225,19.77,21.214000000000002,0.3333333333333333,-0.6727658448511015,-0.4872122843997796,34.34343434343438,47.0886075949367,0.6169700103412606,4,7
2024/7/22 15:00,19.6,19.63,18.98,19.11,2024-07-22 15:00:00,-0.0250000000000001,0.033163265306122375,0.0015306122448978357,0.006632653061224438,0.008975712777191003,0.013443640124095158,0.03484688489968322,19.054,0.0029390154298310563,19.227,-0.0060851926977688086,19.326,-0.011176653213287854,19.448833333333333,-0.017421781940647692,0.01129891180773562,0.034362920881982374,0.011355925083201828,0.04284580204847356,0.031085712047005904,0.0634966899814643,0.03355996973993829,0.06558866039258325,19.098,19.205,19.447999999999997,19.911,0.35,18.886,19.2,19.726,21.156,0.43333333333333335,-0.37836003650066596,-0.3098221626765066,47.222222222222115,48.52216748768471,0.6337499999999986,0,7
2024/7/23 15:00,19.26,19.52,18.65,19.41,2024-07-23 15:00:00,0.007788161993769396,0.045171339563862975,0.005711318795430915,0.031671858774662665,0.01569858712715866,-0.01734693877551019,0.00784929356357939,19.121999999999996,0.01506118606840309,19.196,0.011148155865805304,19.2655,0.0075004541797514075,19.417166666666667,-0.00036908920800322105,0.011926021741549254,0.03584806780199385,0.011218096759594173,0.040682975885218776,0.02507802813504352,0.05799931073421792,0.033081407180262604,0.06488004572425732,19.098,19.205,19.403,19.75,0.75,18.886,19.2,19.621999999999996,21.114,0.6416666666666667,0.2985258521261102,-0.006723001264414957,54.399999999999984,57.32323232323236,0.8767757009345803,1,7
2024/7/24 15:00,19.65,20.2,19.07,19.67,2024-07-24 15:00:00,0.0010178117048347647,0.05750636132315517,0.02697201017811693,0.02951653944020348,0.013395157135497326,0.02024922118380057,0.012364760432766535,19.262,0.021181601079846395,19.207,0.024105794762326285,19.262,0.021181601079846395,19.41,0.013395157135497247,0.011371698253533983,0.04034985473466396,0.011858518015766626,0.04251204339008331,0.02345829199408847,0.05519390013306984,0.032308079079982455,0.06466411892627569,19.098,19.205,19.403,19.732,0.85,18.886,19.2,19.607,21.114,0.7166666666666667,0.848806429552221,0.2446450435919518,73.43750000000003,63.25000000000005,1.1311501272264624,2,7
2024/7/25 15:00,20.41,21.08,19.45,19.8,2024-07-25 15:00:00,-0.029887310142087183,0.07986281234688873,0.03282704556589898,0.01714845663890257,0.0066090493136756745,0.038676844783715136,0.037620742247076684,19.386000000000003,0.021355617455895898,19.262,0.0279306406396013,19.2245,0.02993575905745282,19.39016666666667,0.02113614289029653,0.011177783079291986,0.049655750537375046,0.01043309788213134,0.04566764733393551,0.021474287320879668,0.0549193639827375,0.03179797836902774,0.06455991342007522,19.098,19.205,19.403,19.727999999999998,0.95,18.886,19.2,19.607,21.114,0.7666666666666667,1.4501733673987658,0.3926691431941528,81.67938931297721,70.3703703703704,1.5812836844683968,3,7
2024/7/26 15:00,19.96,19.96,18.83,19.1,2024-07-26 15:00:00,-0.043086172344689345,0.05661322645290594,0.0,0.013527054108216589,-0.03535353535353536,-0.02204801567858894,0.008080808080808088,19.418,-0.0163765578329384,19.255000000000003,-0.008049857179953317,19.1875,-0.004560260586319144,19.331500000000002,-0.011975273517316322,0.021110425566094368,0.05446340099858706,0.015965218439868947,0.047848929037567975,0.02153976005435084,0.05291980053254684,0.03040794245487103,0.06369961695933506,19.091,19.175,19.33,19.675,0.35,18.886,19.175,19.566,20.804,0.43333333333333335,-0.23646489644792518,-0.2426179252837617,47.77777777777782,45.508982035928184,1.0813126252505034,4,7
2024/7/29 15:00,19.94,20.22,19.4,19.71,2024-07-29 15:00:00,-0.011534603811434323,0.04112337011033101,0.01404212637913729,0.015546639919759391,0.03193717277486918,-0.0010020040080159776,0.04397905759162302,19.538000000000004,0.00880335755962724,19.296,0.02145522388059709,19.214499999999997,0.02578781649275305,19.30816666666667,0.020811573686436602,0.02515416539480279,0.056055421959428794,0.0189070033207577,0.04520917142070555,0.021398308101353836,0.050933104936748255,0.029522070324493322,0.0626271939611739,19.091,19.205,19.403,19.711000000000002,0.9,18.886,19.175,19.566,20.671,0.75,1.277204974216263,0.4336324825086535,67.74193548387098,49.86225895316808,0.8105416248746242,0,7
2024/7/30 15:00,20.03,20.21,19.66,19.74,2024-07-30 15:00:00,-0.014478282576135931,0.027458811782326543,0.00898652021967048,0.003994008986520134,0.0015220700152205335,0.004513540621865486,0.01623541349568748,19.604,0.0069373597225055724,19.363,0.01947012343128642,19.240000000000002,0.0259875259875258,19.28083333333333,0.023814669144660155,0.024645933413558963,0.0525129164031215,0.01825318727484467,0.04418049210255765,0.02139529505654555,0.05032355324986045,0.02947048279560306,0.06193212423096745,19.091,19.215,19.455,19.721999999999998,0.95,18.886,19.175,19.566,20.624000000000002,0.7916666666666666,1.2333565004576732,0.5171398162727667,65.51724137931035,52.57142857142857,0.5420369445831259,1,7
2024/7/31 15:00,20.1,20.58,19.23,20.55,2024-07-31 15:00:00,0.0223880597014925,0.0671641791044775,0.0014925373134327155,0.04328358208955228,0.04103343465045595,0.003494757863205189,0.018237082066869453,19.779999999999998,0.03892821031344809,19.521,0.052712463500845234,19.326,0.06333436820863086,19.27716666666667,0.06602802970699347,0.029920791486581014,0.05444447995938597,0.02136091342722144,0.04739716734702494,0.022441557000715675,0.05083122291386707,0.029732432751562423,0.0619136118769433,19.107,19.275,19.593,19.746,1.0,18.886,19.175,19.566,20.584,0.875,2.5087667667842233,1.4429943321431091,72.44094488188978,66.25000000000003,1.3802238805970126,2,7
2024/8/1 15:00,20.55,20.99,20.02,20.06,2024-08-01 15:00:00,-0.02384428223844292,0.047201946472019404,0.02141119221411181,0.0019464720194646787,-0.023844282238442926,0.02238805970149249,0.0,19.832,0.011496571198063634,19.609,0.0229996430210616,19.398500000000002,0.034100574786710136,19.267166666666665,0.04114945113881133,0.03345772769891531,0.047912306784412106,0.02358415490821686,0.04878402866089355,0.02306256681034556,0.05106086258360165,0.029887142362914315,0.06210564688966404,19.152,19.35,19.682000000000002,19.826,0.95,18.886,19.175,19.566,20.553,0.85,1.3678437244418642,0.9118836197125992,57.039711191335684,60.09070294784577,0.9468710462287092,3,8
2024/8/2 15:00,20.69,21.09,20.42,20.74,2024-08-02 15:00:00,0.0024166263895600364,0.03238279362010624,0.016916384726921287,0.013049782503624919,0.03389830508474567,0.006812652068126646,0.031405782652043995,20.16,0.028769841269841185,19.789,0.048057001364394204,19.5225,0.062363939044691896,19.269833333333334,0.07629368875357842,0.02735899504003441,0.04306622021785216,0.024364111960056646,0.04876481060821959,0.02332810388855391,0.046721453041809025,0.030201499719461917,0.060783742986592296,19.177,19.405,19.713,20.108999999999998,1.0,18.886,19.175,19.566,20.557000000000002,0.9333333333333333,2.4638069193562,1.682545740962976,64.15662650602405,64.51612903225804,0.6716191396810033,4,8
2024/8/5 15:00,22.12,25.87,22.12,25.56,2024-08-05 15:00:00,0.15551537070524402,0.16952983725135623,0.014014466546112218,0.0,0.23240115718418508,0.06911551474142086,0.06653809064609463,21.33,0.19831223628691988,20.433999999999997,0.25085641577762563,19.8305,0.28892362774513997,19.34333333333333,0.32138549026365687,0.10144922883120222,0.06874751364605722,0.07459942441643104,0.06240146780274297,0.05465188909668417,0.052623634925608266,0.04241146911438205,0.06267155122390317,19.177,19.485,19.726,20.569,1.0,18.886,19.175,19.566,20.557000000000002,1.0,3.989959994425767,5.31380373080752,93.41397849462363,83.97905759162303,4.333182640144665,0,8
2024/8/6 15:00,24.82,24.82,23.09,23.15,2024-08-06 15:00:00,-0.06728444802578573,0.06970185334407737,0.0,0.0024174053182916488,-0.09428794992175271,0.12206148282097651,-0.02895148669796551,22.012,0.051699073232782035,20.808,0.11255286428296803,20.002,0.1573842615738426,19.375,0.1948387096774193,0.12159618075234677,0.07719612195840737,0.08465578495227763,0.06485451918076442,0.059872254588802035,0.0527687475329916,0.044267890244243185,0.06322831625288115,19.177,19.485,19.758,20.981,0.95,18.886,19.175,19.566,20.557000000000002,0.9833333333333333,1.9484192837640875,3.030534573002302,68.6147186147186,67.62225969645868,1.613597904915391,1,8
2024/8/7 15:00,23.4,24.27,21.72,21.75,2024-08-07 15:00:00,-0.07051282051282046,0.10897435897435902,0.03717948717948722,0.0012820512820513306,-0.06047516198704095,-0.05721192586623702,0.010799136069114472,22.252,-0.0225597699083228,21.016,0.03492577084126389,20.1115,0.08147080028839224,19.382333333333335,0.12215591518049072,0.12916793884237213,0.08555815793238368,0.08850258604590774,0.07000131894588481,0.06180144481410577,0.05625668116798406,0.045004210700467555,0.06463389386138764,19.177,19.54,19.878,21.89,0.9,18.886,19.175,19.566,20.557000000000002,0.9666666666666667,0.9883586418202326,1.881386924308142,59.47219604147031,59.84674329501915,2.370192307692309,2,8
2024/8/8 15:00,22.01,22.63,20.44,21.35,2024-08-08 15:00:00,-0.029986369831894597,0.09950022716946831,0.028169014084506925,0.04134484325306679,-0.018390804597701038,-0.0594017094017093,0.011954022988505819,22.509999999999998,-0.05153265215459781,21.171,0.008454961976288415,20.216500000000003,0.056068063215690044,19.384666666666664,0.10138597516937807,0.1287535036616936,0.09601781407187346,0.08906527563875839,0.07196506042814275,0.06185346881206966,0.05881635388103914,0.045069725972457245,0.0658656759940632,19.177,19.69,20.206999999999997,21.89,0.85,18.886,19.175,19.566,20.557000000000002,0.95,0.6800286401070006,1.5572675624323087,53.92156862745099,59.121877365632095,2.1243298500681487,3,8
2024/8/9 15:00,21.61,21.78,20.99,21.3,2024-08-09 15:00:00,-0.014345210550670926,0.03655714946783909,0.00786672836649707,0.014345210550671091,-0.0023419203747072626,-0.018173557473875612,0.012177985948477658,22.622,-0.058438688002829066,21.391,-0.004254125566827055,20.323,0.048073611179451865,19.399166666666666,0.09798530864727874,0.12869909067995525,0.09685268524142003,0.08776501884421781,0.06995945272963607,0.06183779854368594,0.05890419088360201,0.044798294207775056,0.06600356520619098,19.264,19.725,20.607,21.89,0.8,18.886,19.175,19.566,20.632,0.9333333333333333,0.5869620749181857,1.4860297820956,56.35245901639345,58.36516424751719,0.7786672836649726,4,8
2024/8/12 15:00,22.51,22.68,20.87,21.05,2024-08-12 15:00:00,-0.06486006219458022,0.08040870724122606,0.007552199022656515,0.007996446023989325,-0.011737089201877882,0.04164738546969016,0.05680751173708924,21.72,-0.030847145488029384,21.525,-0.022067363530778067,20.4105,0.03133191249601929,19.429666666666666,0.08339480862598439,0.038786900313135704,0.07902845923939399,0.08786788154039304,0.07388798644272558,0.06197890184679304,0.05954857893171557,0.0441192945609591,0.06607245392932153,19.341,19.77,20.833,21.89,0.75,18.886,19.175,19.607,20.771,0.9166666666666666,0.38667159091870146,1.2497840421063784,51.66130760986068,56.28834355828221,1.6926032874278087,0,8
2024/8/13 15:00,21.33,21.33,20.6,20.84,2024-08-13 15:00:00,-0.02297233942803556,0.03422409751523661,0.0,0.011251758087201053,-0.009976247030878849,-0.052421146157263565,0.013301662707838365,21.258,-0.01966318562423555,21.634999999999998,-0.036746013404206065,20.499000000000002,0.01663495780281953,19.46066666666667,0.07087801034565439,0.023019994750374688,0.07193290807362585,0.08806293524108992,0.07456451501601659,0.06195084906032241,0.05937250355928712,0.04410610654626361,0.06433113010176328,19.592000000000002,19.93,20.903,21.89,0.7,18.886,19.205,19.682000000000002,20.861,0.9,0.2097861496073564,1.054742068804207,0.0,54.50346420323325,0.713230192217531,1,8
2024/8/14 15:00,21.07,21.45,20.93,21.26,2024-08-14 15:00:00,0.009017560512577185,0.024679639297579475,0.009017560512577016,0.006644518272425276,0.020153550863723613,-0.012189404594467823,0.011036468330134377,21.16,0.004725897920604982,21.706,-0.020547314106698515,20.6135,0.03136294176146716,19.499833333333335,0.09026572876691254,0.014897696646615282,0.05507396413826994,0.08745465613080546,0.07031606103532678,0.061965974248722716,0.05885661419117586,0.04415714539232914,0.06409841912922075,19.698,20.305,21.113,21.89,0.75,18.907,19.240000000000002,19.713,21.071,0.9166666666666666,0.4059882708037106,1.3273899233351818,15.384615384615444,55.496987951807235,0.5246891314665396,2,8
2024/8/15 15:00,21.44,21.77,20.86,20.94,2024-08-15 15:00:00,-0.023320895522388058,0.04244402985074627,0.015391791044776039,0.0037313432835821753,-0.015051740357478804,0.017560512577123877,0.00846660395108183,21.078,-0.006547110731568371,21.794,-0.039185096815637296,20.701500000000003,0.011520904282298305,19.531333333333336,0.07212342560671732,0.014174300998450629,0.04366272467452553,0.08715893557398496,0.06984026937319947,0.06215928650982347,0.05931214901704651,0.04421308628167256,0.06411646535099148,19.730999999999998,20.645,21.113,21.89,0.65,18.907,19.255000000000003,19.726,21.071,0.8833333333333333,0.15315305164071505,1.0531557168700787,25.454545454545524,57.131782945736425,0.888777985074627,3,8
2024/8/16 15:00,21.19,21.32,20.18,20.44,2024-08-16 15:00:00,-0.03539405379896177,0.05379896177442192,0.006134969325153327,0.012269938650306822,-0.02387774594078318,-0.011660447761194015,0.011938872970391595,20.906,-0.022290251602410674,21.764,-0.06083440544017635,20.7765,-0.016196183187736017,19.548499999999997,0.04560452208609378,0.016675399509026696,0.0471110871358421,0.08712358413773041,0.07198188618863104,0.062389746313194716,0.06037334839842531,0.04428872712386326,0.06423493787107314,19.782,20.645,21.113,21.89,0.45,18.907,19.255000000000003,19.74,21.071,0.7833333333333333,-0.2238639598210128,0.6640180772416975,24.000000000000043,52.85379202501955,1.0996507786691843,4,8
2024/8/19 15:00,21.25,21.26,19.49,19.49,2024-08-19 15:00:00,-0.08282352941176478,0.08329411764705898,0.0004705882352941912,0.0,-0.046477495107632216,0.002831524303916977,0.03962818003913888,20.594,-0.053607846945712474,21.157,-0.07879188920924524,20.7955,-0.06277800485682009,19.547833333333333,-0.0029585546565263706,0.024138400061780904,0.04768816921700868,0.03266465426021574,0.06335831422820132,0.06345099661606138,0.06287989101547214,0.04471949270310638,0.0648575665691955,19.782,20.645,21.113,21.89,0.15,18.907,19.255000000000003,19.74,21.071,0.6,-0.8801669202566584,-0.04307552163592402,15.849056603773619,49.08825674690007,1.6234023529411794,0,8
2024/8/20 15:00,19.74,20.74,19.7,19.99,2024-08-20 15:00:00,0.012664640324214793,0.0526849037487335,0.03799392097264438,0.0020263424518743235,0.025654181631606043,-0.07105882352941184,0.012827090815802977,20.424,-0.021249510379945213,20.841,-0.04083297346576472,20.8245,-0.040072990948162114,19.57016666666667,0.02145272140417793,0.030444793213411214,0.05138033046370806,0.02630629331368603,0.061656619268666925,0.06359687808768155,0.06325556922471567,0.04441873375575391,0.06408596367922412,19.933,20.645,21.113,21.89,0.35,18.961,19.28,19.758,21.071,0.75,-0.5714900142253229,0.31364689104054233,31.724137931034477,47.91044776119402,1.0531712259371826,1,8
2024/8/21 15:00,20.19,20.7,19.5,19.64,2024-08-21 15:00:00,-0.02724120851906888,0.05943536404160472,0.02526002971768192,0.0069341258048539155,-0.017508754377188462,0.02279635258358681,0.010005002501250769,20.1,-0.022885572139303523,20.630000000000003,-0.047988366456616666,20.823,-0.05681217884070498,19.59016666666667,0.002543793229596416,0.026113613095133718,0.058331475412513115,0.02086359986719738,0.0567027197753915,0.06371246906683412,0.06335201936063815,0.04445782826834131,0.06442731793228323,19.933,20.645,21.113,21.89,0.15,19.04,19.305,19.758,21.071,0.6166666666666667,-0.8094527527863468,0.03745962806712254,30.263157894736864,48.41628959276019,1.1673105497771166,2,8
2024/8/22 15:00,19.75,20.17,19.23,19.74,2024-08-22 15:00:00,-0.0005063291139241298,0.04759493670886082,0.021265822784810214,0.02582278481012648,0.005091649694500822,-0.02179296681525511,0.005600814663951091,19.86,-0.006042296072507603,20.469,-0.035614832185255886,20.82,-0.05187319884726234,19.613833333333336,0.006432534860599887,0.027696686536085903,0.059361656784136005,0.021128505193696114,0.05151219072933074,0.06370721173168852,0.06173862557873675,0.04444557021803491,0.06473721564219999,19.915,20.645,21.113,21.89,0.275,19.076999999999998,19.354999999999997,19.758,21.071,0.6833333333333333,-0.73783016327664,0.09558572766542145,22.058823529411697,46.05678233438486,0.9395240506329126,3,8
2024/8/23 15:00,19.88,20.3,19.13,19.18,2024-08-23 15:00:00,-0.03521126760563377,0.05885311871227373,0.021126760563380368,0.0025150905432595933,-0.028368794326241065,0.00658227848101256,0.007092198581560313,19.607999999999997,-0.021827825377396845,20.256999999999998,-0.053166806536012155,20.824,-0.07894736842105271,19.62933333333333,-0.022890911560929147,0.028268469369780783,0.06037248817170637,0.02199319699664153,0.05374178765377421,0.06351271552744668,0.06185062019170514,0.044614226056937066,0.06471513566539164,19.915,20.645,21.113,21.89,0.05,19.094,19.354999999999997,19.758,21.071,0.4083333333333333,-1.1268724427404198,-0.34324863066291283,20.270270270270217,12.11401425178147,1.1288028169014102,4,8
2024/8/26 15:00,19.97,19.97,19.17,19.76,2024-08-26 15:00:00,-0.010515773660490602,0.04006009013520266,0.0,0.029544316474712062,0.030239833159541263,0.00452716297786715,0.041188738269030196,19.662,0.004984233546943472,20.128,-0.018282988871224093,20.826500000000003,-0.05120879648524722,19.658166666666663,0.005180205003857877,0.025807960885080274,0.05172568266933512,0.02540985045472555,0.04970692594317187,0.0634716827569393,0.06179745619294872,0.04472638213499162,0.06475522628365721,19.921,20.645,21.113,21.89,0.3,19.107,19.405,19.772000000000002,21.071,0.7,-0.7320150710475325,0.07880735876015095,38.81578947368421,24.279210925644932,0.7915873810716046,0,8
2024/8/27 15:00,19.86,20.43,19.37,19.58,2024-08-27 15:00:00,-0.014098690835851014,0.053373615307149985,0.02870090634441089,0.010574018126888083,-0.009109311740890802,-0.0055082623935903685,0.005060728744939163,19.580000000000002,-1.8144605101126152e-16,20.002,-0.021097890210978933,20.8185,-0.0594903571342797,19.671,-0.004626099334045096,0.022679451956799646,0.05186342498101841,0.025396298286247874,0.05162187772236321,0.06351936340398504,0.06309319636918989,0.04442657108634243,0.06436473118503135,19.921,20.645,21.113,21.89,0.15,19.131,19.45,19.772000000000002,21.071,0.5583333333333333,-0.8461774392197944,-0.07068350678061755,51.98237885462555,29.795158286778403,1.0450553877139965,1,8
2024/8/28 15:00,19.77,19.8,19.22,19.33,2024-08-28 15:00:00,-0.022255943348507907,0.029337379868487702,0.0015174506828528648,0.005563985837126932,-0.012768130745658857,-0.004531722054380682,0.009703779366700782,19.518,-0.009632134440004221,19.809,-0.024180927861073388,20.7575,-0.06877032397928469,19.690833333333334,-0.018324939692750546,0.02206057367598323,0.04584382814639501,0.023718420287968764,0.05208765177945403,0.06288646023412438,0.06120185640739041,0.04419960869010828,0.06406551890122418,19.754,20.59,21.113,21.89,0.1,19.161,19.45,19.772000000000002,21.071,0.4666666666666667,-0.9514243903081859,-0.28355728812417613,33.66336633663366,30.65134099616857,0.5670915528578673,2,8
2024/8/29 15:00,19.35,20.58,18.47,18.54,2024-08-29 15:00:00,-0.04186046511627919,0.10904392764857877,0.06356589147286805,0.003617571059431539,-0.040869115364718045,-0.021244309559939167,0.0010346611484740365,19.278,-0.03828197945845003,19.569,-0.05258316725433083,20.6815,-0.10354664797040837,19.691,-0.05845310040119851,0.02689962616713137,0.05813362633433859,0.025742738142450292,0.05874764155923727,0.06332085642614134,0.06429395546621838,0.0444649818003681,0.06512901354889436,19.71,20.59,21.113,21.89,0.05,19.161,19.45,19.772000000000002,21.071,0.13333333333333333,-1.3603294953755731,-0.9046113623243404,27.642276422764212,26.845637583892625,2.0216744186046505,3,8
2024/8/30 15:00,18.61,20.16,18.06,18.11,2024-08-30 15:00:00,-0.026867275658248254,0.11284255776464275,0.08328855454056963,0.002686727565824864,-0.023193096008629954,-0.038242894056847665,0.003775620280474665,19.064,-0.05004196391103654,19.336000000000002,-0.06340504757964431,20.55,-0.11873479318734799,19.6665,-0.07914473851473317,0.026211459901146525,0.0689315141448124,0.025707932311869644,0.06465200115825936,0.06289375759594167,0.0683169436734452,0.04396056431516023,0.06488545306270939,19.622,20.215,21.113,21.89,0.05,19.131,19.405,19.772000000000002,21.071,0.075,-1.4561220782330973,-1.2079070906695348,20.788530465949876,26.0586319218241,2.04357872111768,4,8
2024/9/2 15:00,18.97,19.59,18.64,19.14,2024-09-02 15:00:00,0.008961518186610527,0.050079072219293586,0.023721665788086415,0.017395888244596643,0.05687465488680288,0.01934443847393874,0.04748757592490334,18.94,0.010559662090813056,19.301,-0.00834153670794248,20.229,-0.05383360522022832,19.663666666666664,-0.02663118102761423,0.037148285800703035,0.07093531056163058,0.030512857651643015,0.06133049661548282,0.03330076791850254,0.06234440542184207,0.04453871304634276,0.06388508743134744,19.552999999999997,19.875,20.973000000000003,21.39,0.15,19.131,19.405,19.772000000000002,21.071,0.325,-0.8942374101571996,-0.4060765729228156,49.386503067484675,37.78735632183909,0.9585134422772793,0,9
2024/9/3 15:00,19.33,19.33,18.31,18.57,2024-09-03 15:00:00,-0.039317123642007144,0.052767718572167596,0.0,0.013450594930160455,-0.029780564263322873,0.01897733263046919,0.009926854754440842,18.738,-0.008965738072366275,19.159,-0.03074273187535877,20.0,-0.07149999999999998,19.654166666666665,-0.0551621793512825,0.038723697168749176,0.07081413121463412,0.030085092194938448,0.06133877809782623,0.02775986874931298,0.061497698683246574,0.0446971969831448,0.06300803329940713,19.442,19.75,20.87,21.305,0.15,19.107,19.405,19.772000000000002,21.071,0.16666666666666666,-1.3490439654714514,-0.8368164456622783,31.692307692307693,31.082981715893098,0.9798965338851523,1,9
2024/9/4 15:00,18.8,19.78,18.8,19.05,2024-09-04 15:00:00,0.013297872340425532,0.052127659574468105,0.038829787234042575,0.0,0.02584814216478204,-0.027418520434557614,0.012385568120624687,18.682,0.019698105127930743,19.1,-0.002617801047120456,19.865000000000002,-0.041026931789579724,19.661833333333334,-0.031117817090640914,0.04175286917721709,0.07537218715583019,0.03148425358419821,0.06060800765111257,0.026267036393513857,0.05865536371325203,0.04464914357461493,0.06315256482171655,19.285,19.689999999999998,20.56,21.264000000000003,0.2,19.107,19.405,19.772000000000002,21.071,0.25,-0.8187946408381781,-0.47409388646021833,42.53521126760567,37.00137551581843,0.9930319148936174,2,9
2024/9/5 15:00,19.2,19.47,18.68,18.77,2024-09-05 15:00:00,-0.02239583333333332,0.04114583333333329,0.014062499999999978,0.004687499999999993,-0.014698162729658848,0.02127659574468077,0.007874015748031421,18.728,0.002242631354122065,19.002999999999997,-0.012261221912329475,19.735999999999997,-0.04894608836643685,19.672,-0.04585197234648236,0.03707554502575816,0.061792568292781104,0.031568667558045285,0.059963097313559824,0.026190290261603053,0.05573764402144528,0.04458406271485351,0.0631217682010513,19.168,19.61,20.125,21.071,0.2,19.107,19.405,19.772000000000002,21.071,0.18333333333333332,-1.0069725485679029,-0.7042106384749351,42.178770949720686,38.15602836879432,0.7723072916666659,3,9
2024/9/6 15:00,19.06,19.81,18.85,18.85,2024-09-06 15:00:00,-0.011017838405036584,0.050367261280167754,0.039349422875131164,0.0,0.004262120404901593,-0.007291666666666696,0.01545018646776767,18.875999999999998,-0.0013774104683193606,18.970000000000002,-0.006325777543489773,19.6135,-0.03892726948275407,19.6915,-0.04273417464388187,0.03414154815666346,0.0492975089958861,0.030505347118905846,0.059114511570349214,0.026281568391563353,0.05642814961206172,0.0444343055305346,0.06284890568105989,19.113,19.534999999999997,19.829,20.951,0.25,19.107,19.405,19.772000000000002,21.071,0.2,-0.8446625817233193,-0.6685249243057934,55.40069686411153,44.82200647249194,0.9494228751311622,4,9
2024/9/9 15:00,19.65,20.75,19.65,20.03,2024-09-09 15:00:00,0.019338422391857638,0.055979643765903385,0.03664122137404575,0.0,0.06259946949602124,0.030954879328436435,0.04244031830238711,19.054000000000002,0.051222840348483206,18.997,0.054377006895825725,19.5625,0.02389776357827482,19.723499999999998,0.015539838263999968,0.03620309976474523,0.05047762330520805,0.03552793190055211,0.0607064669334193,0.030336165604817375,0.05520669643829559,0.04503123855193696,0.06298053111425533,19.113,19.534999999999997,19.829,20.85,0.8,19.131,19.45,19.812,21.071,0.75,0.5529386556732779,0.24674944609152336,76.51933701657457,50.2915451895044,1.121272264631045,0,9
2024/9/10 15:00,20.21,21.5,20.13,20.82,2024-09-10 15:00:00,0.030183077684314667,0.06778822365165764,0.03364670954972784,0.0039584364176151335,0.039440838741887196,0.02849872773536899,0.00898652021967048,19.504,0.0674733388022969,19.121000000000002,0.08885518539825311,19.561500000000002,0.06433555708918016,19.770666666666667,0.05307526301591583,0.030073193297893937,0.05348172432110606,0.03713472693254932,0.06214792776787006,0.03164084484435828,0.05688490274511663,0.04526301701523168,0.06363829417366387,19.113,19.534999999999997,19.829,20.832,0.9,19.161,19.525,19.884999999999998,21.071,0.85,1.4912861384771277,0.8539009796363266,74.85207100591714,58.08219178082191,1.4113508164275121,1,9
2024/9/11 15:00,21.27,21.5,20.59,20.67,2024-09-11 15:00:00,-0.028208744710860267,0.042783262811471566,0.01081335213916316,0.003761165961448136,-0.00720461095100855,0.05244928253339931,0.021613832853025903,19.828,0.04246520072624583,19.255000000000003,0.0734874058686055,19.532,0.05826336268687291,19.808666666666667,0.04348265069161652,0.03292309625183324,0.05161284496850675,0.0368500406220926,0.06349251606216845,0.031332835251782994,0.05779008392081123,0.04521480701160063,0.063535244092484,19.113,19.534999999999997,19.829,20.685000000000002,0.9,19.17,19.57,20.002,21.071,0.8166666666666667,1.4405172625039284,0.7056193464918151,85.47297297297298,56.326530612244916,0.8843300423131173,2,9
2024/9/12 15:00,21.13,21.13,19.79,19.79,2024-09-12 15:00:00,-0.06341694273544722,0.06341694273544722,0.0,0.0,-0.04257377842283516,-0.006582040432534075,0.022254475084663633,20.032,-0.012080670926517616,19.380000000000003,0.021155830753353793,19.4745,0.0162006726745231,19.8175,-0.001387662419578648,0.04098133305936025,0.05606706684892955,0.037100859988509524,0.05892981757085529,0.03256513791743489,0.05883872956504628,0.045207475489700985,0.06325202404291379,19.113,19.534999999999997,19.769000000000002,20.463,0.75,19.17,19.61,20.002,21.071,0.65,0.43761513090645565,-0.02256771030621334,61.01190476190473,53.97653194263362,1.2550212967345005,3,9
2024/9/13 15:00,20.22,20.27,18.33,18.65,2024-09-13 15:00:00,-0.07764589515331356,0.0959446092977251,0.0024727992087042886,0.015825914935707234,-0.0576048509348156,-0.04306672976810222,0.021728145528044453,19.992,-0.06712685074029623,19.433999999999997,-0.04034166923947716,19.384999999999998,-0.03791591436677841,19.828666666666667,-0.059442557912786284,0.0516026061274978,0.06518253645244101,0.0415569902282311,0.05724002272416352,0.03455279364781222,0.06094601194121144,0.044996166879672256,0.06318189225583215,18.990000000000002,19.409999999999997,19.746,20.094,0.2,19.17,19.61,20.002,21.071,0.1,-1.0414715837092337,-0.9786183979582471,48.57819905213269,43.25637910085053,1.7893669634025728,4,9
2024/9/18 15:00,20.06,20.34,18.89,19.8,2024-09-18 15:00:00,-0.012961116650049752,0.07228315054835491,0.013958125623130665,0.04536390827517449,0.06166219839142095,-0.007912957467853587,0.07560321715817696,19.946,-0.007319763361074942,19.5,0.015384615384615422,19.4005,0.02059225277699027,19.840666666666664,-0.002049662309734035,0.051314398954182806,0.06844323780893131,0.042259088533167885,0.059460430557069656,0.035988352555929894,0.060395463586276246,0.04500706029000101,0.06225734819440422,18.990000000000002,19.455,19.769000000000002,20.094,0.8,19.177,19.655,20.002,21.071,0.6583333333333333,0.5614582239116592,-0.033877213044937446,58.979206049149326,51.195652173913054,1.4312063808574271,2,9
2024/9/19 15:00,19.99,20.24,19.38,19.61,2024-09-19 15:00:00,-0.01900950475237614,0.04302151075537766,0.012506253126563283,0.01150575287643824,-0.009595959595959713,-0.0034895314057826754,0.00959595959595948,19.704,-0.004770604953309034,19.604000000000003,0.0003060599877574308,19.3815,0.011789593168743409,19.823833333333333,-0.010786679333798553,0.04600289909104207,0.06348989522967532,0.04091669261193915,0.05848580977539066,0.03559905721360402,0.05991229393660844,0.04380913677874172,0.06038905796518068,18.990000000000002,19.455,19.746,20.094,0.6,19.177,19.625,19.884999999999998,21.071,0.5,0.3264521532763335,-0.1787344314729064,45.11627906976743,51.53172866520788,0.843651825912956,3,9
2024/9/20 15:00,19.94,19.94,18.81,18.88,2024-09-20 15:00:00,-0.05315947843530603,0.056670010030090395,0.0,0.003510531594784367,-0.03722590515043345,-0.002501250625312479,0.016828148903620697,19.345999999999997,-0.024087666701126723,19.587,-0.03609536937764848,19.3435,-0.02396153746736629,19.8095,-0.0469219313965522,0.04731383963147381,0.06626724467339909,0.04238869862468346,0.058940044820952886,0.036363682464210005,0.05977402623603273,0.04372459556623632,0.05943998190991358,18.871,19.255,19.746,20.094,0.35,19.17,19.595,19.884999999999998,21.071,0.16666666666666666,-0.6567177181169294,-0.7729525145166147,27.122641509433976,51.87224669603524,1.0699297893681066,4,9
2024/9/23 15:00,19.64,20.1,18.87,19.18,2024-09-23 15:00:00,-0.023421588594704727,0.06262729124236255,0.023421588594704727,0.01578411405295309,0.0158898305084747,-0.015045135406218657,0.04025423728813568,19.224,-0.0022888056595922017,19.628000000000004,-0.02282453637660505,19.3155,-0.007015091506820967,19.78666666666667,-0.030660377358490688,0.04665413425461606,0.06610931437478215,0.04232131897776663,0.06108819061185581,0.0365440532728229,0.06052564396270782,0.04344564561535167,0.05906121117472736,18.871,19.18,19.655,20.094,0.525,19.17,19.57,19.812,21.071,0.35,-0.1934852522647149,-0.5050341067679546,33.02961275626424,55.97765363128491,1.2011914460285136,0,9
2024/9/24 15:00,19.51,21.99,18.97,20.48,2024-09-24 15:00:00,0.049718093285494556,0.15479241414659145,0.07739620707329564,0.027678113787801262,0.0677789363920751,-0.00661914460285129,0.017205422314911463,19.59,0.04543134252169477,19.791,0.034813804254459096,19.380499999999998,0.056732282448853366,19.797333333333334,0.03448275862068963,0.04523753839254682,0.07787887534455543,0.047040856737901135,0.07153070589849819,0.03897123499820796,0.0653226087344237,0.044081280094845125,0.06003100981955856,18.871,19.255,19.769000000000002,20.499000000000002,0.9,19.17,19.57,19.857,21.071,0.7833333333333333,1.4740215395311151,0.5667364516168437,57.172557172557184,57.266811279826456,3.170148641722193,1,9
2024/9/25 15:00,22.01,25.24,20.81,20.97,2024-09-25 15:00:00,-0.047251249432076446,0.20127214902317125,0.1467514766015446,0.00726942298955021,0.02392578125,0.12813941568426457,0.07470703125000006,19.824,0.057808716707021646,19.884999999999998,0.05456374151370384,19.441,0.0786482176842755,19.827333333333335,0.0576308799300627,0.03923678307933723,0.10367667503951869,0.04364042431003686,0.08605995642422497,0.038772537215577024,0.07338321167882214,0.043929470971717295,0.06203792426950637,18.871,19.255,19.793,20.685000000000002,1.0,19.177,19.595,20.002,21.071,0.8833333333333333,1.857005562160018,0.9435213672294401,77.88461538461536,63.129102844638936,4.220676965015901,2,9
2024/9/26 15:00,21.38,24.94,20.51,24.8,2024-09-26 15:00:00,0.15996258185219842,0.20720299345182414,0.006548175865294695,0.040692235734331034,0.18264186933714832,-0.028623353021353992,0.01955174058178351,20.862000000000002,0.18876426037772018,20.282999999999998,0.22269881181284837,19.702,0.2587554562988528,19.920166666666667,0.2449695032672083,0.08270409681366436,0.13651297157880798,0.07097066921380586,0.10000143340424161,0.0555295654431882,0.08107468058605585,0.049712940875419505,0.0648304767350354,18.871,19.255,19.869,20.835,1.0,19.177,19.625,20.039,21.264000000000003,0.9833333333333333,3.5040220358198173,3.567554826165501,86.54970760233917,73.01841473178541,5.138634237605238,3,9
2024/9/27 15:00,28.94,46.25,27.97,34.07,2024-09-27 15:00:00,0.17726330338631646,0.6316516931582585,0.4208707671043538,0.0335176226675882,0.37379032258064515,0.35360149672591223,0.16693548387096777,23.9,0.42552301255230135,21.622999999999998,0.5756370531378626,20.439,0.6669112970301874,20.174166666666668,0.6887934239332478,0.15025800255327867,0.2515093082044416,0.13141074820449922,0.1588882764389203,0.09744426025470067,0.11119039625054439,0.06867454790792503,0.07440782519060062,18.871,19.395,20.165,21.353000000000005,1.0,19.18,19.655,20.174,21.305,1.0,3.8704873681483787,6.106217359983264,95.4145728643216,85.61452513966479,21.520373185901867,4,9
2024/9/30 15:00,45.1,48.32,40.23,46.55,2024-09-30 15:00:00,0.03215077605321498,0.17937915742793797,0.03924611973392468,0.10798226164079833,0.3663046668623422,0.5583966827919833,0.3237452304079836,29.374000000000002,0.5847347994825354,24.299,0.9157166961603357,21.8395,1.1314590535497606,20.639833333333332,1.2553476691510752,0.16325168566289758,0.2748596814415567,0.1576722481254905,0.17048449790816939,0.12097958954474618,0.11470715773951234,0.08242886013841061,0.07668732526311078,18.999,19.7,20.537,25.727000000000015,1.0,19.18,19.69,20.452,21.39,1.0,3.642102660480334,6.338809312568059,,90.87957497048406,8.350099778270511,0,9
2024/10/8 15:00,69.76,69.76,52.2,56.19,2024-10-08 15:00:00,-0.19452408256880743,0.25172018348623854,0.0,0.05719610091743112,0.2070891514500537,0.5467849223946786,0.4986036519871108,36.516,0.5387775221820572,28.052999999999997,1.0029943321569887,23.7435,1.3665424221365847,21.272,1.6415005641218503,0.145332452538154,0.2942452353094861,0.15056395475359366,0.18606205532702075,0.12426446842242952,0.12165103902559213,0.08579728826499104,0.07889647858028212,19.113,19.795,20.715,35.31800000000002,1.0,19.229,19.715,20.501,21.89,1.0,3.1879805555166825,5.692514757517054,,92.70193670288143,14.144157110091744,1,10
2024/10/9 15:00,57.0,57.0,42.33,46.4,2024-10-09 15:00:00,-0.18596491228070178,0.25736842105263164,0.0,0.07140350877192983,-0.17423029008720414,-0.18291284403669728,0.01441537640149497,41.602,0.11533099370222591,30.713,0.5107609155732099,25.1065,0.8481269790691652,21.722,1.1360832335880673,0.22241056697923478,0.3054644897153782,0.17766847044412948,0.2045705823774484,0.13526615609366127,0.13201550646725904,0.08927755210811973,0.08232784893823644,19.141000000000002,19.915,20.865,46.415,0.9,19.229,19.729999999999997,20.586000000000002,23.315,0.9666666666666667,1.8855433858710438,3.5596329202766976,78.48351648351648,74.9123490455785,11.941894736842107,2,10
2024/10/10 15:00,47.08,48.11,39.18,39.18,2024-10-10 15:00:00,-0.16779949022939675,0.18967714528462193,0.021877655055225174,0.0,-0.15560344827586203,-0.17403508771929832,0.014655172413793098,44.477999999999994,-0.1191150681235666,32.67,0.19926538108356284,26.137,0.499024371580518,22.046333333333333,0.7771662710352439,0.27162867764045245,0.30195932008193777,0.19315013738437395,0.21923614583037287,0.14206962440012588,0.13886097780288173,0.09205081268365252,0.0843758080063733,19.480999999999998,20.255000000000003,22.118999999999996,46.415,0.85,19.229,19.74,20.691,24.876,0.95,1.1242696001192265,2.352298022716918,67.43251005169444,65.84488957370313,7.431550552251487,3,10
2024/10/11 15:00,39.1,44.47,35.85,42.54,2024-10-11 15:00:00,0.08797953964194367,0.2204603580562659,0.04936061381074168,0.08312020460358056,0.08575803981623276,-0.16949872557349188,-0.0020418580908626413,46.172,-0.07866239279216837,35.036,0.2141797008790957,27.311500000000002,0.557585632425901,22.429333333333332,0.8966234692664369,0.23307617279796236,0.21972105306153922,0.18821112987525648,0.2356151806329904,0.142239987085735,0.14727761272697165,0.09244456486375953,0.08739655253606925,19.736,20.575000000000003,27.58099999999999,46.415,0.85,19.229,19.75,20.764,26.411000000000012,0.95,1.2661615428974229,2.598046196073396,67.13678516228748,68.6812284447364,9.378383631713552,4,10
2024/10/14 15:00,43.42,44.92,35.61,35.67,2024-10-14 15:00:00,-0.17848917549516352,0.2144173192077384,0.03454629203132197,0.0013818516812529312,-0.16149506346967557,0.1104859335038364,0.02068641278796433,43.996,-0.1892444767706155,36.685,-0.027667984189723334,28.1565,0.26684779713387674,22.702999999999996,0.5711579967405193,0.1753643711811921,0.2267286854174993,0.20459536433319198,0.250794183429528,0.14934372810375027,0.1559411870206919,0.09518725715048042,0.09016506164105877,19.797,20.745,34.55,46.415,0.75,19.264,19.775,20.826,34.230000000000004,0.9166666666666666,0.6266877994964043,1.638347216688113,51.620745542949756,62.77394175923146,7.648265776140029,0,10
2024/10/15 15:00,36.27,36.62,30.54,30.82,2024-10-15 15:00:00,-0.1502619244554729,0.1676316515026192,0.009649848359525622,0.0077198786876206535,-0.13596860106532105,-0.16467065868263464,0.01682085786375109,38.922000000000004,-0.20815990956271524,37.719,-0.18290516715713567,28.755000000000003,0.0718135976351938,22.89716666666667,0.34601806628185416,0.10935973680890602,0.20991097902077543,0.21595408592679408,0.25207810716513074,0.15442789764960257,0.16180440653181447,0.09712295352472881,0.09237891567582608,19.961000000000002,20.895,34.55,46.415,0.65,19.320999999999998,19.795,20.87,34.230000000000004,0.8833333333333333,0.17503813718900776,0.9941749146124079,31.152647975077883,57.835608646188845,5.166407499310724,1,10
2024/10/16 15:00,30.89,31.08,29.53,30.03,2024-10-16 15:00:00,-0.02784072515377143,0.05017805114923914,0.006150857882809897,0.016186468112657816,-0.025632706035042196,-0.14833195478356775,0.0022712524334847595,35.648,-0.15759649910233398,38.625,-0.22252427184466017,29.255000000000003,0.02649119808579725,23.076000000000004,0.3013520540821631,0.10713470234531283,0.16847290504009693,0.21746840324006644,0.23696869737773754,0.15486570428194465,0.16151432690098128,0.09724340092470508,0.09208986742366412,20.276,22.884999999999998,34.55,46.415,0.6,19.386,19.8,20.949,34.230000000000004,0.8666666666666667,0.06670258518965703,0.8684395233838678,10.21897810218978,57.346305696559504,1.5068468760116516,2,10
2024/10/17 15:00,29.89,31.18,29.54,29.68,2024-10-17 15:00:00,-0.0070257611241218085,0.054867848778855824,0.043158246905319476,0.004683840749414539,-0.011655011655011704,-0.032372936225315674,-0.004662004662004681,33.748000000000005,-0.12054047647267999,39.113,-0.24117301153069312,29.697999999999997,-0.0006061014209710126,23.25283333333333,0.27640359239375856,0.10039409270025784,0.14151104573894374,0.2135674751305369,0.22173518291044073,0.1551378713229191,0.16086830815734116,0.09724233204983383,0.09237523815391496,20.276,27.240000000000002,34.55,46.415,0.55,19.465999999999998,19.895,20.994,34.230000000000004,0.85,-0.0015723471417877957,0.799935397050192,14.334470989761101,57.655231074567624,1.6284777517564408,3,10
2024/10/18 15:00,29.69,50.86,29.39,37.15,2024-10-18 15:00:00,0.25126305153250245,0.7231391040754462,0.46177164028292356,0.010104412260020233,0.25168463611859826,-0.006691201070592179,0.0003369272237197292,32.67,0.13712886440159158,39.42100000000001,-0.05760888866340295,30.522000000000002,0.21715483913242895,23.555833333333332,0.5771040435843917,0.16380333491148824,0.2420467949427798,0.19483048677051182,0.23088392400215949,0.16263861297347418,0.1948861002205399,0.1020266912067274,0.10384426611084234,20.276,29.855,36.114,46.415,0.75,19.552999999999997,20.009999999999998,21.113,35.818000000000005,0.9166666666666666,0.5836269512808866,1.655560753639589,45.71549176867877,61.56221850469696,26.864617716402826,4,10
2024/10/21 15:00,39.49,43.81,35.75,36.54,2024-10-21 15:00:00,-0.07470245631805528,0.20410230438085597,0.10939478348949101,0.020005064573309677,-0.01641991924629882,0.3300774671606601,0.0629878869448184,32.844,0.11253196930946285,38.42,-0.04893284747527336,31.359500000000004,0.16519714918924072,23.845166666666668,0.5323860181308581,0.14328825572060896,0.23998379197740327,0.153450046917666,0.2333562386974513,0.16203319999425625,0.20192036830281035,0.10211042414769504,0.10669041562830103,20.823,30.425,36.723,46.415,0.7,19.601,20.045,21.272000000000002,36.601,0.9,0.4650771622851575,1.5187138686463044,35.67335243553008,60.42586341210075,7.457898202076477,0,10
2024/10/22 15:00,36.66,37.92,33.94,35.01,2024-10-22 15:00:00,-0.04500818330605561,0.10856519367157677,0.034369885433715365,0.029187124931805794,-0.041871921182266014,-0.07166371233223612,0.003284072249589421,33.682,0.03942758743542532,36.302,-0.035590325601895255,32.177499999999995,0.08802734830238532,24.113,0.4519139053622527,0.12378120155094378,0.22817050041119483,0.1324118693011693,0.2190407397159851,0.16155884427107872,0.20255139752150292,0.10231677562527662,0.10795691928704657,23.651,32.445,36.723,46.415,0.6,19.631,20.25,21.315,36.601,0.8666666666666667,0.26347644013764043,1.2886716466678867,47.88461538461538,58.99308224442736,3.8008674304419023,1,10
2024/10/23 15:00,35.35,36.76,33.32,33.8,2024-10-23 15:00:00,-0.043847241867043966,0.09731258840169725,0.03988684582743979,0.01357850070721349,-0.03456155384175952,-0.03573376977632281,0.009711510996858139,34.436,-0.018469044023696212,35.042,-0.035443182466754306,32.8775,0.028058702760246353,24.35783333333333,0.3876439475322793,0.12486612765633776,0.23759740786168643,0.12358097818332396,0.2030351564508917,0.16241503004669353,0.20380286941417003,0.10251405001221774,0.10902607467197281,28.216,33.935,36.723,46.415,0.5,19.661,20.46,21.47,36.601,0.8333333333333334,0.08912629949251465,1.108092686883382,62.45819397993309,55.965005302226935,3.2891654879773666,2,10
2024/10/24 15:00,33.41,33.56,31.0,31.83,2024-10-24 15:00:00,-0.04729123017060756,0.07662376533971872,0.00448967375037431,0.024842861418736855,-0.05828402366863905,-0.054879773691654976,-0.011538461538461556,34.866,-0.08707623472724148,34.307,-0.0722010085405312,33.4885,-0.04952446362184044,24.564833333333336,0.29575477138728107,0.13032421819440426,0.24194859117385903,0.11569661626570864,0.19172981845640136,0.16353537078018762,0.2054829821433871,0.10294005910669608,0.10955028176823707,29.925,33.935,36.723,46.415,0.45,19.698,20.515,22.169999999999995,36.601,0.8166666666666667,-0.16793469426592558,0.8497594470882761,56.84931506849315,48.35632521279718,2.438934450763247,3,10
2024/10/25 15:00,32.2,35.2,31.9,32.46,2024-10-25 15:00:00,0.00807453416149062,0.10248447204968957,0.08509316770186341,0.009316770186335536,0.019792648444863392,-0.03621670158635126,0.011624253848570675,33.928,-0.04326809714689921,33.299,-0.025195951830385255,34.167500000000004,-0.04997439086851549,24.778000000000002,0.31003309387359745,0.029815512691728274,0.11781766476870767,0.11111308856546166,0.1799322298557437,0.16268466492855693,0.20777370524436706,0.10294379820361696,0.11029991694701265,30.583000000000002,33.935,36.723,46.415,0.45,19.730999999999998,20.61,23.644999999999996,36.601,0.8166666666666667,-0.18426268796378184,0.8948231578943604,60.35767511177348,37.484455498312315,3.3266459627329232,4,10
2024/10/28 15:00,33.63,36.12,33.63,34.15,2024-10-28 15:00:00,0.015462384775497948,0.07404103479036558,0.05857865001486764,0.0,0.05206407886629694,0.0444099378881988,0.03604436229205181,33.45,0.020926756352765193,33.147,0.03025914864090265,34.916000000000004,-0.021938366364990414,25.017166666666665,0.3650626569755435,0.0465212535498012,0.0918054108506096,0.10129288446344369,0.16589460141400642,0.16261590584030028,0.20834439242176722,0.10306242750390598,0.11020288732107059,31.526999999999997,34.11,36.723,46.415,0.55,19.730999999999998,20.705,25.028,36.601,0.85,-0.08937303372908675,1.0566016777022105,30.36649214659687,27.203144393876713,2.5285013380909844,0,10
2024/10/29 15:00,34.69,35.38,33.56,33.61,2024-10-29 15:00:00,-0.031132891323147834,0.052464687229749216,0.01989045834534462,0.0014413375612567646,-0.015812591508052698,0.031519476657746015,0.015812591508052684,33.17,0.013264998492613738,33.426,0.005504696942499775,35.572500000000005,-0.05516902101342344,25.259,0.3306148303574963,0.04379815774514589,0.08058530956224408,0.08986505342989037,0.1543779049867194,0.16295866595303457,0.20322800607592512,0.10293508691148008,0.11013374500068465,32.271,34.11,36.723,46.415,0.4,19.74,20.78,26.79599999999999,36.601,0.8,-0.24898348737200737,0.9623022215539305,30.647291941875835,33.64031721667945,1.763338137791871,1,10
2024/10/30 15:00,33.96,34.37,33.63,34.21,2024-10-30 15:00:00,0.007361601884570082,0.021790341578327294,0.004711425206124752,0.009717314487632458,0.01785182981255584,-0.021043528394349864,0.010413567390657585,33.251999999999995,0.028810297124985132,33.844,0.010814324547925767,36.2345,-0.05587216602961256,25.500666666666667,0.34153355467830904,0.04189100138230741,0.0654808601975701,0.08889228158281066,0.15153913402962824,0.162989138943101,0.19425391570368292,0.1029099633833613,0.10981152785848458,33.265,34.18,36.723,46.415,0.55,19.754,20.83,29.785,36.601,0.85,-0.28477304199985276,0.9984582191614692,43.97590361445785,42.34678164459501,0.7454475853945768,2,10
2024/10/31 15:00,34.39,37.82,34.39,36.34,2024-10-31 15:00:00,0.056702529805176004,0.0997382960162838,0.04303576621110779,0.0,0.062262496346097596,0.012661955241460632,0.005261619409529369,34.154,0.06400421619722432,34.510000000000005,0.05302810779484202,36.8115,-0.012808497344579789,25.777333333333335,0.40976568561526927,0.03098360944517383,0.07010376633288311,0.08938329428634,0.15602617875337105,0.15948445921196527,0.18888068083190587,0.10308428504159142,0.11101618592905055,33.742999999999995,34.61,36.723,46.415,0.65,19.781,20.89,30.267,36.601,0.8833333333333333,-0.07164613431129019,1.2003185601588762,66.79894179894183,40.076824583866845,3.6244896772317534,3,10
2024/11/1 15:00,36.83,38.62,36.78,37.1,2024-11-01 15:00:00,0.007330980179201823,0.04995927233233767,0.04127070323106153,0.0013575889220743187,0.02091359383599345,0.07095085780750221,0.013483764446890336,35.082,0.05752237614731203,34.504999999999995,0.07520649181278094,36.963,0.0037064091118145293,26.053166666666662,0.4240111566732134,0.03092031657262533,0.059598726389412736,0.04027132690300799,0.08870819557906018,0.13747992997776987,0.15979605979060982,0.103030736329396,0.1107294374828482,33.742999999999995,35.34,37.115,46.415,0.7,19.781,20.955,31.122999999999998,37.105000000000004,0.9,0.020918194966975494,1.2423123196594728,91.496062992126,52.845204934341425,1.8534890035297276,4,11
2024/11/4 15:00,38.44,39.2,37.5,37.52,2024-11-04 15:00:00,-0.023933402705514948,0.044224765868886656,0.01977107180020825,0.0005202913631634529,0.01132075471698113,0.04371436329079548,0.03611859838274922,35.756,0.04933437744714182,34.603,0.08429904921538599,36.5115,0.027621434342604525,26.344166666666663,0.4242242115585364,0.028049238632921098,0.05363547260511694,0.03992309691295061,0.07272044172786325,0.10947589523461386,0.15303834021265728,0.10290815318395963,0.11067981780612932,33.742999999999995,35.34,37.115,42.926,0.8,19.781,21.009999999999998,32.019,37.187,0.9166666666666666,0.16390689892435995,1.2448048176896984,91.20521172638438,66.18357487922705,1.6593132154006274,0,11
2024/11/5 15:00,37.92,40.37,37.0,37.18,2024-11-05 15:00:00,-0.019514767932489505,0.08887130801687756,0.0646097046413501,0.004746835443037967,-0.009061833688699505,-0.013527575442247586,0.010660980810234503,36.470000000000006,0.019468055936385897,34.82000000000001,0.06777713957495668,35.561,0.045527403616321245,26.618166666666664,0.3967904125628488,0.026025596522969964,0.06091679676254262,0.03703588932195179,0.07075105316239333,0.09742814143459147,0.1448958964391892,0.10292536531273,0.11162129304607551,33.742999999999995,35.34,37.115,39.516000000000005,0.8,19.781,21.155,32.805,37.214,0.9,0.39797659465490287,1.1664621003152669,81.62839248434236,67.65432098765432,3.3042352320675077,1,11
2024/11/6 15:00,37.42,38.41,35.39,35.51,2024-11-06 15:00:00,-0.05104222340994131,0.08070550507749856,0.026456440406199756,0.0032068412613574944,-0.0449166218396988,-0.013185654008438852,0.006455083378160355,36.730000000000004,-0.03321535529539901,34.991,0.014832385470549523,35.0165,0.014093355989319246,26.784,0.32579151732377537,0.039412650626417474,0.07269982946237688,0.038434482806136684,0.06909034482997346,0.09040908922011474,0.13606275064043255,0.09913080089066252,0.11014088750984456,33.742999999999995,35.26,36.708,37.68600000000001,0.55,19.781,21.155,33.667,37.214,0.8,0.15563912866955562,0.9561989455076793,66.04729729729726,63.514140009272126,2.8658524853019736,2,11
2024/11/7 15:00,36.07,36.53,33.99,34.69,2024-11-07 15:00:00,-0.038258940948156434,0.07041863044080951,0.012752980316052145,0.019406709176600936,-0.023092086736130724,-0.03607696419027262,0.01577020557589418,36.4,-0.046978021978022005,35.277,-0.016639736939082213,34.792,-0.002931708438721656,26.976333333333333,0.28594199854193175,0.026440240441002252,0.06683589634728201,0.03318665731476138,0.06846983134008254,0.08374711157726601,0.13009982489824196,0.09828538627305257,0.11015283379479009,33.742999999999995,34.849999999999994,36.4,37.214,0.5,19.781,21.155,33.881,37.214,0.7666666666666667,-0.03382353750081707,0.841246315169725,53.90879478827358,41.75603217158177,2.442822289991682,3,11
2024/11/8 15:00,36.39,36.91,34.49,34.6,2024-11-08 15:00:00,-0.04918933773014562,0.06650178620500123,0.014289640010991922,0.0030228084638636832,-0.002594407610262195,0.008871638480731914,0.04900547708273286,35.9,-0.03621169916434533,35.491,-0.025104956186075295,34.394999999999996,0.005960168629161373,27.190499999999997,0.27250326400764996,0.02141009605873807,0.07014439912181474,0.03314268706287853,0.0648715627556137,0.08111566589375574,0.1224018963056787,0.09785449320878069,0.10944495758196746,33.742999999999995,34.644999999999996,35.871,37.153,0.5,19.781,21.155,34.094,37.214,0.75,0.08533790736422063,0.8057988007393323,28.780487804878035,43.26388888888889,2.3009618026930427,4,11
2024/11/11 15:00,35.89,35.89,29.69,30.14,2024-11-11 15:00:00,-0.1602117581499025,0.17275006965728612,0.0,0.012538311507383652,-0.12890173410404626,-0.013740038472107696,0.03728323699421963,34.424,-0.12444805949337669,35.09,-0.1410658307210032,34.1185,-0.1166082916892594,27.337,0.10253502578922342,0.051369348569487085,0.09584945987949463,0.05056464387911642,0.07474246624230577,0.07812652181104379,0.12031853382815609,0.09946345058609297,0.11066578829009775,33.265,34.405,35.759,37.153,0.15,19.781,21.155,34.094,37.214,0.6,-1.5536396320490287,0.30565122365239017,5.384615384615401,35.949221004039245,5.206687099470604,0,11
2024/11/12 15:00,31.01,31.01,28.37,29.16,2024-11-12 15:00:00,-0.05965817478232832,0.0851338277974847,0.0,0.025475653015156374,-0.032514930325149294,-0.13597102256896065,0.028865295288652986,32.82,-0.11151736745886655,34.644999999999996,-0.1583201039110982,34.0355,-0.1432474915896637,27.468,0.06159895150720839,0.04864082741867671,0.09510196383561605,0.051007733745692584,0.0780093802990793,0.07224729378187829,0.11619364264289937,0.09960401407633854,0.11147539959559186,33.265,34.405,35.759,37.153,0.05,19.781,21.155,34.094,37.214,0.55,-1.808018057334407,0.18514123323699314,0.0,36.43274853801171,2.482502418574654,1,11
2024/11/13 15:00,29.47,29.64,27.74,28.03,2024-11-13 15:00:00,-0.04886325076348822,0.06447234475738046,0.005768578215134093,0.009840515778758151,-0.0387517146776406,-0.04966139954853277,0.010631001371742069,31.324,-0.10515898352700806,34.027,-0.17624239574455577,33.935500000000005,-0.1740213051229539,27.584333333333337,0.016156513963239912,0.04876593018619431,0.09185533177159243,0.05035580449830615,0.08227758061698462,0.07254669703335459,0.11690835732330643,0.09976338660346287,0.11120979355419443,33.265,34.405,35.759,37.153,0.05,19.781,23.03,34.094,37.214,0.5333333333333333,-2.0479902775140677,0.04897311770308089,0.0,38.314883148831505,1.8071598235493744,2,11
2024/11/14 15:00,28.47,28.47,27.35,28.27,2024-11-14 15:00:00,-0.007024938531787822,0.03933965577801186,0.0,0.032314717246224034,0.008562254727078056,-0.03393281303020024,0.015697466999643157,30.04,-0.05892143808255658,33.22,-0.14900662251655628,33.865,-0.16521482356415185,27.708166666666667,0.020276813695119942,0.05411064352637784,0.08563953683903289,0.04312663882181247,0.07623771659315744,0.07253313736267195,0.11613194767326425,0.09973160595942264,0.11129505285857402,33.265,34.405,35.759,37.153,0.1,19.781,26.415,34.094,37.214,0.5333333333333333,-1.8602601990749439,0.06203064035156885,3.1088082901554372,36.7989918084436,1.1121320688443952,3,11
2024/11/15 15:00,29.02,30.05,27.76,28.24,2024-11-15 15:00:00,-0.02687801516195731,0.07891109579600272,0.03549276361130259,0.016540317022742827,-0.0010611956137248635,0.019318580962416565,0.026529890343119915,28.768,-0.018353726362625215,32.334,-0.12661594606296792,33.4195,-0.15498436541540123,27.8245,0.014932882890977304,0.05437111421284396,0.0881213987572332,0.04110158828081798,0.07913289893952394,0.04190408559276978,0.08392054725929206,0.09973093313157871,0.11219891046688106,32.271,34.18,35.16,37.108000000000004,0.1,19.781,28.134999999999998,34.094,37.214,0.5166666666666667,-1.6433054189579355,0.04607519669827097,3.463203463203456,29.204785362420836,2.2284493452791168,4,11
2024/11/18 15:00,29.34,31.16,28.66,30.8,2024-11-18 15:00:00,0.0497614178595774,0.08520790729379686,0.01226993865030673,0.023176550783912737,0.09065155807365444,0.01102687801516189,0.03895184135977342,28.9,0.06574394463667828,31.662,-0.027225064746383625,33.1325,-0.07039915490832263,27.988833333333332,0.1004388654999316,0.051736080997142456,0.07061296628453534,0.05457464157464564,0.08323121308201496,0.04783145704422457,0.07797582740493911,0.10022795324929389,0.11291164175759859,31.521,33.974999999999994,34.785999999999994,37.108000000000004,0.3,19.781,28.255,34.094,37.214,0.6,-0.7490641520018553,0.3130459661725097,29.787234042553195,41.343191620455954,2.6244035446489433,0,11
2024/11/19 15:00,30.97,31.97,30.53,30.91,2024-11-19 15:00:00,-0.001937358734258919,0.046496609622214975,0.03228931223764934,0.012269938650306718,0.0035714285714285587,0.05555555555555558,0.00551948051948046,29.25,0.05675213675213676,31.034999999999997,-0.004027710649266843,32.927499999999995,-0.061270974109786505,28.163333333333334,0.09752633447745293,0.04746970328396651,0.0628855226494814,0.05495376428685486,0.0789937432425487,0.047182705299851684,0.07487239820247102,0.10012891099870899,0.11278993588839512,30.877,33.705,34.627,37.108000000000004,0.35,19.781,28.715,34.094,37.214,0.6166666666666667,-0.6468973837240211,0.3074924118195521,57.623762376237615,39.51715374841169,1.4372102034226648,1,11
2024/11/20 15:00,31.31,31.63,29.54,29.67,2024-11-20 15:00:00,-0.052379431491536156,0.06675183647396997,0.010220376876397326,0.0041520281060364915,-0.04011646716273043,0.010978366160800723,0.01294079585894528,29.577999999999996,0.003110419906687601,30.451,-0.025647761978260117,32.721000000000004,-0.09324287155038054,28.333000000000002,0.0471887904563583,0.04784122337194436,0.0633414209927993,0.05470228568898601,0.07759837638219584,0.04738102032821021,0.07334436060608465,0.10006993932505312,0.11251423120217698,30.602,33.035,34.627,37.108000000000004,0.25,19.797,29.415,34.094,37.214,0.5166666666666667,-0.9553037265464527,0.15088026808653543,54.80225988700567,27.542087542087543,1.980526988182689,2,11
2024/11/21 15:00,29.72,29.81,27.8,28.04,2024-11-21 15:00:00,-0.05652759084791385,0.06763122476446831,0.003028263795423952,0.0080753701211305,-0.05493764745534213,-0.050782497604599186,0.0016852039096729745,29.532,-0.050521468237843724,29.786,-0.058618142751628355,32.5315,-0.1380661820082075,28.467166666666667,-0.015005591236687935,0.056697323762209074,0.06899973479009058,0.0560440677408522,0.07731963581456172,0.0471899846891268,0.07289473357732214,0.10041711575188073,0.11276333655243923,29.999000000000002,33.035,34.627,37.108000000000004,0.1,19.797,29.415,34.094,37.214,0.45,-1.3376984157714171,-0.048577253264635974,50.08605851979345,21.18320610687023,1.8963795423956915,3,11
2024/11/22 15:00,28.37,32.62,27.51,32.3,2024-11-22 15:00:00,0.13852661261896354,0.18011984490659133,0.011279520620373644,0.03031371166725412,0.15192582025677592,-0.045423956931359255,0.011768901569186942,30.344,0.06446084893224348,29.556,0.09284070916226811,32.5235,-0.006871954125478542,28.678166666666662,0.1262923594604491,0.08856278815365343,0.08924148461220831,0.0781846632684953,0.08868144168472072,0.05871972349507533,0.07677650222016721,0.10199568987757242,0.11477474456685567,29.999000000000002,32.955,34.627,37.108000000000004,0.5,19.961000000000002,29.675,34.094,37.214,0.6333333333333333,-0.0665574220309325,0.41488096477138836,70.49847405900303,36.656441717791395,5.817870990482899,4,11
2024/11/25 15:00,33.51,35.67,31.59,32.91,2024-11-25 15:00:00,-0.01790510295434203,0.12175470008952557,0.06445837063563127,0.039391226499552276,0.018885448916408754,0.1811772999647514,0.03746130030959755,30.766,0.06968731716830262,29.833,0.10314081721583476,32.4615,0.013816367081003518,28.897666666666666,0.13884627363224242,0.08188366956982669,0.09655084317135405,0.06480848060152031,0.08358190472794468,0.05767141439325212,0.07916218548512523,0.1019931338087052,0.11601074062320008,29.999000000000002,32.605,34.627,37.108000000000004,0.55,20.345,29.855,34.094,37.214,0.65,0.13437083709857153,0.46296467686751325,72.43035542747357,39.233484619263734,4.006947179946287,0,11
2024/11/26 15:00,33.45,33.74,29.36,30.53,2024-11-26 15:00:00,-0.08729446935724967,0.13094170403587452,0.008669656203288464,0.03497757847533637,-0.07231844424187162,-0.001790510295434089,0.016408386508660174,30.689999999999998,-0.005213424568263167,29.97,0.018685352018685427,32.3075,-0.05501818463205127,29.086833333333335,0.04961580554775642,0.09123209895488449,0.11343986205408596,0.06884854524283822,0.08816269235178366,0.05981605946174984,0.08308603632543148,0.10245364752101975,0.1172122170452601,29.999000000000002,31.604999999999997,34.627,37.108000000000004,0.4,20.613,30.085,34.094,37.214,0.5333333333333333,-0.530119543706094,0.1683134225865488,48.68035190615836,37.877312560856865,3.997650224215249,1,11
2024/11/27 15:00,30.65,32.44,29.19,29.82,2024-11-27 15:00:00,-0.027079934747145134,0.1060358890701467,0.058401305057096224,0.02055464926590535,-0.023255813953488413,-0.08370702541106145,0.003930560104814853,30.72,-0.029296874999999955,30.148999999999994,-0.010912468075226164,32.088,-0.07068062827225133,29.2545,0.01933035943188228,0.08964462836349464,0.1212966725733213,0.06788094566213136,0.09231904678306027,0.05976388670086697,0.08729831370002246,0.10252927136863528,0.11831181369417583,29.775000000000002,30.855,34.627,37.108000000000004,0.35,20.775000000000002,30.085,34.094,37.214,0.48333333333333334,-0.6738795080618453,0.06663351432797046,44.96768236380424,38.081253059226626,3.1619902120717747,2,11
2024/11/28 15:00,30.0,31.35,28.04,28.33,2024-11-28 15:00:00,-0.055666666666666725,0.11033333333333341,0.04500000000000005,0.009666666666666638,-0.04996646545942329,-0.021207177814029365,0.006036217303822928,30.778,-0.0795373318604198,30.155,-0.06052064334272932,31.6875,-0.10595660749506909,29.400333333333332,-0.03640548293103255,0.0888507637530773,0.12983709428709433,0.07032461329119885,0.09941841453859243,0.05835111694808004,0.08782806556587494,0.10280441542817359,0.11926114232794555,29.517000000000003,30.665,33.416999999999994,37.108000000000004,0.25,20.925,30.085,34.094,37.214,0.4166666666666667,-1.0146295969735761,-0.1275373550408621,43.95306859205775,35.639028859367826,3.125743333333335,3,11
2024/11/29 15:00,28.63,31.07,27.8,27.8,2024-11-29 15:00:00,-0.028990569332867564,0.1142158574921411,0.08522528815927354,0.0,-0.018708083303918044,-0.045666666666666744,0.01058948111542537,29.877999999999997,-0.06954950130530813,30.110999999999997,-0.07674936069874785,31.222499999999997,-0.10961646248698843,29.5415,-0.058950967283313255,0.03445282760574928,0.11665629680420428,0.07064008671713223,0.10294889070820627,0.057889117730454284,0.0910408948238651,0.10283046384212415,0.12067578362167311,28.911,30.335,32.483,35.677,0.05,23.650999999999996,30.085,34.094,37.214,0.3333333333333333,-1.0835895471545935,-0.21005539881808838,48.79759519038077,43.463687150837984,3.1752008382815227,4,11
2024/12/2 15:00,28.82,30.0,28.81,29.31,2024-12-02 15:00:00,0.017002081887578017,0.04129077029840393,0.023941707147814063,0.0003469812630118516,0.0543165467625899,0.00663639538945171,0.03669064748201437,29.157999999999998,0.00521297757047812,29.961999999999996,-0.021760897136372657,30.812,-0.04874724133454506,29.721,-0.013828606036136112,0.04782963829432932,0.10056351084597996,0.06629262171771123,0.09855717700866698,0.05960357738113188,0.09089419504534096,0.1027538087555278,0.11954656433250352,28.911,29.98,31.326999999999998,34.772,0.4,26.9,30.085,34.094,37.214,0.43333333333333335,-0.5342571487645686,-0.05034257306644086,29.322268326417685,50.40694519804666,1.2102324774462192,0,12
2024/12/3 15:00,29.57,30.22,29.41,29.7,2024-12-03 15:00:00,0.004396347649644877,0.02739262766317209,0.017585390598579626,0.005410889414947587,0.013306038894575156,0.02602359472588489,0.008870692596383541,28.992,0.024420529801324448,29.841,-0.004725042726450246,30.438,-0.024246008279124764,29.914166666666667,-0.007159372649525051,0.03998949003242412,0.07985369557143947,0.0664720555548824,0.0966467788127627,0.05984360981018662,0.0878202610276557,0.10264749985753374,0.11812239883081235,28.911,29.759999999999998,30.833000000000002,34.609,0.5,27.961000000000002,30.085,34.094,37.214,0.4666666666666667,-0.3094559461123409,-0.026702287881716105,27.104136947218265,54.72018089315998,0.813561041596211,1,12
2024/12/4 15:00,30.18,31.19,29.84,29.84,2024-12-04 15:00:00,-0.011265738899933726,0.04473161033797222,0.03346587143803849,0.0,0.00471380471380467,0.020629015894487734,0.016161616161616175,28.996000000000002,0.02910746309835831,29.857999999999997,-0.0006028535065978006,30.154499999999995,-0.010429620786283818,30.092499999999998,-0.008390795048600075,0.038708901149408184,0.06759283982500457,0.06512026003568896,0.09444475619916291,0.05932427253033529,0.08602156629067939,0.10249045806534271,0.11803327446612366,28.911,29.759999999999998,30.611,33.079,0.6,28.037,30.085,34.094,37.214,0.48333333333333334,-0.15223860400834724,-0.0319827227555555,42.767295597484264,54.46276293348494,1.334791252485091,2,12
2024/12/5 15:00,30.15,30.36,29.21,29.21,2024-12-05 15:00:00,-0.031177446102819164,0.03814262023217242,0.006965174129353263,0.0,-0.021112600536193016,-0.0009940357852883386,0.010388739946380654,29.171999999999997,0.001302618949677904,29.974999999999994,-0.025521267723102373,29.8805,-0.022439383544452084,30.26983333333333,-0.035012856584388095,0.030552569148205127,0.05315469720477237,0.06264265500976668,0.09149589574593334,0.0592976825077344,0.08440776578024753,0.10243646197597264,0.11778952282712374,28.911,29.685000000000002,30.257,32.361,0.4,28.18,30.085,34.094,37.214,0.38333333333333336,-0.3776082960273719,-0.13675534716750576,43.49680170575693,52.66630016492579,1.1141459369817566,3,12
2024/12/6 15:00,29.57,30.83,28.43,28.43,2024-12-06 15:00:00,-0.03855258708150154,0.08116334122421368,0.04261075414271214,0.0,-0.026703183841150335,-0.01923714759535644,0.012324546388223192,29.298000000000002,-0.029626595672059598,29.588,-0.03913748817088013,29.571999999999996,-0.038617611253888684,30.426166666666667,-0.06560690633610326,0.032357795749836736,0.04654419395118689,0.03624324186342181,0.08160024537769557,0.05945007414064788,0.08514084353120815,0.10254313092354014,0.1182734508546195,28.4,29.490000000000002,29.93,31.049000000000003,0.35,28.261,30.085,34.094,37.214,0.35,-0.8093013581564967,-0.26220211531570126,51.25628140703519,42.778793418647155,2.3074737910043948,4,12
2024/12/9 15:00,29.28,29.92,28.19,28.67,2024-12-09 15:00:00,-0.020833333333333315,0.05908469945355192,0.021857923497267777,0.016393442622950834,0.008441786844882282,-0.009807237064592411,0.029897995075624392,29.169999999999998,-0.017140898183064673,29.163999999999998,-0.016938691537511874,29.4985,-0.028086173873247734,30.591166666666666,-0.06280135333184408,0.018290272973432352,0.050102979782216485,0.03539215485937563,0.0753332453140982,0.05226200671678529,0.07945757502102144,0.10248677831535065,0.11857243195662313,28.4,29.259999999999998,29.826,31.049000000000003,0.4,28.311999999999998,30.085,34.094,37.214,0.35,-0.5841841853502815,-0.25746147646582046,61.78861788617887,43.228536880290214,1.6939583333333337,0,12
2024/12/10 15:00,30.61,31.97,28.02,28.18,2024-12-10 15:00:00,-0.0793858216269193,0.12904279647174124,0.04442992486115647,0.005227049983665474,-0.01709103592605521,0.045423497267759405,0.06766655040111606,28.866000000000003,-0.023764983025012242,28.929000000000002,-0.025890974454699515,29.4495,-0.043107692830099006,30.746666666666666,-0.08347788378143972,0.015880422084894482,0.07043301354393032,0.028830352020493392,0.07514335455768487,0.05188889351528044,0.08165302345473427,0.10255043167364652,0.1198836908764827,28.311999999999998,29.259999999999998,29.826,31.049000000000003,0.2,28.311999999999998,30.085,34.094,37.214,0.26666666666666666,-0.8772340266311942,-0.35117589552473283,28.838951310861475,45.28182393920201,3.6364260045736683,1,12
2024/12/11 15:00,28.65,28.88,27.1,27.64,2024-12-11 15:00:00,-0.03525305410122157,0.06212914485165786,0.0080279232111693,0.018848167539266988,-0.019162526614620257,-0.06403136229990203,0.016678495386799108,28.426,-0.02765074227819594,28.711000000000002,-0.03730277593953542,29.429999999999996,-0.0608222901800882,30.8735,-0.10473383322266666,0.01365161218087516,0.07391252044666745,0.028611697482005514,0.070752680135836,0.051310154906903604,0.08153586345944813,0.10240219877161517,0.11998618256124528,28.311999999999998,29.259999999999998,29.826,31.049000000000003,0.05,28.311999999999998,30.085,34.094,37.214,0.2,-1.2178962202801586,-0.4500580020795729,13.475177304964603,48.63945578231293,1.7172495636998233,2,12
2024/12/12 15:00,28.04,28.43,27.4,28.1,2024-12-12 15:00:00,0.002139800285306786,0.036733238231098475,0.011768901569186816,0.02282453637660487,0.01664254703328516,-0.02129144851657938,0.014471780028943509,28.203999999999997,-0.0036874202240815366,28.688,-0.020496374790853228,29.421499999999998,-0.044916132760056314,30.99483333333333,-0.0933972866445481,0.01893238081737248,0.07363064404645267,0.025084361728644464,0.06339267062561249,0.051408719691003364,0.08140554258210246,0.10233366461185242,0.11946859947090263,28.302999999999997,29.259999999999998,29.826,31.049000000000003,0.2,28.311999999999998,30.085,34.094,37.214,0.25,-0.8945485012775283,-0.40930445816790995,22.292993630573307,30.733944954128447,1.0322039942938672,3,12
2024/12/13 15:00,28.52,28.52,26.7,26.7,2024-12-13 15:00:00,-0.06381486676016832,0.06381486676016832,0.0,0.0,-0.04982206405693956,0.01711840228245376,0.014946619217081784,27.857999999999997,-0.041567951755330526,28.578000000000003,-0.06571488557631756,29.3445,-0.09011910238715946,31.095333333333333,-0.14135025620135927,0.026200164987778,0.07016094915364358,0.02918357766288622,0.05835257155241521,0.05264797593858827,0.08065073113031074,0.10260051107005357,0.11981912620338091,28.285,29.259999999999998,29.826,31.049000000000003,0.05,28.311999999999998,30.085,34.094,37.214,0.16666666666666666,-1.675053805959107,-0.6310240803363356,17.90281329923279,23.438836612489325,1.703856942496494,4,12
2024/12/16 15:00,27.76,27.77,25.81,25.98,2024-12-16 15:00:00,-0.06412103746397699,0.07060518731988476,0.0003602305475503606,0.00612391930835741,-0.02696629213483137,-0.02664796633941091,0.039700374531835295,27.32,-0.049048316251830155,28.245000000000005,-0.08019118428040374,29.103500000000004,-0.10732386139124171,31.198500000000003,-0.16726765709889904,0.02391198189523951,0.07246504672691015,0.021572735687783715,0.0612840132545633,0.04818855857790591,0.07992059513161513,0.10248729917562005,0.11993893027978819,28.156,28.94,29.736,31.049000000000003,0.05,28.311999999999998,30.085,34.094,37.214,0.15,-1.8292646419579863,-0.7629585299679928,18.18181818181823,27.318045862412774,1.8343227665706061,0,12
2024/12/17 15:00,26.28,26.78,25.6,26.58,2024-12-17 15:00:00,0.011415525114155143,0.044901065449010645,0.007610350076103609,0.02587519025875189,0.023094688221708903,-0.053314121037464024,0.011547344110854531,27.0,-0.01555555555555562,27.933,-0.048437332187734994,28.887,-0.0798629141136152,31.330666666666666,-0.1516299259511448,0.030638886917842466,0.05563670052236404,0.023011369428552156,0.06303485703314715,0.048618709651886145,0.07984081792295492,0.10212400492139896,0.11908820454897628,28.082,28.55,29.679000000000002,30.707000000000004,0.1,28.311999999999998,30.085,34.094,37.214,0.15,-1.3254080126353562,-0.7124911125071789,25.17814726840851,33.669354838709666,1.193470319634703,1,12
2024/12/18 15:00,26.97,27.39,26.08,26.33,2024-12-18 15:00:00,-0.023730070448646667,0.04857248794957369,0.015572858731924424,0.009269558769002597,-0.009405568096312988,0.026255707762556924,0.01467268623024833,26.738,-0.015259181688982021,27.582,-0.04539192226814598,28.72,-0.08321727019498609,31.439500000000002,-0.16251848788943857,0.030317395560300036,0.0529253691419472,0.02237840706899431,0.06341894479430729,0.04797994979578069,0.07893185049673511,0.10193357584451941,0.1186930268389966,27.968,28.38,29.427,30.707000000000004,0.1,28.311999999999998,30.085,34.094,37.214,0.13333333333333333,-1.3132327198357236,-0.7826910699769621,26.70025188916874,38.47926267281106,1.2789136077122751,2,12
2024/12/19 15:00,27.81,28.14,26.76,27.04,2024-12-19 15:00:00,-0.02768788205681408,0.0496224379719525,0.011866235167206108,0.010068320747932312,0.026965438663121954,0.031145717463848754,0.05620964679073302,26.526,0.01937721480811277,27.365,-0.011876484560570047,28.669999999999998,-0.05685385420299962,31.563333333333333,-0.14330974759742318,0.03277671785355369,0.055503209090118,0.025235106465461947,0.0645669265682853,0.046969574741408227,0.0780314111571093,0.10192733837625814,0.11880304229260617,27.752000000000002,28.38,29.427,30.707000000000004,0.25,28.311999999999998,30.085,34.094,37.214,0.16666666666666666,-0.8796368904058905,-0.7102737726687446,42.75362318840578,45.711060948081254,1.3417907227615957,3,12
2024/12/20 15:00,27.36,27.44,26.06,26.07,2024-12-20 15:00:00,-0.04714912280701752,0.050438596491228165,0.002923976608187202,0.00036549707602344893,-0.03587278106508873,-0.016181229773462813,0.011834319526627229,26.4,-0.012499999999999937,27.128999999999998,-0.03903571823509888,28.358500000000003,-0.08069890861646428,31.68316666666667,-0.17716558214404077,0.028568212293026782,0.05282795503632998,0.0261639323418286,0.06149445209498676,0.03082553227798129,0.07154734873634115,0.1019168579327315,0.11869918540029183,27.46,28.255,29.24,29.909000000000002,0.1,28.311999999999998,30.085,34.094,37.214,0.1,-1.322616603598271,-0.9066796791378539,28.172043010752674,30.528846153846175,1.3149342105263182,4,12
2024/12/23 15:00,27.19,27.4,24.91,27.28,2024-12-23 15:00:00,0.003310040456050013,0.09157778595071711,0.0044133872747332634,0.08385435821993384,0.04641350210970474,-0.006213450292397615,0.04296125815113161,26.660000000000004,0.023255813953488275,26.99,0.010744720266765569,28.076999999999998,-0.028386223599387295,31.818166666666666,-0.14262816315626814,0.03265670865825143,0.057022474762496445,0.031147306126224728,0.06474376074470327,0.032747311702304924,0.07003850302940073,0.1020226892004355,0.11918169364543106,27.208000000000002,28.14,28.832,29.822,0.35,28.311999999999998,30.085,34.094,37.214,0.16666666666666666,-0.5810620203587087,-0.7564901780754134,56.50224215246639,36.76148796498908,2.498242000735563,0,12
2024/12/24 15:00,27.41,27.41,25.74,26.16,2024-12-24 15:00:00,-0.04560379423568041,0.06092666909886909,0.0,0.015322874863188679,-0.04105571847507339,0.008091210003677851,0.004765395894428116,26.576,-0.01565322095123421,26.788,-0.023443332835598032,27.8585,-0.0609688245957248,31.91283333333333,-0.18026708168605102,0.03843395032401082,0.06022759549246813,0.033083681236627256,0.057932148007416064,0.030204431724814625,0.06653775128255046,0.10195537229532019,0.11761726456130234,26.938,27.950000000000003,28.502,29.712,0.15,28.311999999999998,30.085,34.094,37.214,0.08333333333333333,-1.2997026418276167,-0.9816729224366639,51.85185185185185,31.818181818181827,1.5938416636264154,1,12
2024/12/25 15:00,26.4,27.52,26.05,26.68,2024-12-25 15:00:00,0.01060606060606065,0.055681818181818145,0.031818181818181815,0.013257575757575678,0.01987767584097866,-0.03684786574242982,0.009174311926605444,26.646000000000004,0.0012759888913906538,26.692,-0.0004495729057395645,27.701500000000003,-0.03687525946248409,32.008,-0.16645838540364916,0.039355993878427524,0.061649461538917025,0.03377432966463706,0.057287415340432093,0.030540334447609323,0.06402004773813404,0.10194648701721915,0.1151907590472798,26.694,27.72,28.36,29.349,0.3,28.311999999999998,30.085,34.094,37.214,0.11666666666666667,-0.8198338435542684,-0.9307681196465077,51.04602510460253,37.362637362637365,1.485590909090908,2,12
2024/12/26 15:00,26.65,26.75,23.91,24.34,2024-12-26 15:00:00,-0.08667917448405249,0.10656660412757973,0.0037523452157599032,0.016135084427767343,-0.08770614692653678,0.009469696969697017,-0.001124437781109488,26.106,-0.06764728414923779,26.315999999999995,-0.07508739930080544,27.502,-0.11497345647589263,32.00033333333333,-0.23938292309455103,0.05310330560455245,0.07303829477004248,0.04211637516786577,0.06427075193008022,0.034382319734030914,0.06383171127784636,0.1000841649342375,0.11351348589187574,26.65,27.46,28.255,29.349,0.05,28.311999999999998,30.085,34.094,37.214,0.016666666666666666,-2.190078640819777,-1.3358512535013125,35.51673944687046,32.32497839239413,2.5938311444652906,3,12
2024/12/27 15:00,24.55,24.71,23.34,23.65,2024-12-27 15:00:00,-0.036659877800407414,0.0558044806517312,0.006517311608961309,0.012627291242362473,-0.028348397699260564,-0.07879924953095674,0.008627773212818442,25.622000000000003,-0.07696510811021796,26.011000000000003,-0.090769289915805,27.294500000000006,-0.13352506915312634,31.826666666666668,-0.25691244239631345,0.052633843223116275,0.07411147160214308,0.04057493377042585,0.0634697133192365,0.034621960203618296,0.06091114243582586,0.08759770592828657,0.10391603235010027,26.505,27.16,28.255,29.349,0.05,28.261,29.935000000000002,33.904999999999994,37.214,0.016666666666666666,-2.1720181821203806,-1.403068135260189,25.25547445255475,29.11813643926787,1.3197759674134428,4,12
2024/12/30 15:00,24.64,24.73,23.71,24.23,2024-12-30 15:00:00,-0.016639610389610395,0.041396103896103875,0.003652597402597397,0.021103896103896087,0.02452431289640611,0.0036659877800406804,0.04186046511627916,25.012,-0.03126499280345434,25.836000000000002,-0.062161325282551534,27.040499999999998,-0.10393668756125063,31.454666666666665,-0.2296850493832393,0.04646908859177255,0.06407513519122043,0.041619686537860974,0.06054880497685842,0.032392641269571226,0.060916409115710855,0.07312230290075816,0.10161631479123637,26.279,26.869999999999997,28.124000000000002,29.259,0.1,28.221999999999998,29.83,33.667,37.153,0.03333333333333333,-1.6151190544584628,-1.2949727808402778,35.75851393188856,33.69116432700248,1.0030275974025968,0,12
2024/12/31 15:00,24.37,25.95,24.37,24.99,2024-12-31 15:00:00,0.025441116126384795,0.06483381206401306,0.039392695937628265,0.0,0.03136607511349565,-0.010957792207792139,0.005777961205117646,24.778,0.008555977076438766,25.677,-0.026755462086692418,26.805,-0.06771124790151097,30.934666666666665,-0.19216844101547348,0.05037805658735362,0.06485656378424923,0.04234142807486538,0.06254207963835866,0.033285533997277884,0.0627884683357529,0.06766731353593564,0.09850154193419927,26.133,26.689999999999998,27.778,28.724000000000004,0.2,28.156,29.759999999999998,33.12,37.105000000000004,0.06666666666666667,-1.0810720379718306,-1.2914464265329024,30.948419301164705,39.25385239253851,1.6201969634796864,1,12
2025/1/2 15:00,25.37,29.32,24.85,27.57,2025-01-02 15:00:00,0.08671659440283797,0.17619235317303897,0.06897910918407568,0.020496649586125328,0.10324129651860758,0.041034058268362816,0.015206082432973292,24.956,0.10474435005609876,25.801,0.06856323398317903,26.691499999999998,0.03291309967592689,30.620833333333334,-0.09963260307524834,0.07135984473477439,0.0889586707824934,0.0544018359587563,0.07530406616070519,0.041542684306604745,0.06936150547750623,0.06578985302395766,0.0971486074695394,26.133,26.689999999999998,27.591,28.454,0.7,28.082,29.689999999999998,32.595,36.596000000000004,0.23333333333333334,0.5729351424390918,-0.7350556563315811,59.43775100401606,48.16608996539792,4.857623176980685,3,1
2025/1/3 15:00,27.57,29.44,26.65,27.47,2025-01-03 15:00:00,-0.0036271309394269647,0.10119695321001097,0.06782734856728331,0.0297424737033007,-0.0036271309394270146,0.08671659440283808,0.0,25.582,0.07380189195528099,25.844,0.06291595728215438,26.6045,0.03253209043582842,30.425666666666668,-0.09714385880342263,0.04956583509016359,0.08788474059897963,0.053946414110033133,0.08046151768451103,0.04132784331275596,0.07251422212639816,0.06281188245789965,0.0956739376016292,26.133,26.689999999999998,27.5,28.205,0.7,28.037,29.675,32.348,36.36000000000001,0.23333333333333334,0.6057923161731608,-0.7362907967853223,55.602836879432616,52.9277566539924,2.7798803046790015,4,1
2025/1/6 15:00,28.57,30.27,28.45,29.21,2025-01-06 15:00:00,0.02240112005600282,0.06370318515925798,0.03710185509275459,0.00420021001050056,0.06334182744812522,0.036271309394269036,0.0400436840189298,26.694,0.09425339027496822,26.157999999999998,0.11667558681856424,26.6435,0.09632743445868604,30.2035,-0.03289353882828141,0.040898145992858306,0.089464481500485,0.05513739332820305,0.081787976551314,0.043378680807736054,0.07164121432315038,0.062333737782283266,0.09306131805334575,26.133,26.689999999999998,27.5,28.229,1.0,28.037,29.490000000000002,31.970999999999997,35.737,0.475,1.7219372156405883,-0.2693829605141294,87.7519379844961,61.397318278052225,1.8607700385019255,0,1
2025/1/7 15:00,29.49,29.59,25.78,25.82,2025-01-07 15:00:00,-0.12444896575110201,0.1291963377416073,0.003390979993218088,0.0013563919972871873,-0.11605614515576856,0.03220161008050404,0.009585758301951304,27.012,-0.044128535465718946,26.012,-0.007381208672920197,26.500999999999998,-0.02569714350401862,30.039333333333335,-0.14046028540358202,0.08353421012744613,0.10702452826958568,0.06683019629375511,0.08554983173040304,0.05074894818363459,0.07514679623755315,0.06064575767772269,0.09164096836224357,26.043,26.63,27.337,28.108,0.25,27.961000000000002,29.259999999999998,31.185999999999996,35.592999999999996,0.08333333333333333,-0.47918751032124646,-1.152911154824324,61.857923497267755,47.75943396226416,3.3358494404883006,1,1
2025/1/8 15:00,26.09,27.47,25.36,25.45,2025-01-08 15:00:00,-0.024530471444998106,0.08087389804522803,0.05289382905327708,0.00344959754695285,-0.014329976762199936,-0.11529331976941337,0.010457010069713384,27.103999999999996,-0.061024203069657494,25.940999999999995,-0.018927566400678317,26.3645,-0.03468679474293085,29.94983333333333,-0.15024568862375412,0.0838843344310621,0.11023254546582865,0.06568352185952125,0.08754455462503893,0.05071515578516232,0.0727383513162275,0.05812758420805287,0.09019500580462037,25.932000000000002,26.455,27.112,27.686,0.25,27.752,29.21,31.185999999999996,35.592999999999996,0.08333333333333333,-0.6617372865183957,-1.2143069656862393,56.823266219239365,47.42388758782202,2.058240705251053,2,1
2025/1/9 15:00,25.81,25.96,25.19,25.33,2025-01-09 15:00:00,-0.018597442851607922,0.029833397907787666,0.005811700891127553,0.00542425416505219,-0.004715127701375277,-0.01073208125718672,0.014145383104125714,26.656,-0.049744897959183694,25.806,-0.01844532279314898,26.249000000000002,-0.035010857556478495,29.8715,-0.15203454798051663,0.06439201463885337,0.08096075441277842,0.06528365510559975,0.08495971259763588,0.05058821712072038,0.07112356396903399,0.058043665811301534,0.08985592825059618,25.709,26.244999999999997,26.802,27.623,0.25,27.619,29.185000000000002,31.185999999999996,35.592999999999996,0.08333333333333333,-0.6726702939019416,-1.2099932958074278,52.04819277108433,44.815039417828984,0.7556799690042615,3,1
2025/1/10 15:00,25.58,26.25,25.34,26.05,2025-01-10 15:00:00,0.01837372947615334,0.03557466770914778,0.007818608287724758,0.009382329945269682,0.028424792735886495,-0.008911274699728855,0.009869719699960523,26.372000000000003,-0.01220991961170949,25.976999999999997,0.0028101782345922918,26.146500000000003,-0.0036907425468036817,29.811,-0.12616148401596725,0.06734461265860268,0.06783629731260576,0.05857093158192322,0.07786051895579268,0.050898146947183545,0.07106563544293645,0.0581524264477043,0.08953437523276772,25.709,26.115000000000002,26.686,27.48,0.45,27.54,28.915,31.185999999999996,35.592999999999996,0.15,-0.074513656349251,-0.9935061171072938,38.19875776397517,49.9384236453202,0.9267200938232997,4,1
2025/1/13 15:00,27.24,28.04,27.0,27.41,2025-01-13 15:00:00,0.0062408223201175375,0.03817914831130687,0.023127753303964722,0.008810572687224613,0.052207293666026944,0.06489444878811579,0.04568138195777342,26.012,0.053744425649700125,26.353,0.040109285470344876,26.182,0.04690245206630515,29.648666666666667,-0.0755064870820498,0.06449186362896818,0.06273148994301556,0.058497458589700325,0.07609798572175025,0.05102192877366347,0.06978384952049338,0.04836397023380095,0.07811837597003206,25.709,26.115000000000002,26.788,27.48,0.85,27.451999999999998,28.55,30.833000000000002,35.06,0.3,0.929939054056466,-0.6095441263581758,49.610389610389625,50.396583282489324,1.0464904552129213,0,1
2025/1/14 15:00,27.63,28.39,26.4,28.1,2025-01-14 15:00:00,0.01701049583785749,0.07202316322837503,0.010495837857401345,0.0445168295331162,0.02517329441809557,0.014317180616740144,0.008026267785479711,26.468,0.06165936224875326,26.74,0.05086013462976825,26.288,0.06892878880097388,29.508,-0.04771587366137989,0.026876461162258173,0.05129685504036909,0.05850778590999732,0.07916069165497737,0.05076480037979255,0.0698547483159179,0.04847953121410739,0.07591705695082406,25.709,26.244999999999997,27.112,27.623,0.95,27.451999999999998,28.38,30.611,34.722,0.425,1.3065398921925124,-0.39502812766512463,41.654135338345874,56.07769423558897,2.0238508867173386,1,1
2025/1/15 15:00,28.43,28.43,27.15,27.17,2025-01-15 15:00:00,-0.04431938093563131,0.04502286317270493,0.0,0.0007034822370736238,-0.033096085409252685,0.028954035468693462,0.011743772241992821,26.812,0.01335223034462183,26.958,0.007864084872765164,26.317500000000003,0.032392894461859945,29.377333333333336,-0.07513729405891166,0.03301593189669008,0.04412664806586448,0.060214451353989305,0.07717959676584656,0.05127326121337027,0.06986083820210261,0.04837404668649728,0.07485801810917618,25.709,26.244999999999997,27.203000000000003,27.623,0.7,27.371,28.299999999999997,30.256999999999998,34.609,0.2833333333333333,0.6090923565328742,-0.6302434607157934,66.10978520286396,51.496640195479536,1.2232711924023931,2,1
2025/1/16 15:00,26.48,27.39,26.08,26.55,2025-01-16 15:00:00,0.002643504531722065,0.04947129909365568,0.031722054380664645,0.015105740181268963,-0.022819285977180748,-0.06858951811466762,-0.02539565697460439,27.056,-0.01870195150798345,26.856,-0.011394101876675637,26.3285,0.00841293655164565,29.256500000000003,-0.09250935689504902,0.03635083623363232,0.048054228303038085,0.05103406388419885,0.06450749135790823,0.0515224706612198,0.0699057787593067,0.04826811138202804,0.07406066328737548,25.709,26.355,27.203000000000003,27.623,0.55,27.247,28.255,29.93,34.609,0.21666666666666667,0.15814750966816224,-0.7794964033481768,62.38738738738739,57.54266211604095,1.3134629909365583,3,1
2025/1/17 15:00,26.85,28.47,26.76,27.31,2025-01-17 15:00:00,0.017132216014897478,0.06368715083798872,0.04320297951582868,0.0033519553072625646,0.028625235404896365,0.013972809667673669,0.011299435028248614,27.308,7.323861139588735e-05,26.839999999999996,0.017511177347243015,26.342000000000002,0.036747399590008216,29.181166666666666,-0.06412240771730628,0.03637636722287295,0.05367672492880626,0.05196897832352481,0.060756511120706,0.0515666344563459,0.07060901440260851,0.04787953690650537,0.07384505304568,25.709,26.355,27.289,27.623,0.75,27.247,28.21,29.826,34.609,0.3333333333333333,0.6869703515174316,-0.5401195377344367,69.48818897637796,62.4320652173913,1.7392960893854719,4,1
2025/1/20 15:00,28.82,28.82,26.12,26.57,2025-01-20 15:00:00,-0.07807078417765441,0.09368494101318527,0.0,0.015614156835530857,-0.02709630172098132,0.07337057728119167,0.05529110216038087,27.140000000000004,-0.021002210759027404,26.576,-0.00022576760987357868,26.367,0.007699017711533333,29.082999999999995,-0.08640786713887821,0.030135931853080018,0.06477788346918195,0.04753161065865003,0.06375468670609873,0.05126583102381915,0.07277133162870637,0.04791002501109098,0.07369839419507158,25.709,26.560000000000002,27.289,27.623,0.55,27.131,28.14,29.736,34.609,0.23333333333333334,0.14413098342425779,-0.7277087508345351,55.09803921568628,57.86290322580645,2.4892088827203325,0,1
2025/1/21 15:00,26.98,27.18,25.67,26.08,2025-01-21 15:00:00,-0.03335804299481105,0.055967383246849446,0.007412898443291301,0.015196441808747093,-0.018441851712457713,-0.06384455239417075,0.015430937147158454,26.736,-0.024536205864751734,26.602000000000004,-0.019622584768062758,26.307,-0.008628882046603578,28.948500000000003,-0.09908976285472491,0.024743657256087997,0.06156672747287682,0.029599590816522765,0.05643179125662294,0.05036639546411305,0.07099081149351298,0.04741852682245129,0.07339716666934631,25.709,26.355,27.212,27.623,0.45,26.938,28.1,29.679000000000002,34.609,0.18333333333333332,-0.16296054273458133,-0.8413288722768345,34.27895981087468,53.73032169746748,1.4596293550778334,1,1
2025/1/22 15:00,26.5,26.9,25.5,26.08,2025-01-22 15:00:00,-0.01584905660377365,0.05283018867924523,0.015094339622641456,0.021886792452830123,0.0,-0.01779095626389915,0.016104294478527674,26.518,-0.01651708273625471,26.665,-0.02193887117944875,26.303000000000004,-0.008478120366498348,28.822999999999997,-0.09516705408874852,0.02290581677763477,0.0631281925741849,0.02909641047223681,0.05362742032002467,0.04947783033750733,0.0705859874725318,0.047392193657114244,0.07340325836017124,25.709,26.314999999999998,27.212,27.623,0.475,26.694,28.07,29.418,34.609,0.19166666666666668,-0.16002476376806604,-0.8131289877195899,21.46892655367226,43.80714879467997,1.3778113207547156,2,1
2025/1/23 15:00,26.69,27.85,25.42,25.81,2025-01-23 15:00:00,-0.032971150243537,0.09104533533158485,0.04346197077557138,0.01461221431247647,-0.010352760736196287,0.007169811320754782,0.023389570552147354,26.369999999999997,-0.021236253318164533,26.713,-0.033803765956650404,26.259500000000003,-0.017117614577581597,28.683,-0.1001638601262072,0.021518664983479846,0.07144299982177073,0.02931257783189492,0.05974861406240437,0.04933320190761678,0.07235416333002014,0.04732050868497986,0.07455750825605886,25.701999999999998,26.08,27.212,27.623,0.35,26.65,28.035,29.24,34.609,0.11666666666666667,-0.32228577133103614,-0.8653840280848181,26.38888888888883,43.196721311475414,2.349880104908205,3,1
2025/1/24 15:00,26.08,26.35,24.76,24.8,2025-01-24 15:00:00,-0.049079754601226905,0.06096625766871166,0.01035276073619644,0.001533742331288311,-0.03913211933359151,-0.02285500187336087,0.01046106160402943,25.868000000000002,-0.04128653162208139,26.588,-0.0672483827290507,26.2825,-0.05640635403785782,28.490666666666666,-0.1295394983152377,0.015057709825094485,0.07089882118791531,0.030378521726354222,0.062287773058360765,0.04588862861798895,0.07007414600707672,0.04673593162627703,0.07391130761693267,25.701999999999998,26.08,27.212,27.623,0.15,26.576999999999998,27.915,29.21,33.079,0.06666666666666667,-1.0861772382645376,-1.1529935185183446,23.241590214067244,30.77593722755013,1.5119631901840491,4,1
2025/1/27 15:00,25.83,26.67,23.89,24.34,2025-01-27 15:00:00,-0.057684862562911284,0.10762679055361987,0.03252032520325217,0.01742160278745642,-0.0185483870967742,-0.009585889570552175,0.041532258064516034,25.422,-0.042561560852804686,26.281,-0.07385563715231533,26.317,-0.07512254436295931,28.278000000000002,-0.13926020227738886,0.014379305788591366,0.07368719109600223,0.023064278969294506,0.06923253728259207,0.04559954771610635,0.07266526150217116,0.046638683484901675,0.07487243292062071,25.701999999999998,26.08,27.212,27.623,0.1,26.564,27.72,29.175,32.361,0.058333333333333334,-1.5183025153232028,-1.2958040845409613,0.0,41.33489461358314,2.6196360820751075,0,1
2025/2/5 15:00,27.14,27.14,23.57,23.91,2025-02-05 15:00:00,-0.11901252763448786,0.13154016212232866,0.0,0.012527634487840819,-0.01766639276910431,0.050716221447928866,0.1150369761709121,24.988,-0.043140707539618996,25.862000000000002,-0.07547753460675902,26.301,-0.09090909090909084,28.05116666666667,-0.14762903503716435,0.014368021550874695,0.08880174687109807,0.01912334724501517,0.07518423717198744,0.04549964439090951,0.0771724644134824,0.046607036389420514,0.07632768952484476,25.701999999999998,26.08,27.212,27.623,0.05,26.483999999999998,27.605,28.817,31.049000000000003,0.03333333333333333,-1.796721439676446,-1.4587440888947067,0.0,41.04651162790699,3.1451252763448783,2,2
2025/2/6 15:00,24.38,24.4,22.45,23.81,2025-02-06 15:00:00,-0.023379819524200176,0.0799835931091058,0.0008203445447087603,0.05578342904019686,-0.004182350480970376,-0.10169491525423735,0.019657047260560386,24.534,-0.02951006766120487,25.526,-0.06722557392462591,26.241999999999997,-0.09267586312018897,27.828333333333333,-0.14439719710127571,0.013194538756638712,0.09423242775707019,0.018398639712125513,0.07868031016562752,0.04491378423351643,0.07792995346573703,0.04660660126770425,0.07617956094304854,25.701999999999998,26.08,27.212,27.623,0.05,26.279,27.52,28.502,30.811,0.03333333333333333,-1.7182346554042558,-1.529640199598989,0.0,41.14219114219115,1.904409351927809,3,2
2025/2/7 15:00,24.11,25.35,23.16,23.27,2025-02-07 15:00:00,-0.03484031522189962,0.09083367897138123,0.05143094151804239,0.004562422231439213,-0.02267954640907177,-0.011074651353568443,0.01259974800503993,24.026,-0.03146591192874387,25.198,-0.0765140090483372,26.026999999999997,-0.10592845890805695,27.624333333333333,-0.15762673005683395,0.0125498320920626,0.09419009648502948,0.01839037186584462,0.08281654815340007,0.037714093131361426,0.07366201975565415,0.046382484467487835,0.07634836384127991,25.413999999999998,26.064999999999998,26.75,27.533,0.05,26.136,27.439999999999998,28.36,30.557000000000002,0.016666666666666666,-1.8074200889927465,-1.747229645572199,0.0,33.452380952380935,2.1136997096640413,4,2
